City,ZIP_Code,County,State
Alameda,94501,Alameda,California
Alameda,94502,Alameda,California
Fremont,94536,Alameda,California
Fremont,94537,Alameda,California
Fremont,94538,Alameda,California
Fremont,94539,Alameda,California
Hayward,94540,Alameda,California
Hayward,94541,Alameda,California
Hayward,94542,Alameda,California
Hayward,94543,Alameda,California
Hayward,94544,Alameda,California
Hayward,94545,Alameda,California
Castro Valley,94546,Alameda,California
Livermore,94550,Alameda,California
Livermore,94551,Alameda,California
Castro Valley,94552,Alameda,California
Fremont,94555,Alameda,California
Hayward,94557,Alameda,California
Newark,94560,Alameda,California
Pleasanton,94566,Alameda,California
Dublin,94568,Alameda,California
San Leandro,94577,Alameda,California
San Leandro,94578,Alameda,California
San Leandro,94579,Alameda,California
San Lorenzo,94580,Alameda,California
Sunol,94586,Alameda,California
Union City,94587,Alameda,California
Pleasanton,94588,Alameda,California
Oakland,94601,Alameda,California
Oakland,94602,Alameda,California
Oakland,94603,Alameda,California
Oakland,94604,Alameda,California
Oakland,94605,Alameda,California
Oakland,94606,Alameda,California
Oakland,94607,Alameda,California
Emeryville,94608,Alameda,California
Oakland,94609,Alameda,California
Oakland,94610,Alameda,California
Oakland,94611,Alameda,California
Oakland,94612,Alameda,California
Oakland,94613,Alameda,California
Oakland,94614,Alameda,California
Oakland,94615,Alameda,California
Oakland,94617,Alameda,California
Oakland,94618,Alameda,California
Oakland,94619,Alameda,California
Piedmont,94620,Alameda,California
Oakland,94621,Alameda,California
Oakland,94622,Alameda,California
Oakland,94623,Alameda,California
Oakland,94624,Alameda,California
Oakland,94625,Alameda,California
Oakland,94649,Alameda,California
Oakland,94659,Alameda,California
Oakland,94660,Alameda,California
Oakland,94661,Alameda,California
Emeryville,94662,Alameda,California
Oakland,94666,Alameda,California
Berkeley,94701,Alameda,California
Berkeley,94702,Alameda,California
Berkeley,94703,Alameda,California
Berkeley,94704,Alameda,California
Berkeley,94705,Alameda,California
Albany,94706,Alameda,California
Berkeley,94707,Alameda,California
Berkeley,94708,Alameda,California
Berkeley,94709,Alameda,California
Berkeley,94710,Alameda,California
Berkeley,94712,Alameda,California
Berkeley,94720,Alameda,California
Markleeville,96120,Alpine,California
South Lake Tahoe,96156,Alpine,California
Amador City,95601,Amador,California
Fiddletown,95629,Amador,California
Ione,95640,Amador,California
Jackson,95642,Amador,California
Kirkwood,95646,Amador,California
Martell,95654,Amador,California
Pine Grove,95665,Amador,California
Pioneer,95666,Amador,California
Plymouth,95669,Amador,California
River Pines,95675,Amador,California
Sutter Creek,95685,Amador,California
Volcano,95689,Amador,California
Drytown,95699,Amador,California
Bangor,95914,Butte,California
Berry Creek,95916,Butte,California
Biggs,95917,Butte,California
Chico,95926,Butte,California
Chico,95927,Butte,California
Chico,95928,Butte,California
Chico,95929,Butte,California
Clipper Mills,95930,Butte,California
Durham,95938,Butte,California
Feather Falls,95940,Butte,California
Forbestown,95941,Butte,California
Forest Ranch,95942,Butte,California
Gridley,95948,Butte,California
Magalia,95954,Butte,California
Nelson,95958,Butte,California
Oroville,95965,Butte,California
Oroville,95966,Butte,California
Paradise,95967,Butte,California
Palermo,95968,Butte,California
Paradise,95969,Butte,California
Chico,95973,Butte,California
Richvale,95974,Butte,California
Chico,95976,Butte,California
Stirling City,95978,Butte,California
Altaville,95221,Calaveras,California
Angels Camp,95222,Calaveras,California
Arnold,95223,Calaveras,California
Avery,95224,Calaveras,California
Burson,95225,Calaveras,California
Campo Seco,95226,Calaveras,California
Copperopolis,95228,Calaveras,California
Douglas Flat,95229,Calaveras,California
Glencoe,95232,Calaveras,California
Hathaway Pines,95233,Calaveras,California
Mokelumne Hill,95245,Calaveras,California
Mountain Ranch,95246,Calaveras,California
Murphys,95247,Calaveras,California
Rail Road Flat,95248,Calaveras,California
San Andreas,95249,Calaveras,California
San Andreas,95250,Calaveras,California
Vallecito,95251,Calaveras,California
Valley Springs,95252,Calaveras,California
Wallace,95254,Calaveras,California
West Point,95255,Calaveras,California
Wilseyville,95257,Calaveras,California
Arbuckle,95912,Colusa,California
Colusa,95932,Colusa,California
Grimes,95950,Colusa,California
Maxwell,95955,Colusa,California
Stonyford,95979,Colusa,California
Williams,95987,Colusa,California
Discovery Bay,94505,Contra Costa,California
Danville,94506,Contra Costa,California
Alamo,94507,Contra Costa,California
Antioch,94509,Contra Costa,California
Bethel Island,94511,Contra Costa,California
Brentwood,94513,Contra Costa,California
Byron,94514,Contra Costa,California
Canyon,94516,Contra Costa,California
Clayton,94517,Contra Costa,California
Concord,94518,Contra Costa,California
Concord,94519,Contra Costa,California
Concord,94520,Contra Costa,California
Concord,94521,Contra Costa,California
Concord,94522,Contra Costa,California
Pleasant Hill,94523,Contra Costa,California
Concord,94524,Contra Costa,California
Crockett,94525,Contra Costa,California
Danville,94526,Contra Costa,California
Concord,94527,Contra Costa,California
Diablo,94528,Contra Costa,California
Concord,94529,Contra Costa,California
El Cerrito,94530,Contra Costa,California
Antioch,94531,Contra Costa,California
Hercules,94547,Contra Costa,California
Knightsen,94548,Contra Costa,California
Lafayette,94549,Contra Costa,California
Martinez,94553,Contra Costa,California
Moraga,94556,Contra Costa,California
Oakley,94561,Contra Costa,California
Orinda,94563,Contra Costa,California
Pinole,94564,Contra Costa,California
Pittsburg,94565,Contra Costa,California
Port Costa,94569,Contra Costa,California
Moraga,94570,Contra Costa,California
Rodeo,94572,Contra Costa,California
Moraga,94575,Contra Costa,California
San Ramon,94582,Contra Costa,California
San Ramon,94583,Contra Costa,California
Walnut Creek,94595,Contra Costa,California
Walnut Creek,94596,Contra Costa,California
Walnut Creek,94597,Contra Costa,California
Walnut Creek,94598,Contra Costa,California
Richmond,94801,Contra Costa,California
Richmond,94802,Contra Costa,California
El Sobrante,94803,Contra Costa,California
Richmond,94804,Contra Costa,California
Richmond,94805,Contra Costa,California
San Pablo,94806,Contra Costa,California
Richmond,94807,Contra Costa,California
Richmond,94808,Contra Costa,California
El Sobrante,94820,Contra Costa,California
Richmond,94850,Contra Costa,California
Crescent City,95531,Del Norte,California
Crescent City,95532,Del Norte,California
Fort Dick,95538,Del Norte,California
Gasquet,95543,Del Norte,California
Klamath,95548,Del Norte,California
Smith River,95567,Del Norte,California
Coloma,95613,El Dorado,California
Cool,95614,El Dorado,California
Diamond Springs,95619,El Dorado,California
El Dorado,95623,El Dorado,California
Garden Valley,95633,El Dorado,California
Georgetown,95634,El Dorado,California
Greenwood,95635,El Dorado,California
Grizzly Flats,95636,El Dorado,California
Kit Carson,95644,El Dorado,California
Lotus,95651,El Dorado,California
Mount Aukum,95656,El Dorado,California
Pilot Hill,95664,El Dorado,California
Placerville,95667,El Dorado,California
Rescue,95672,El Dorado,California
Shingle Springs,95682,El Dorado,California
Somerset,95684,El Dorado,California
Camino,95709,El Dorado,California
Kyburz,95720,El Dorado,California
Echo Lake,95721,El Dorado,California
Pollock Pines,95726,El Dorado,California
Twin Bridges,95735,El Dorado,California
El Dorado Hills,95762,El Dorado,California
Tahoma,96142,El Dorado,California
South Lake Tahoe,96150,El Dorado,California
South Lake Tahoe,96151,El Dorado,California
South Lake Tahoe,96152,El Dorado,California
South Lake Tahoe,96154,El Dorado,California
South Lake Tahoe,96155,El Dorado,California
South Lake Tahoe,96157,El Dorado,California
South Lake Tahoe,96158,El Dorado,California
Coalinga,93210,Fresno,California
Huron,93234,Fresno,California
Laton,93242,Fresno,California
Auberry,93602,Fresno,California
Big Creek,93605,Fresno,California
Biola,93606,Fresno,California
Burrel,93607,Fresno,California
Cantua Creek,93608,Fresno,California
Caruthers,93609,Fresno,California
Clovis,93611,Fresno,California
Clovis,93612,Fresno,California
Clovis,93613,Fresno,California
Del Rey,93616,Fresno,California
Clovis,93619,Fresno,California
Dunlap,93621,Fresno,California
Firebaugh,93622,Fresno,California
Five Points,93624,Fresno,California
Fowler,93625,Fresno,California
Helm,93627,Fresno,California
Hume,93628,Fresno,California
Kerman,93630,Fresno,California
Kingsburg,93631,Fresno,California
Lakeshore,93634,Fresno,California
Mendota,93640,Fresno,California
Miramonte,93641,Fresno,California
Mono Hot Springs,93642,Fresno,California
Orange Cove,93646,Fresno,California
Parlier,93648,Fresno,California
Piedra,93649,Fresno,California
Fresno,93650,Fresno,California
Prather,93651,Fresno,California
Raisin City,93652,Fresno,California
Reedley,93654,Fresno,California
Riverdale,93656,Fresno,California
Sanger,93657,Fresno,California
San Joaquin,93660,Fresno,California
Selma,93662,Fresno,California
Shaver Lake,93664,Fresno,California
Tollhouse,93667,Fresno,California
Tranquillity,93668,Fresno,California
Squaw Valley,93675,Fresno,California
Fresno,93701,Fresno,California
Fresno,93702,Fresno,California
Fresno,93703,Fresno,California
Fresno,93704,Fresno,California
Fresno,93705,Fresno,California
Fresno,93706,Fresno,California
Fresno,93707,Fresno,California
Fresno,93708,Fresno,California
Fresno,93709,Fresno,California
Fresno,93710,Fresno,California
Fresno,93711,Fresno,California
Fresno,93712,Fresno,California
Fresno,93714,Fresno,California
Fresno,93715,Fresno,California
Fresno,93716,Fresno,California
Fresno,93717,Fresno,California
Fresno,93718,Fresno,California
Fresno,93720,Fresno,California
Fresno,93721,Fresno,California
Fresno,93722,Fresno,California
Fresno,93723,Fresno,California
Fresno,93724,Fresno,California
Fresno,93725,Fresno,California
Fresno,93726,Fresno,California
Fresno,93727,Fresno,California
Fresno,93728,Fresno,California
Fresno,93729,Fresno,California
Fresno,93730,Fresno,California
Fresno,93737,Fresno,California
Fresno,93740,Fresno,California
Fresno,93741,Fresno,California
Fresno,93744,Fresno,California
Fresno,93745,Fresno,California
Fresno,93747,Fresno,California
Fresno,93750,Fresno,California
Fresno,93755,Fresno,California
Fresno,93760,Fresno,California
Fresno,93761,Fresno,California
Fresno,93764,Fresno,California
Fresno,93765,Fresno,California
Fresno,93771,Fresno,California
Fresno,93772,Fresno,California
Fresno,93773,Fresno,California
Fresno,93774,Fresno,California
Fresno,93775,Fresno,California
Fresno,93776,Fresno,California
Fresno,93777,Fresno,California
Fresno,93778,Fresno,California
Fresno,93779,Fresno,California
Fresno,93780,Fresno,California
Fresno,93784,Fresno,California
Fresno,93786,Fresno,California
Fresno,93790,Fresno,California
Fresno,93791,Fresno,California
Fresno,93792,Fresno,California
Fresno,93793,Fresno,California
Fresno,93794,Fresno,California
Fresno,93844,Fresno,California
Fresno,93888,Fresno,California
Artois,95913,Glenn,California
Butte City,95920,Glenn,California
Elk Creek,95939,Glenn,California
Glenn,95943,Glenn,California
Hamilton City,95951,Glenn,California
Orland,95963,Glenn,California
Princeton,95970,Glenn,California
Willows,95988,Glenn,California
Eureka,95501,Humboldt,California
Eureka,95502,Humboldt,California
Eureka,95503,Humboldt,California
Alderpoint,95511,Humboldt,California
Blocksburg,95514,Humboldt,California
Arcata,95518,Humboldt,California
Mckinleyville,95519,Humboldt,California
Arcata,95521,Humboldt,California
Bayside,95524,Humboldt,California
Blue Lake,95525,Humboldt,California
Bridgeville,95526,Humboldt,California
Carlotta,95528,Humboldt,California
Cutten,95534,Humboldt,California
Ferndale,95536,Humboldt,California
Fields Landing,95537,Humboldt,California
Fortuna,95540,Humboldt,California
Garberville,95542,Humboldt,California
Honeydew,95545,Humboldt,California
Hoopa,95546,Humboldt,California
Hydesville,95547,Humboldt,California
Kneeland,95549,Humboldt,California
Korbel,95550,Humboldt,California
Loleta,95551,Humboldt,California
Miranda,95553,Humboldt,California
Myers Flat,95554,Humboldt,California
Orick,95555,Humboldt,California
Orleans,95556,Humboldt,California
Petrolia,95558,Humboldt,California
Phillipsville,95559,Humboldt,California
Redway,95560,Humboldt,California
Rio Dell,95562,Humboldt,California
Salyer,95563,Humboldt,California
Samoa,95564,Humboldt,California
Scotia,95565,Humboldt,California
Redcrest,95569,Humboldt,California
Trinidad,95570,Humboldt,California
Weott,95571,Humboldt,California
Willow Creek,95573,Humboldt,California
Whitethorn,95589,Humboldt,California
Bard,92222,Imperial,California
Brawley,92227,Imperial,California
Calexico,92231,Imperial,California
Calexico,92232,Imperial,California
Calipatria,92233,Imperial,California
El Centro,92243,Imperial,California
El Centro,92244,Imperial,California
Heber,92249,Imperial,California
Holtville,92250,Imperial,California
Imperial,92251,Imperial,California
Niland,92257,Imperial,California
Ocotillo,92259,Imperial,California
Palo Verde,92266,Imperial,California
Seeley,92273,Imperial,California
Thermal,92274,Imperial,California
Salton City,92275,Imperial,California
Westmorland,92281,Imperial,California
Winterhaven,92283,Imperial,California
Death Valley,92328,Inyo,California
Shoshone,92384,Inyo,California
Tecopa,92389,Inyo,California
Big Pine,93513,Inyo,California
Bishop,93514,Inyo,California
Bishop,93515,Inyo,California
Darwin,93522,Inyo,California
Independence,93526,Inyo,California
Keeler,93530,Inyo,California
Little Lake,93542,Inyo,California
Lone Pine,93545,Inyo,California
Olancha,93549,Inyo,California
Trona,93562,Inyo,California
Arvin,93203,Kern,California
Bodfish,93205,Kern,California
Buttonwillow,93206,Kern,California
Delano,93215,Kern,California
Delano,93216,Kern,California
Edison,93220,Kern,California
Pine Mountain Club,93222,Kern,California
Fellows,93224,Kern,California
Frazier Park,93225,Kern,California
Glennville,93226,Kern,California
Kernville,93238,Kern,California
Lake Isabella,93240,Kern,California
Lamont,93241,Kern,California
Lost Hills,93249,Kern,California
Mc Farland,93250,Kern,California
Mc Kittrick,93251,Kern,California
Maricopa,93252,Kern,California
Onyx,93255,Kern,California
Shafter,93263,Kern,California
Taft,93268,Kern,California
Tupman,93276,Kern,California
Wasco,93280,Kern,California
Weldon,93283,Kern,California
Wofford Heights,93285,Kern,California
Woody,93287,Kern,California
Bakersfield,93301,Kern,California
Bakersfield,93302,Kern,California
Bakersfield,93303,Kern,California
Bakersfield,93304,Kern,California
Bakersfield,93305,Kern,California
Bakersfield,93306,Kern,California
Bakersfield,93307,Kern,California
Bakersfield,93308,Kern,California
Bakersfield,93309,Kern,California
Bakersfield,93311,Kern,California
Bakersfield,93312,Kern,California
Bakersfield,93313,Kern,California
Bakersfield,93314,Kern,California
Bakersfield,93380,Kern,California
Bakersfield,93381,Kern,California
Bakersfield,93382,Kern,California
Bakersfield,93383,Kern,California
Bakersfield,93384,Kern,California
Bakersfield,93385,Kern,California
Bakersfield,93386,Kern,California
Bakersfield,93387,Kern,California
Bakersfield,93388,Kern,California
Bakersfield,93389,Kern,California
Bakersfield,93390,Kern,California
Mojave,93501,Kern,California
Mojave,93502,Kern,California
California City,93504,Kern,California
California City,93505,Kern,California
Boron,93516,Kern,California
Caliente,93518,Kern,California
Cantil,93519,Kern,California
Edwards,93523,Kern,California
Edwards,93524,Kern,California
Inyokern,93527,Kern,California
Johannesburg,93528,Kern,California
Keene,93531,Kern,California
Randsburg,93554,Kern,California
Ridgecrest,93555,Kern,California
Ridgecrest,93556,Kern,California
Rosamond,93560,Kern,California
Tehachapi,93561,Kern,California
Tehachapi,93581,Kern,California
Boron,93596,Kern,California
Armona,93202,Kings,California
Avenal,93204,Kings,California
Corcoran,93212,Kings,California
Hanford,93230,Kings,California
Hanford,93232,Kings,California
Kettleman City,93239,Kings,California
Lemoore,93245,Kings,California
Lemoore,93246,Kings,California
Stratford,93266,Kings,California
Clearlake,95422,Lake,California
Clearlake Oaks,95423,Lake,California
Clearlake Park,95424,Lake,California
Cobb,95426,Lake,California
Finley,95435,Lake,California
Glenhaven,95443,Lake,California
Kelseyville,95451,Lake,California
Lakeport,95453,Lake,California
Lower Lake,95457,Lake,California
Lucerne,95458,Lake,California
Middletown,95461,Lake,California
Nice,95464,Lake,California
Hidden Valley Lake,95467,Lake,California
Potter Valley,95469,Lake,California
Upper Lake,95485,Lake,California
Witter Springs,95493,Lake,California
Bieber,96009,Lassen,California
Mcarthur,96056,Lassen,California
Nubieber,96068,Lassen,California
Doyle,96109,Lassen,California
Herlong,96113,Lassen,California
Janesville,96114,Lassen,California
Litchfield,96117,Lassen,California
Madeline,96119,Lassen,California
Ravendale,96123,Lassen,California
Susanville,96127,Lassen,California
Standish,96128,Lassen,California
Susanville,96130,Lassen,California
Termo,96132,Lassen,California
Wendel,96136,Lassen,California
Westwood,96137,Lassen,California
Los Angeles,90001,Los Angeles,California
Los Angeles,90002,Los Angeles,California
Los Angeles,90003,Los Angeles,California
Los Angeles,90004,Los Angeles,California
Los Angeles,90005,Los Angeles,California
Los Angeles,90006,Los Angeles,California
Los Angeles,90007,Los Angeles,California
Los Angeles,90008,Los Angeles,California
Los Angeles,90009,Los Angeles,California
Los Angeles,90010,Los Angeles,California
Los Angeles,90011,Los Angeles,California
Los Angeles,90012,Los Angeles,California
Los Angeles,90013,Los Angeles,California
Los Angeles,90014,Los Angeles,California
Los Angeles,90015,Los Angeles,California
Los Angeles,90016,Los Angeles,California
Los Angeles,90017,Los Angeles,California
Los Angeles,90018,Los Angeles,California
Los Angeles,90019,Los Angeles,California
Los Angeles,90020,Los Angeles,California
Los Angeles,90021,Los Angeles,California
Los Angeles,90022,Los Angeles,California
Los Angeles,90023,Los Angeles,California
Los Angeles,90024,Los Angeles,California
Los Angeles,90025,Los Angeles,California
Los Angeles,90026,Los Angeles,California
Los Angeles,90027,Los Angeles,California
Los Angeles,90028,Los Angeles,California
Los Angeles,90029,Los Angeles,California
Los Angeles,90030,Los Angeles,California
Los Angeles,90031,Los Angeles,California
Los Angeles,90032,Los Angeles,California
Los Angeles,90033,Los Angeles,California
Los Angeles,90034,Los Angeles,California
Los Angeles,90035,Los Angeles,California
Los Angeles,90036,Los Angeles,California
Los Angeles,90037,Los Angeles,California
Los Angeles,90038,Los Angeles,California
Los Angeles,90039,Los Angeles,California
Los Angeles,90040,Los Angeles,California
Los Angeles,90041,Los Angeles,California
Los Angeles,90042,Los Angeles,California
Los Angeles,90043,Los Angeles,California
Los Angeles,90044,Los Angeles,California
Los Angeles,90045,Los Angeles,California
Los Angeles,90046,Los Angeles,California
Los Angeles,90047,Los Angeles,California
Los Angeles,90048,Los Angeles,California
Los Angeles,90049,Los Angeles,California
Los Angeles,90050,Los Angeles,California
Los Angeles,90051,Los Angeles,California
Los Angeles,90052,Los Angeles,California
Los Angeles,90053,Los Angeles,California
Los Angeles,90054,Los Angeles,California
Los Angeles,90055,Los Angeles,California
Los Angeles,90056,Los Angeles,California
Los Angeles,90057,Los Angeles,California
Los Angeles,90058,Los Angeles,California
Los Angeles,90059,Los Angeles,California
Los Angeles,90060,Los Angeles,California
Los Angeles,90061,Los Angeles,California
Los Angeles,90062,Los Angeles,California
Los Angeles,90063,Los Angeles,California
Los Angeles,90064,Los Angeles,California
Los Angeles,90065,Los Angeles,California
Los Angeles,90066,Los Angeles,California
Los Angeles,90067,Los Angeles,California
Los Angeles,90068,Los Angeles,California
West Hollywood,90069,Los Angeles,California
Los Angeles,90070,Los Angeles,California
Los Angeles,90071,Los Angeles,California
Los Angeles,90072,Los Angeles,California
Los Angeles,90073,Los Angeles,California
Los Angeles,90074,Los Angeles,California
Los Angeles,90075,Los Angeles,California
Los Angeles,90076,Los Angeles,California
Los Angeles,90077,Los Angeles,California
Los Angeles,90078,Los Angeles,California
Los Angeles,90079,Los Angeles,California
Los Angeles,90080,Los Angeles,California
Los Angeles,90081,Los Angeles,California
Los Angeles,90082,Los Angeles,California
Los Angeles,90083,Los Angeles,California
Los Angeles,90084,Los Angeles,California
Los Angeles,90086,Los Angeles,California
Los Angeles,90087,Los Angeles,California
Los Angeles,90088,Los Angeles,California
Los Angeles,90089,Los Angeles,California
Dodgertown,90090,Los Angeles,California
Los Angeles,90091,Los Angeles,California
Los Angeles,90093,Los Angeles,California
Playa Vista,90094,Los Angeles,California
Los Angeles,90095,Los Angeles,California
Los Angeles,90096,Los Angeles,California
Los Angeles,90099,Los Angeles,California
Los Angeles,90101,Los Angeles,California
Los Angeles,90102,Los Angeles,California
Los Angeles,90103,Los Angeles,California
Los Angeles,90189,Los Angeles,California
Bell Gardens,90201,Los Angeles,California
Bell,90202,Los Angeles,California
Beverly Hills,90209,Los Angeles,California
Beverly Hills,90210,Los Angeles,California
Beverly Hills,90211,Los Angeles,California
Beverly Hills,90212,Los Angeles,California
Beverly Hills,90213,Los Angeles,California
Compton,90220,Los Angeles,California
Compton,90221,Los Angeles,California
Compton,90222,Los Angeles,California
Compton,90223,Los Angeles,California
Compton,90224,Los Angeles,California
Culver City,90230,Los Angeles,California
Culver City,90231,Los Angeles,California
Culver City,90232,Los Angeles,California
Culver City,90233,Los Angeles,California
Downey,90239,Los Angeles,California
Downey,90240,Los Angeles,California
Downey,90241,Los Angeles,California
Downey,90242,Los Angeles,California
El Segundo,90245,Los Angeles,California
Gardena,90247,Los Angeles,California
Gardena,90248,Los Angeles,California
Gardena,90249,Los Angeles,California
Hawthorne,90250,Los Angeles,California
Hawthorne,90251,Los Angeles,California
Hermosa Beach,90254,Los Angeles,California
Huntington Park,90255,Los Angeles,California
Lawndale,90260,Los Angeles,California
Lawndale,90261,Los Angeles,California
Lynwood,90262,Los Angeles,California
Malibu,90263,Los Angeles,California
Malibu,90264,Los Angeles,California
Malibu,90265,Los Angeles,California
Manhattan Beach,90266,Los Angeles,California
Manhattan Beach,90267,Los Angeles,California
Maywood,90270,Los Angeles,California
Pacific Palisades,90272,Los Angeles,California
Palos Verdes Peninsula,90274,Los Angeles,California
Rancho Palos Verdes,90275,Los Angeles,California
Redondo Beach,90277,Los Angeles,California
Redondo Beach,90278,Los Angeles,California
South Gate,90280,Los Angeles,California
Topanga,90290,Los Angeles,California
Venice,90291,Los Angeles,California
Marina Del Rey,90292,Los Angeles,California
Playa Del Rey,90293,Los Angeles,California
Venice,90294,Los Angeles,California
Marina Del Rey,90295,Los Angeles,California
Playa Del Rey,90296,Los Angeles,California
Inglewood,90301,Los Angeles,California
Inglewood,90302,Los Angeles,California
Inglewood,90303,Los Angeles,California
Inglewood,90304,Los Angeles,California
Inglewood,90305,Los Angeles,California
Inglewood,90306,Los Angeles,California
Inglewood,90307,Los Angeles,California
Inglewood,90308,Los Angeles,California
Inglewood,90309,Los Angeles,California
Inglewood,90310,Los Angeles,California
Inglewood,90311,Los Angeles,California
Inglewood,90312,Los Angeles,California
Inglewood,90313,Los Angeles,California
Inglewood,90397,Los Angeles,California
Inglewood,90398,Los Angeles,California
Santa Monica,90401,Los Angeles,California
Santa Monica,90402,Los Angeles,California
Santa Monica,90403,Los Angeles,California
Santa Monica,90404,Los Angeles,California
Santa Monica,90405,Los Angeles,California
Santa Monica,90406,Los Angeles,California
Santa Monica,90407,Los Angeles,California
Santa Monica,90408,Los Angeles,California
Santa Monica,90409,Los Angeles,California
Santa Monica,90410,Los Angeles,California
Santa Monica,90411,Los Angeles,California
Torrance,90501,Los Angeles,California
Torrance,90502,Los Angeles,California
Torrance,90503,Los Angeles,California
Torrance,90504,Los Angeles,California
Torrance,90505,Los Angeles,California
Torrance,90506,Los Angeles,California
Torrance,90507,Los Angeles,California
Torrance,90508,Los Angeles,California
Torrance,90509,Los Angeles,California
Torrance,90510,Los Angeles,California
Whittier,90601,Los Angeles,California
Whittier,90602,Los Angeles,California
Whittier,90603,Los Angeles,California
Whittier,90604,Los Angeles,California
Whittier,90605,Los Angeles,California
Whittier,90606,Los Angeles,California
Whittier,90607,Los Angeles,California
Whittier,90608,Los Angeles,California
Whittier,90609,Los Angeles,California
Whittier,90610,Los Angeles,California
Whittier,90612,Los Angeles,California
La Mirada,90637,Los Angeles,California
La Mirada,90638,Los Angeles,California
La Mirada,90639,Los Angeles,California
Montebello,90640,Los Angeles,California
Norwalk,90650,Los Angeles,California
Norwalk,90651,Los Angeles,California
Norwalk,90652,Los Angeles,California
Norwalk,90659,Los Angeles,California
Pico Rivera,90660,Los Angeles,California
Pico Rivera,90661,Los Angeles,California
Pico Rivera,90662,Los Angeles,California
Santa Fe Springs,90670,Los Angeles,California
Santa Fe Springs,90671,Los Angeles,California
Artesia,90701,Los Angeles,California
Artesia,90702,Los Angeles,California
Cerritos,90703,Los Angeles,California
Avalon,90704,Los Angeles,California
Bellflower,90706,Los Angeles,California
Bellflower,90707,Los Angeles,California
Harbor City,90710,Los Angeles,California
Lakewood,90711,Los Angeles,California
Lakewood,90712,Los Angeles,California
Lakewood,90713,Los Angeles,California
Lakewood,90714,Los Angeles,California
Lakewood,90715,Los Angeles,California
Hawaiian Gardens,90716,Los Angeles,California
Lomita,90717,Los Angeles,California
Paramount,90723,Los Angeles,California
San Pedro,90731,Los Angeles,California
San Pedro,90732,Los Angeles,California
San Pedro,90733,Los Angeles,California
San Pedro,90734,Los Angeles,California
Wilmington,90744,Los Angeles,California
Carson,90745,Los Angeles,California
Carson,90746,Los Angeles,California
Carson,90747,Los Angeles,California
Wilmington,90748,Los Angeles,California
Carson,90749,Los Angeles,California
Signal Hill,90755,Los Angeles,California
Long Beach,90801,Los Angeles,California
Long Beach,90802,Los Angeles,California
Long Beach,90803,Los Angeles,California
Long Beach,90804,Los Angeles,California
Long Beach,90805,Los Angeles,California
Long Beach,90806,Los Angeles,California
Long Beach,90807,Los Angeles,California
Long Beach,90808,Los Angeles,California
Long Beach,90809,Los Angeles,California
Long Beach,90810,Los Angeles,California
Long Beach,90813,Los Angeles,California
Long Beach,90814,Los Angeles,California
Long Beach,90815,Los Angeles,California
Long Beach,90822,Los Angeles,California
Long Beach,90831,Los Angeles,California
Long Beach,90832,Los Angeles,California
Long Beach,90833,Los Angeles,California
Long Beach,90834,Los Angeles,California
Long Beach,90835,Los Angeles,California
Long Beach,90840,Los Angeles,California
Long Beach,90842,Los Angeles,California
Long Beach,90844,Los Angeles,California
Long Beach,90845,Los Angeles,California
Long Beach,90846,Los Angeles,California
Long Beach,90847,Los Angeles,California
Long Beach,90848,Los Angeles,California
Long Beach,90853,Los Angeles,California
Long Beach,90888,Los Angeles,California
Carson,90895,Los Angeles,California
Long Beach,90899,Los Angeles,California
Altadena,91001,Los Angeles,California
Altadena,91003,Los Angeles,California
Arcadia,91006,Los Angeles,California
Arcadia,91007,Los Angeles,California
Duarte,91008,Los Angeles,California
Duarte,91009,Los Angeles,California
Duarte,91010,Los Angeles,California
La Canada Flintridge,91011,Los Angeles,California
La Canada Flintridge,91012,Los Angeles,California
Monrovia,91016,Los Angeles,California
Monrovia,91017,Los Angeles,California
Montrose,91020,Los Angeles,California
Montrose,91021,Los Angeles,California
Mount Wilson,91023,Los Angeles,California
Sierra Madre,91024,Los Angeles,California
Sierra Madre,91025,Los Angeles,California
South Pasadena,91030,Los Angeles,California
South Pasadena,91031,Los Angeles,California
Sunland,91040,Los Angeles,California
Sunland,91041,Los Angeles,California
Tujunga,91042,Los Angeles,California
Tujunga,91043,Los Angeles,California
Verdugo City,91046,Los Angeles,California
Arcadia,91066,Los Angeles,California
Arcadia,91077,Los Angeles,California
Pasadena,91101,Los Angeles,California
Pasadena,91102,Los Angeles,California
Pasadena,91103,Los Angeles,California
Pasadena,91104,Los Angeles,California
Pasadena,91105,Los Angeles,California
Pasadena,91106,Los Angeles,California
Pasadena,91107,Los Angeles,California
San Marino,91108,Los Angeles,California
Pasadena,91109,Los Angeles,California
Pasadena,91110,Los Angeles,California
Pasadena,91114,Los Angeles,California
Pasadena,91115,Los Angeles,California
Pasadena,91116,Los Angeles,California
Pasadena,91117,Los Angeles,California
San Marino,91118,Los Angeles,California
Pasadena,91121,Los Angeles,California
Pasadena,91123,Los Angeles,California
Pasadena,91124,Los Angeles,California
Pasadena,91125,Los Angeles,California
Pasadena,91126,Los Angeles,California
Pasadena,91129,Los Angeles,California
Pasadena,91131,Los Angeles,California
Pasadena,91182,Los Angeles,California
Pasadena,91184,Los Angeles,California
Pasadena,91185,Los Angeles,California
Pasadena,91188,Los Angeles,California
Pasadena,91189,Los Angeles,California
Pasadena,91191,Los Angeles,California
Pasadena,91199,Los Angeles,California
Glendale,91201,Los Angeles,California
Glendale,91202,Los Angeles,California
Glendale,91203,Los Angeles,California
Glendale,91204,Los Angeles,California
Glendale,91205,Los Angeles,California
Glendale,91206,Los Angeles,California
Glendale,91207,Los Angeles,California
Glendale,91208,Los Angeles,California
Glendale,91209,Los Angeles,California
Glendale,91210,Los Angeles,California
La Crescenta,91214,Los Angeles,California
Glendale,91221,Los Angeles,California
Glendale,91222,Los Angeles,California
La Crescenta,91224,Los Angeles,California
Glendale,91225,Los Angeles,California
Glendale,91226,Los Angeles,California
Agoura Hills,91301,Los Angeles,California
Calabasas,91302,Los Angeles,California
Canoga Park,91303,Los Angeles,California
Canoga Park,91304,Los Angeles,California
Canoga Park,91305,Los Angeles,California
Winnetka,91306,Los Angeles,California
West Hills,91307,Los Angeles,California
West Hills,91308,Los Angeles,California
Canoga Park,91309,Los Angeles,California
Castaic,91310,Los Angeles,California
Chatsworth,91311,Los Angeles,California
Chatsworth,91313,Los Angeles,California
Encino,91316,Los Angeles,California
Newhall,91321,Los Angeles,California
Newhall,91322,Los Angeles,California
Northridge,91324,Los Angeles,California
Northridge,91325,Los Angeles,California
Porter Ranch,91326,Los Angeles,California
Northridge,91327,Los Angeles,California
Northridge,91328,Los Angeles,California
Northridge,91329,Los Angeles,California
Northridge,91330,Los Angeles,California
Pacoima,91331,Los Angeles,California
Pacoima,91333,Los Angeles,California
Pacoima,91334,Los Angeles,California
Reseda,91335,Los Angeles,California
Reseda,91337,Los Angeles,California
San Fernando,91340,Los Angeles,California
San Fernando,91341,Los Angeles,California
Sylmar,91342,Los Angeles,California
North Hills,91343,Los Angeles,California
Granada Hills,91344,Los Angeles,California
Mission Hills,91345,Los Angeles,California
Mission Hills,91346,Los Angeles,California
Santa Clarita,91350,Los Angeles,California
Canyon Country,91351,Los Angeles,California
Sun Valley,91352,Los Angeles,California
Sun Valley,91353,Los Angeles,California
Valencia,91354,Los Angeles,California
Valencia,91355,Los Angeles,California
Tarzana,91356,Los Angeles,California
Tarzana,91357,Los Angeles,California
Westlake Village,91359,Los Angeles,California
Thousand Oaks,91363,Los Angeles,California
Woodland Hills,91364,Los Angeles,California
Woodland Hills,91365,Los Angeles,California
Woodland Hills,91367,Los Angeles,California
Woodland Hills,91371,Los Angeles,California
Calabasas,91372,Los Angeles,California
Agoura Hills,91376,Los Angeles,California
Santa Clarita,91380,Los Angeles,California
Stevenson Ranch,91381,Los Angeles,California
Santa Clarita,91382,Los Angeles,California
Santa Clarita,91383,Los Angeles,California
Castaic,91384,Los Angeles,California
Valencia,91385,Los Angeles,California
Canyon Country,91386,Los Angeles,California
Canyon Country,91387,Los Angeles,California
Van Nuys,91388,Los Angeles,California
Santa Clarita,91390,Los Angeles,California
Sylmar,91392,Los Angeles,California
North Hills,91393,Los Angeles,California
Granada Hills,91394,Los Angeles,California
Mission Hills,91395,Los Angeles,California
Winnetka,91396,Los Angeles,California
Woodland Hills,91399,Los Angeles,California
Van Nuys,91401,Los Angeles,California
Panorama City,91402,Los Angeles,California
Sherman Oaks,91403,Los Angeles,California
Van Nuys,91404,Los Angeles,California
Van Nuys,91405,Los Angeles,California
Van Nuys,91406,Los Angeles,California
Van Nuys,91407,Los Angeles,California
Van Nuys,91408,Los Angeles,California
Van Nuys,91409,Los Angeles,California
Van Nuys,91410,Los Angeles,California
Van Nuys,91411,Los Angeles,California
Panorama City,91412,Los Angeles,California
Sherman Oaks,91413,Los Angeles,California
Encino,91416,Los Angeles,California
Sherman Oaks,91423,Los Angeles,California
Encino,91426,Los Angeles,California
Encino,91436,Los Angeles,California
Van Nuys,91470,Los Angeles,California
Van Nuys,91482,Los Angeles,California
Sherman Oaks,91495,Los Angeles,California
Van Nuys,91496,Los Angeles,California
Van Nuys,91497,Los Angeles,California
Van Nuys,91499,Los Angeles,California
Burbank,91501,Los Angeles,California
Burbank,91502,Los Angeles,California
Burbank,91503,Los Angeles,California
Burbank,91504,Los Angeles,California
Burbank,91505,Los Angeles,California
Burbank,91506,Los Angeles,California
Burbank,91507,Los Angeles,California
Burbank,91508,Los Angeles,California
Burbank,91510,Los Angeles,California
Burbank,91521,Los Angeles,California
Burbank,91522,Los Angeles,California
Burbank,91523,Los Angeles,California
Burbank,91526,Los Angeles,California
North Hollywood,91601,Los Angeles,California
North Hollywood,91602,Los Angeles,California
North Hollywood,91603,Los Angeles,California
Studio City,91604,Los Angeles,California
North Hollywood,91605,Los Angeles,California
North Hollywood,91606,Los Angeles,California
Valley Village,91607,Los Angeles,California
Universal City,91608,Los Angeles,California
North Hollywood,91609,Los Angeles,California
Toluca Lake,91610,Los Angeles,California
North Hollywood,91611,Los Angeles,California
North Hollywood,91612,Los Angeles,California
Studio City,91614,Los Angeles,California
North Hollywood,91615,Los Angeles,California
North Hollywood,91616,Los Angeles,California
Valley Village,91617,Los Angeles,California
North Hollywood,91618,Los Angeles,California
Azusa,91702,Los Angeles,California
Baldwin Park,91706,Los Angeles,California
Claremont,91711,Los Angeles,California
City Of Industry,91714,Los Angeles,California
City Of Industry,91715,Los Angeles,California
City Of Industry,91716,Los Angeles,California
Covina,91722,Los Angeles,California
Covina,91723,Los Angeles,California
Covina,91724,Los Angeles,California
El Monte,91731,Los Angeles,California
El Monte,91732,Los Angeles,California
South El Monte,91733,Los Angeles,California
El Monte,91734,Los Angeles,California
El Monte,91735,Los Angeles,California
Glendora,91740,Los Angeles,California
Glendora,91741,Los Angeles,California
La Puente,91744,Los Angeles,California
Hacienda Heights,91745,Los Angeles,California
La Puente,91746,Los Angeles,California
La Puente,91747,Los Angeles,California
Rowland Heights,91748,Los Angeles,California
La Puente,91749,Los Angeles,California
La Verne,91750,Los Angeles,California
Monterey Park,91754,Los Angeles,California
Monterey Park,91755,Los Angeles,California
Monterey Park,91756,Los Angeles,California
Diamond Bar,91765,Los Angeles,California
Pomona,91766,Los Angeles,California
Pomona,91767,Los Angeles,California
Pomona,91768,Los Angeles,California
Pomona,91769,Los Angeles,California
Rosemead,91770,Los Angeles,California
Rosemead,91771,Los Angeles,California
Rosemead,91772,Los Angeles,California
San Dimas,91773,Los Angeles,California
San Gabriel,91775,Los Angeles,California
San Gabriel,91776,Los Angeles,California
San Gabriel,91778,Los Angeles,California
Temple City,91780,Los Angeles,California
Walnut,91788,Los Angeles,California
Walnut,91789,Los Angeles,California
West Covina,91790,Los Angeles,California
West Covina,91791,Los Angeles,California
West Covina,91792,Los Angeles,California
West Covina,91793,Los Angeles,California
Walnut,91795,Los Angeles,California
Pomona,91797,Los Angeles,California
Pomona,91799,Los Angeles,California
Alhambra,91801,Los Angeles,California
Alhambra,91802,Los Angeles,California
Alhambra,91803,Los Angeles,California
Alhambra,91804,Los Angeles,California
Alhambra,91841,Los Angeles,California
Alhambra,91896,Los Angeles,California
Alhambra,91899,Los Angeles,California
Lebec,93243,Los Angeles,California
Acton,93510,Los Angeles,California
Lake Hughes,93532,Los Angeles,California
Lancaster,93534,Los Angeles,California
Lancaster,93535,Los Angeles,California
Lancaster,93536,Los Angeles,California
Lancaster,93539,Los Angeles,California
Littlerock,93543,Los Angeles,California
Llano,93544,Los Angeles,California
Palmdale,93550,Los Angeles,California
Palmdale,93551,Los Angeles,California
Palmdale,93552,Los Angeles,California
Pearblossom,93553,Los Angeles,California
Valyermo,93563,Los Angeles,California
Lancaster,93584,Los Angeles,California
Lancaster,93586,Los Angeles,California
Palmdale,93590,Los Angeles,California
Palmdale,93591,Los Angeles,California
Palmdale,93599,Los Angeles,California
Ahwahnee,93601,Madera,California
Bass Lake,93604,Madera,California
Chowchilla,93610,Madera,California
Coarsegold,93614,Madera,California
Friant,93626,Madera,California
Madera,93636,Madera,California
Madera,93637,Madera,California
Madera,93638,Madera,California
Madera,93639,Madera,California
North Fork,93643,Madera,California
Oakhurst,93644,Madera,California
O Neals,93645,Madera,California
Raymond,93653,Madera,California
Wishon,93669,Madera,California
San Rafael,94901,Marin,California
San Rafael,94903,Marin,California
Greenbrae,94904,Marin,California
San Rafael,94912,Marin,California
San Rafael,94913,Marin,California
Kentfield,94914,Marin,California
San Rafael,94915,Marin,California
Belvedere Tiburon,94920,Marin,California
Bolinas,94924,Marin,California
Corte Madera,94925,Marin,California
Dillon Beach,94929,Marin,California
Fairfax,94930,Marin,California
Forest Knolls,94933,Marin,California
Inverness,94937,Marin,California
Lagunitas,94938,Marin,California
Larkspur,94939,Marin,California
Marshall,94940,Marin,California
Mill Valley,94941,Marin,California
Mill Valley,94942,Marin,California
Novato,94945,Marin,California
Nicasio,94946,Marin,California
Novato,94947,Marin,California
Novato,94948,Marin,California
Novato,94949,Marin,California
Olema,94950,Marin,California
Point Reyes Station,94956,Marin,California
Ross,94957,Marin,California
San Anselmo,94960,Marin,California
San Geronimo,94963,Marin,California
San Quentin,94964,Marin,California
Sausalito,94965,Marin,California
Sausalito,94966,Marin,California
Stinson Beach,94970,Marin,California
Tomales,94971,Marin,California
Woodacre,94973,Marin,California
San Quentin,94974,Marin,California
Corte Madera,94976,Marin,California
Larkspur,94977,Marin,California
Fairfax,94978,Marin,California
San Anselmo,94979,Marin,California
Novato,94998,Marin,California
Fish Camp,93623,Mariposa,California
Catheys Valley,95306,Mariposa,California
Coulterville,95311,Mariposa,California
El Portal,95318,Mariposa,California
Hornitos,95325,Mariposa,California
La Grange,95329,Mariposa,California
Mariposa,95338,Mariposa,California
Midpines,95345,Mariposa,California
Yosemite National Park,95389,Mariposa,California
Albion,95410,Mendocino,California
Boonville,95415,Mendocino,California
Branscomb,95417,Mendocino,California
Calpella,95418,Mendocino,California
Caspar,95420,Mendocino,California
Comptche,95427,Mendocino,California
Covelo,95428,Mendocino,California
Dos Rios,95429,Mendocino,California
Elk,95432,Mendocino,California
Fort Bragg,95437,Mendocino,California
Gualala,95445,Mendocino,California
Hopland,95449,Mendocino,California
Laytonville,95454,Mendocino,California
Little River,95456,Mendocino,California
Manchester,95459,Mendocino,California
Mendocino,95460,Mendocino,California
Navarro,95463,Mendocino,California
Philo,95466,Mendocino,California
Point Arena,95468,Mendocino,California
Redwood Valley,95470,Mendocino,California
Talmage,95481,Mendocino,California
Ukiah,95482,Mendocino,California
Westport,95488,Mendocino,California
Willits,95490,Mendocino,California
Yorkville,95494,Mendocino,California
Leggett,95585,Mendocino,California
Piercy,95587,Mendocino,California
Dos Palos,93620,Merced,California
Los Banos,93635,Merced,California
Santa Rita Park,93661,Merced,California
South Dos Palos,93665,Merced,California
Atwater,95301,Merced,California
Ballico,95303,Merced,California
Cressey,95312,Merced,California
Delhi,95315,Merced,California
El Nido,95317,Merced,California
Gustine,95322,Merced,California
Hilmar,95324,Merced,California
Le Grand,95333,Merced,California
Livingston,95334,Merced,California
Merced,95340,Merced,California
Merced,95341,Merced,California
Merced,95343,Merced,California
Merced,95344,Merced,California
Merced,95348,Merced,California
Planada,95365,Merced,California
Snelling,95369,Merced,California
Stevinson,95374,Merced,California
Winton,95388,Merced,California
Adin,96006,Modoc,California
Canby,96015,Modoc,California
Lookout,96054,Modoc,California
Alturas,96101,Modoc,California
Cedarville,96104,Modoc,California
Davis Creek,96108,Modoc,California
Eagleville,96110,Modoc,California
Fort Bidwell,96112,Modoc,California
Lake City,96115,Modoc,California
Likely,96116,Modoc,California
Benton,93512,Mono,California
Bridgeport,93517,Mono,California
June Lake,93529,Mono,California
Lee Vining,93541,Mono,California
Mammoth Lakes,93546,Mono,California
Coleville,96107,Mono,California
Topaz,96133,Mono,California
Bradley,93426,Monterey,California
San Ardo,93450,Monterey,California
Salinas,93901,Monterey,California
Salinas,93902,Monterey,California
Salinas,93905,Monterey,California
Salinas,93906,Monterey,California
Salinas,93907,Monterey,California
Salinas,93908,Monterey,California
Salinas,93912,Monterey,California
Salinas,93915,Monterey,California
Big Sur,93920,Monterey,California
Carmel By The Sea,93921,Monterey,California
Carmel,93922,Monterey,California
Carmel,93923,Monterey,California
Carmel Valley,93924,Monterey,California
Chualar,93925,Monterey,California
Gonzales,93926,Monterey,California
Greenfield,93927,Monterey,California
Jolon,93928,Monterey,California
King City,93930,Monterey,California
Lockwood,93932,Monterey,California
Marina,93933,Monterey,California
Monterey,93940,Monterey,California
Monterey,93942,Monterey,California
Monterey,93943,Monterey,California
Monterey,93944,Monterey,California
Pacific Grove,93950,Monterey,California
Pebble Beach,93953,Monterey,California
San Lucas,93954,Monterey,California
Seaside,93955,Monterey,California
Soledad,93960,Monterey,California
Spreckels,93962,Monterey,California
Aromas,95004,Monterey,California
Castroville,95012,Monterey,California
Moss Landing,95039,Monterey,California
American Canyon,94503,Napa,California
Angwin,94508,Napa,California
Calistoga,94515,Napa,California
Napa,94558,Napa,California
Napa,94559,Napa,California
Oakville,94562,Napa,California
Pope Valley,94567,Napa,California
Rutherford,94573,Napa,California
Saint Helena,94574,Napa,California
Deer Park,94576,Napa,California
Napa,94581,Napa,California
Yountville,94599,Napa,California
Chicago Park,95712,Nevada,California
Soda Springs,95728,Nevada,California
Cedar Ridge,95924,Nevada,California
Grass Valley,95945,Nevada,California
Penn Valley,95946,Nevada,California
Grass Valley,95949,Nevada,California
Nevada City,95959,Nevada,California
North San Juan,95960,Nevada,California
Rough And Ready,95975,Nevada,California
Washington,95986,Nevada,California
Floriston,96111,Nevada,California
Truckee,96160,Nevada,California
Truckee,96161,Nevada,California
Buena Park,90620,Orange,California
Buena Park,90621,Orange,California
Buena Park,90622,Orange,California
La Palma,90623,Orange,California
Buena Park,90624,Orange,California
Cypress,90630,Orange,California
La Habra,90631,Orange,California
La Habra,90632,Orange,California
La Habra,90633,Orange,California
Stanton,90680,Orange,California
Los Alamitos,90720,Orange,California
Los Alamitos,90721,Orange,California
Seal Beach,90740,Orange,California
Sunset Beach,90742,Orange,California
Surfside,90743,Orange,California
Irvine,92602,Orange,California
Irvine,92603,Orange,California
Irvine,92604,Orange,California
Huntington Beach,92605,Orange,California
Irvine,92606,Orange,California
Laguna Niguel,92607,Orange,California
El Toro,92609,Orange,California
Foothill Ranch,92610,Orange,California
Irvine,92612,Orange,California
Irvine,92614,Orange,California
Huntington Beach,92615,Orange,California
Irvine,92616,Orange,California
Irvine,92617,Orange,California
Irvine,92618,Orange,California
Irvine,92619,Orange,California
Irvine,92620,Orange,California
Irvine,92623,Orange,California
Capistrano Beach,92624,Orange,California
Corona Del Mar,92625,Orange,California
Costa Mesa,92626,Orange,California
Costa Mesa,92627,Orange,California
Costa Mesa,92628,Orange,California
Dana Point,92629,Orange,California
Lake Forest,92630,Orange,California
Laguna Woods,92637,Orange,California
Huntington Beach,92646,Orange,California
Huntington Beach,92647,Orange,California
Huntington Beach,92648,Orange,California
Huntington Beach,92649,Orange,California
East Irvine,92650,Orange,California
Laguna Beach,92651,Orange,California
Laguna Beach,92652,Orange,California
Laguna Hills,92653,Orange,California
Laguna Hills,92654,Orange,California
Midway City,92655,Orange,California
Aliso Viejo,92656,Orange,California
Newport Coast,92657,Orange,California
Newport Beach,92658,Orange,California
Newport Beach,92659,Orange,California
Newport Beach,92660,Orange,California
Newport Beach,92661,Orange,California
Newport Beach,92662,Orange,California
Newport Beach,92663,Orange,California
San Clemente,92672,Orange,California
San Clemente,92673,Orange,California
San Clemente,92674,Orange,California
San Juan Capistrano,92675,Orange,California
Silverado,92676,Orange,California
Laguna Niguel,92677,Orange,California
Trabuco Canyon,92678,Orange,California
Trabuco Canyon,92679,Orange,California
Westminster,92683,Orange,California
Westminster,92684,Orange,California
Westminster,92685,Orange,California
Rancho Santa Margarita,92688,Orange,California
Mission Viejo,92690,Orange,California
Mission Viejo,92691,Orange,California
Mission Viejo,92692,Orange,California
San Juan Capistrano,92693,Orange,California
Ladera Ranch,92694,Orange,California
Irvine,92697,Orange,California
Aliso Viejo,92698,Orange,California
Santa Ana,92701,Orange,California
Santa Ana,92702,Orange,California
Santa Ana,92703,Orange,California
Santa Ana,92704,Orange,California
Santa Ana,92705,Orange,California
Santa Ana,92706,Orange,California
Santa Ana,92707,Orange,California
Fountain Valley,92708,Orange,California
Irvine,92709,Orange,California
Irvine,92710,Orange,California
Santa Ana,92711,Orange,California
Santa Ana,92712,Orange,California
Santa Ana,92725,Orange,California
Fountain Valley,92728,Orange,California
Santa Ana,92735,Orange,California
Tustin,92780,Orange,California
Tustin,92781,Orange,California
Tustin,92782,Orange,California
Santa Ana,92799,Orange,California
Anaheim,92801,Orange,California
Anaheim,92802,Orange,California
Anaheim,92803,Orange,California
Anaheim,92804,Orange,California
Anaheim,92805,Orange,California
Anaheim,92806,Orange,California
Anaheim,92807,Orange,California
Anaheim,92808,Orange,California
Anaheim,92809,Orange,California
Atwood,92811,Orange,California
Anaheim,92812,Orange,California
Anaheim,92814,Orange,California
Anaheim,92815,Orange,California
Anaheim,92816,Orange,California
Anaheim,92817,Orange,California
Brea,92821,Orange,California
Brea,92822,Orange,California
Brea,92823,Orange,California
Anaheim,92825,Orange,California
Fullerton,92831,Orange,California
Fullerton,92832,Orange,California
Fullerton,92833,Orange,California
Fullerton,92834,Orange,California
Fullerton,92835,Orange,California
Fullerton,92836,Orange,California
Fullerton,92837,Orange,California
Fullerton,92838,Orange,California
Garden Grove,92840,Orange,California
Garden Grove,92841,Orange,California
Garden Grove,92842,Orange,California
Garden Grove,92843,Orange,California
Garden Grove,92844,Orange,California
Garden Grove,92845,Orange,California
Garden Grove,92846,Orange,California
Anaheim,92850,Orange,California
Orange,92856,Orange,California
Orange,92857,Orange,California
Orange,92859,Orange,California
Villa Park,92861,Orange,California
Orange,92862,Orange,California
Orange,92863,Orange,California
Orange,92864,Orange,California
Orange,92865,Orange,California
Orange,92866,Orange,California
Orange,92867,Orange,California
Orange,92868,Orange,California
Orange,92869,Orange,California
Placentia,92870,Orange,California
Placentia,92871,Orange,California
Yorba Linda,92885,Orange,California
Yorba Linda,92886,Orange,California
Yorba Linda,92887,Orange,California
Anaheim,92899,Orange,California
Auburn,95602,Placer,California
Auburn,95603,Placer,California
Auburn,95604,Placer,California
Foresthill,95631,Placer,California
Lincoln,95648,Placer,California
Loomis,95650,Placer,California
Newcastle,95658,Placer,California
Roseville,95661,Placer,California
Penryn,95663,Placer,California
Rocklin,95677,Placer,California
Roseville,95678,Placer,California
Sheridan,95681,Placer,California
Alta,95701,Placer,California
Applegate,95703,Placer,California
Colfax,95713,Placer,California
Dutch Flat,95714,Placer,California
Emigrant Gap,95715,Placer,California
Gold Run,95717,Placer,California
Meadow Vista,95722,Placer,California
Norden,95724,Placer,California
Weimar,95736,Placer,California
Granite Bay,95746,Placer,California
Roseville,95747,Placer,California
Rocklin,95765,Placer,California
Carnelian Bay,96140,Placer,California
Homewood,96141,Placer,California
Kings Beach,96143,Placer,California
Tahoe City,96145,Placer,California
Olympic Valley,96146,Placer,California
Tahoe Vista,96148,Placer,California
Truckee,96162,Placer,California
Belden,95915,Plumas,California
Canyon Dam,95923,Plumas,California
Crescent Mills,95934,Plumas,California
Greenville,95947,Plumas,California
Meadow Valley,95956,Plumas,California
Quincy,95971,Plumas,California
Storrie,95980,Plumas,California
Strawberry Valley,95981,Plumas,California
Taylorsville,95983,Plumas,California
Twain,95984,Plumas,California
Chester,96020,Plumas,California
Blairsden-graeagle,96103,Plumas,California
Chilcoot,96105,Plumas,California
Clio,96106,Plumas,California
Milford,96121,Plumas,California
Portola,96122,Plumas,California
Beckwourth,96129,Plumas,California
Vinton,96135,Plumas,California
Mira Loma,91752,Riverside,California
Indio,92201,Riverside,California
Indio,92202,Riverside,California
Indio,92203,Riverside,California
Indian Wells,92210,Riverside,California
Palm Desert,92211,Riverside,California
Banning,92220,Riverside,California
Beaumont,92223,Riverside,California
Blythe,92225,Riverside,California
Blythe,92226,Riverside,California
Cabazon,92230,Riverside,California
Cathedral City,92234,Riverside,California
Cathedral City,92235,Riverside,California
Coachella,92236,Riverside,California
Desert Center,92239,Riverside,California
Desert Hot Springs,92240,Riverside,California
Desert Hot Springs,92241,Riverside,California
La Quinta,92247,Riverside,California
La Quinta,92248,Riverside,California
La Quinta,92253,Riverside,California
Mecca,92254,Riverside,California
Palm Desert,92255,Riverside,California
North Palm Springs,92258,Riverside,California
Palm Desert,92260,Riverside,California
Palm Desert,92261,Riverside,California
Palm Springs,92262,Riverside,California
Palm Springs,92263,Riverside,California
Palm Springs,92264,Riverside,California
Rancho Mirage,92270,Riverside,California
Thousand Palms,92276,Riverside,California
Whitewater,92282,Riverside,California
Palm Springs,92292,Riverside,California
Calimesa,92320,Riverside,California
Riverside,92501,Riverside,California
Riverside,92502,Riverside,California
Riverside,92503,Riverside,California
Riverside,92504,Riverside,California
Riverside,92505,Riverside,California
Riverside,92506,Riverside,California
Riverside,92507,Riverside,California
Riverside,92508,Riverside,California
Riverside,92509,Riverside,California
Riverside,92513,Riverside,California
Riverside,92514,Riverside,California
Riverside,92515,Riverside,California
Riverside,92516,Riverside,California
Riverside,92517,Riverside,California
March Air Reserve Base,92518,Riverside,California
Riverside,92519,Riverside,California
Riverside,92521,Riverside,California
Riverside,92522,Riverside,California
Lake Elsinore,92530,Riverside,California
Lake Elsinore,92531,Riverside,California
Lake Elsinore,92532,Riverside,California
Aguanga,92536,Riverside,California
Anza,92539,Riverside,California
Hemet,92543,Riverside,California
Hemet,92544,Riverside,California
Hemet,92545,Riverside,California
Hemet,92546,Riverside,California
Homeland,92548,Riverside,California
Idyllwild,92549,Riverside,California
Moreno Valley,92551,Riverside,California
Moreno Valley,92552,Riverside,California
Moreno Valley,92553,Riverside,California
Moreno Valley,92554,Riverside,California
Moreno Valley,92555,Riverside,California
Moreno Valley,92556,Riverside,California
Moreno Valley,92557,Riverside,California
Mountain Center,92561,Riverside,California
Murrieta,92562,Riverside,California
Murrieta,92563,Riverside,California
Murrieta,92564,Riverside,California
Nuevo,92567,Riverside,California
Perris,92570,Riverside,California
Perris,92571,Riverside,California
Perris,92572,Riverside,California
San Jacinto,92581,Riverside,California
San Jacinto,92582,Riverside,California
San Jacinto,92583,Riverside,California
Menifee,92584,Riverside,California
Sun City,92585,Riverside,California
Sun City,92586,Riverside,California
Sun City,92587,Riverside,California
Temecula,92589,Riverside,California
Temecula,92590,Riverside,California
Temecula,92591,Riverside,California
Temecula,92592,Riverside,California
Temecula,92593,Riverside,California
Wildomar,92595,Riverside,California
Winchester,92596,Riverside,California
Perris,92599,Riverside,California
Norco,92860,Riverside,California
Corona,92877,Riverside,California
Corona,92878,Riverside,California
Corona,92879,Riverside,California
Corona,92880,Riverside,California
Corona,92881,Riverside,California
Corona,92882,Riverside,California
Corona,92883,Riverside,California
Sacramento,94203,Sacramento,California
Sacramento,94204,Sacramento,California
Sacramento,94205,Sacramento,California
Sacramento,94206,Sacramento,California
Sacramento,94207,Sacramento,California
Sacramento,94208,Sacramento,California
Sacramento,94209,Sacramento,California
Sacramento,94211,Sacramento,California
Sacramento,94229,Sacramento,California
Sacramento,94230,Sacramento,California
Sacramento,94232,Sacramento,California
Sacramento,94234,Sacramento,California
Sacramento,94235,Sacramento,California
Sacramento,94236,Sacramento,California
Sacramento,94237,Sacramento,California
Sacramento,94239,Sacramento,California
Sacramento,94240,Sacramento,California
Sacramento,94244,Sacramento,California
Sacramento,94245,Sacramento,California
Sacramento,94246,Sacramento,California
Sacramento,94247,Sacramento,California
Sacramento,94248,Sacramento,California
Sacramento,94249,Sacramento,California
Sacramento,94250,Sacramento,California
Sacramento,94252,Sacramento,California
Sacramento,94254,Sacramento,California
Sacramento,94256,Sacramento,California
Sacramento,94257,Sacramento,California
Sacramento,94258,Sacramento,California
Sacramento,94259,Sacramento,California
Sacramento,94261,Sacramento,California
Sacramento,94262,Sacramento,California
Sacramento,94263,Sacramento,California
Sacramento,94267,Sacramento,California
Sacramento,94268,Sacramento,California
Sacramento,94269,Sacramento,California
Sacramento,94271,Sacramento,California
Sacramento,94273,Sacramento,California
Sacramento,94274,Sacramento,California
Sacramento,94277,Sacramento,California
Sacramento,94278,Sacramento,California
Sacramento,94279,Sacramento,California
Sacramento,94280,Sacramento,California
Sacramento,94282,Sacramento,California
Sacramento,94283,Sacramento,California
Sacramento,94284,Sacramento,California
Sacramento,94285,Sacramento,California
Sacramento,94286,Sacramento,California
Sacramento,94287,Sacramento,California
Sacramento,94288,Sacramento,California
Sacramento,94289,Sacramento,California
Sacramento,94290,Sacramento,California
Sacramento,94291,Sacramento,California
Sacramento,94293,Sacramento,California
Sacramento,94294,Sacramento,California
Sacramento,94295,Sacramento,California
Sacramento,94296,Sacramento,California
Sacramento,94297,Sacramento,California
Sacramento,94298,Sacramento,California
Sacramento,94299,Sacramento,California
Carmichael,95608,Sacramento,California
Carmichael,95609,Sacramento,California
Citrus Heights,95610,Sacramento,California
Citrus Heights,95611,Sacramento,California
Courtland,95615,Sacramento,California
Citrus Heights,95621,Sacramento,California
Elk Grove,95624,Sacramento,California
Elverta,95626,Sacramento,California
Fair Oaks,95628,Sacramento,California
Folsom,95630,Sacramento,California
Galt,95632,Sacramento,California
Herald,95638,Sacramento,California
Hood,95639,Sacramento,California
Isleton,95641,Sacramento,California
Mcclellan,95652,Sacramento,California
Mather,95655,Sacramento,California
North Highlands,95660,Sacramento,California
Orangevale,95662,Sacramento,California
Rancho Cordova,95670,Sacramento,California
Represa,95671,Sacramento,California
Rio Linda,95673,Sacramento,California
Ryde,95680,Sacramento,California
Sloughhouse,95683,Sacramento,California
Walnut Grove,95690,Sacramento,California
Wilton,95693,Sacramento,California
Rancho Cordova,95741,Sacramento,California
Rancho Cordova,95742,Sacramento,California
Elk Grove,95757,Sacramento,California
Elk Grove,95758,Sacramento,California
Elk Grove,95759,Sacramento,California
Folsom,95763,Sacramento,California
Sacramento,95811,Sacramento,California
Sacramento,95812,Sacramento,California
Sacramento,95813,Sacramento,California
Sacramento,95814,Sacramento,California
Sacramento,95815,Sacramento,California
Sacramento,95816,Sacramento,California
Sacramento,95817,Sacramento,California
Sacramento,95818,Sacramento,California
Sacramento,95819,Sacramento,California
Sacramento,95820,Sacramento,California
Sacramento,95821,Sacramento,California
Sacramento,95822,Sacramento,California
Sacramento,95823,Sacramento,California
Sacramento,95824,Sacramento,California
Sacramento,95825,Sacramento,California
Sacramento,95826,Sacramento,California
Sacramento,95827,Sacramento,California
Sacramento,95828,Sacramento,California
Sacramento,95829,Sacramento,California
Sacramento,95830,Sacramento,California
Sacramento,95831,Sacramento,California
Sacramento,95832,Sacramento,California
Sacramento,95833,Sacramento,California
Sacramento,95834,Sacramento,California
Sacramento,95835,Sacramento,California
Sacramento,95836,Sacramento,California
Sacramento,95837,Sacramento,California
Sacramento,95838,Sacramento,California
Sacramento,95840,Sacramento,California
Sacramento,95841,Sacramento,California
Sacramento,95842,Sacramento,California
Antelope,95843,Sacramento,California
Sacramento,95851,Sacramento,California
Sacramento,95852,Sacramento,California
Sacramento,95853,Sacramento,California
Sacramento,95860,Sacramento,California
Sacramento,95864,Sacramento,California
Sacramento,95865,Sacramento,California
Sacramento,95866,Sacramento,California
Sacramento,95867,Sacramento,California
Sacramento,95887,Sacramento,California
Sacramento,95894,Sacramento,California
Sacramento,95899,Sacramento,California
Hollister,95023,San Benito,California
Hollister,95024,San Benito,California
Paicines,95043,San Benito,California
San Juan Bautista,95045,San Benito,California
Tres Pinos,95075,San Benito,California
Rancho Cucamonga,91701,San Bernardino,California
Chino,91708,San Bernardino,California
Chino Hills,91709,San Bernardino,California
Chino,91710,San Bernardino,California
Rancho Cucamonga,91729,San Bernardino,California
Rancho Cucamonga,91730,San Bernardino,California
Rancho Cucamonga,91737,San Bernardino,California
Rancho Cucamonga,91739,San Bernardino,California
Guasti,91743,San Bernardino,California
Ontario,91758,San Bernardino,California
Mt Baldy,91759,San Bernardino,California
Ontario,91761,San Bernardino,California
Ontario,91762,San Bernardino,California
Montclair,91763,San Bernardino,California
Ontario,91764,San Bernardino,California
Upland,91784,San Bernardino,California
Upland,91785,San Bernardino,California
Upland,91786,San Bernardino,California
Ontario,91798,San Bernardino,California
Earp,92242,San Bernardino,California
Joshua Tree,92252,San Bernardino,California
Morongo Valley,92256,San Bernardino,California
Parker Dam,92267,San Bernardino,California
Pioneertown,92268,San Bernardino,California
Twentynine Palms,92277,San Bernardino,California
Twentynine Palms,92278,San Bernardino,California
Vidal,92280,San Bernardino,California
Yucca Valley,92284,San Bernardino,California
Landers,92285,San Bernardino,California
Yucca Valley,92286,San Bernardino,California
Adelanto,92301,San Bernardino,California
Amboy,92304,San Bernardino,California
Angelus Oaks,92305,San Bernardino,California
Apple Valley,92307,San Bernardino,California
Apple Valley,92308,San Bernardino,California
Baker,92309,San Bernardino,California
Fort Irwin,92310,San Bernardino,California
Barstow,92311,San Bernardino,California
Barstow,92312,San Bernardino,California
Grand Terrace,92313,San Bernardino,California
Big Bear City,92314,San Bernardino,California
Big Bear Lake,92315,San Bernardino,California
Bloomington,92316,San Bernardino,California
Blue Jay,92317,San Bernardino,California
Bryn Mawr,92318,San Bernardino,California
Cedar Glen,92321,San Bernardino,California
Cedarpines Park,92322,San Bernardino,California
Cima,92323,San Bernardino,California
Colton,92324,San Bernardino,California
Crestline,92325,San Bernardino,California
Crest Park,92326,San Bernardino,California
Daggett,92327,San Bernardino,California
Phelan,92329,San Bernardino,California
Fontana,92331,San Bernardino,California
Essex,92332,San Bernardino,California
Fawnskin,92333,San Bernardino,California
Fontana,92334,San Bernardino,California
Fontana,92335,San Bernardino,California
Fontana,92336,San Bernardino,California
Fontana,92337,San Bernardino,California
Ludlow,92338,San Bernardino,California
Forest Falls,92339,San Bernardino,California
Hesperia,92340,San Bernardino,California
Green Valley Lake,92341,San Bernardino,California
Helendale,92342,San Bernardino,California
Hesperia,92344,San Bernardino,California
Hesperia,92345,San Bernardino,California
Highland,92346,San Bernardino,California
Hinkley,92347,San Bernardino,California
Loma Linda,92350,San Bernardino,California
Lake Arrowhead,92352,San Bernardino,California
Loma Linda,92354,San Bernardino,California
Lucerne Valley,92356,San Bernardino,California
Loma Linda,92357,San Bernardino,California
Lytle Creek,92358,San Bernardino,California
Mentone,92359,San Bernardino,California
Needles,92363,San Bernardino,California
Nipton,92364,San Bernardino,California
Newberry Springs,92365,San Bernardino,California
Mountain Pass,92366,San Bernardino,California
Oro Grande,92368,San Bernardino,California
Patton,92369,San Bernardino,California
Phelan,92371,San Bernardino,California
Pinon Hills,92372,San Bernardino,California
Redlands,92373,San Bernardino,California
Redlands,92374,San Bernardino,California
Redlands,92375,San Bernardino,California
Rialto,92376,San Bernardino,California
Rialto,92377,San Bernardino,California
Rimforest,92378,San Bernardino,California
Running Springs,92382,San Bernardino,California
Skyforest,92385,San Bernardino,California
Sugarloaf,92386,San Bernardino,California
Twin Peaks,92391,San Bernardino,California
Victorville,92392,San Bernardino,California
Victorville,92393,San Bernardino,California
Victorville,92394,San Bernardino,California
Victorville,92395,San Bernardino,California
Wrightwood,92397,San Bernardino,California
Yermo,92398,San Bernardino,California
Yucaipa,92399,San Bernardino,California
San Bernardino,92401,San Bernardino,California
San Bernardino,92402,San Bernardino,California
San Bernardino,92403,San Bernardino,California
San Bernardino,92404,San Bernardino,California
San Bernardino,92405,San Bernardino,California
San Bernardino,92406,San Bernardino,California
San Bernardino,92407,San Bernardino,California
San Bernardino,92408,San Bernardino,California
San Bernardino,92410,San Bernardino,California
San Bernardino,92411,San Bernardino,California
San Bernardino,92412,San Bernardino,California
San Bernardino,92413,San Bernardino,California
San Bernardino,92414,San Bernardino,California
San Bernardino,92415,San Bernardino,California
San Bernardino,92418,San Bernardino,California
San Bernardino,92423,San Bernardino,California
San Bernardino,92424,San Bernardino,California
San Bernardino,92427,San Bernardino,California
Red Mountain,93558,San Bernardino,California
Trona,93592,San Bernardino,California
Alpine,91901,San Diego,California
Bonita,91902,San Diego,California
Alpine,91903,San Diego,California
Boulevard,91905,San Diego,California
Campo,91906,San Diego,California
Bonita,91908,San Diego,California
Chula Vista,91909,San Diego,California
Chula Vista,91910,San Diego,California
Chula Vista,91911,San Diego,California
Chula Vista,91912,San Diego,California
Chula Vista,91913,San Diego,California
Chula Vista,91914,San Diego,California
Chula Vista,91915,San Diego,California
Descanso,91916,San Diego,California
Dulzura,91917,San Diego,California
Chula Vista,91921,San Diego,California
Guatay,91931,San Diego,California
Imperial Beach,91932,San Diego,California
Imperial Beach,91933,San Diego,California
Jacumba,91934,San Diego,California
Jamul,91935,San Diego,California
La Mesa,91941,San Diego,California
La Mesa,91942,San Diego,California
La Mesa,91943,San Diego,California
La Mesa,91944,San Diego,California
Lemon Grove,91945,San Diego,California
Lemon Grove,91946,San Diego,California
Lincoln Acres,91947,San Diego,California
Mount Laguna,91948,San Diego,California
National City,91950,San Diego,California
National City,91951,San Diego,California
Pine Valley,91962,San Diego,California
Potrero,91963,San Diego,California
Spring Valley,91976,San Diego,California
Spring Valley,91977,San Diego,California
Spring Valley,91978,San Diego,California
Spring Valley,91979,San Diego,California
Tecate,91980,San Diego,California
Tecate,91987,San Diego,California
Potrero,91990,San Diego,California
Bonsall,92003,San Diego,California
Borrego Springs,92004,San Diego,California
Cardiff By The Sea,92007,San Diego,California
Carlsbad,92008,San Diego,California
Carlsbad,92009,San Diego,California
Carlsbad,92010,San Diego,California
Carlsbad,92011,San Diego,California
Carlsbad,92013,San Diego,California
Del Mar,92014,San Diego,California
Carlsbad,92018,San Diego,California
El Cajon,92019,San Diego,California
El Cajon,92020,San Diego,California
El Cajon,92021,San Diego,California
El Cajon,92022,San Diego,California
Encinitas,92023,San Diego,California
Encinitas,92024,San Diego,California
Escondido,92025,San Diego,California
Escondido,92026,San Diego,California
Escondido,92027,San Diego,California
Fallbrook,92028,San Diego,California
Escondido,92029,San Diego,California
Escondido,92030,San Diego,California
Escondido,92033,San Diego,California
Julian,92036,San Diego,California
La Jolla,92037,San Diego,California
La Jolla,92038,San Diego,California
La Jolla,92039,San Diego,California
Lakeside,92040,San Diego,California
Escondido,92046,San Diego,California
Oceanside,92049,San Diego,California
Oceanside,92051,San Diego,California
Oceanside,92052,San Diego,California
Oceanside,92054,San Diego,California
Camp Pendleton,92055,San Diego,California
Oceanside,92056,San Diego,California
Oceanside,92057,San Diego,California
Oceanside,92058,San Diego,California
Pala,92059,San Diego,California
Palomar Mountain,92060,San Diego,California
Pauma Valley,92061,San Diego,California
Poway,92064,San Diego,California
Ramona,92065,San Diego,California
Ranchita,92066,San Diego,California
Rancho Santa Fe,92067,San Diego,California
San Luis Rey,92068,San Diego,California
San Marcos,92069,San Diego,California
Santa Ysabel,92070,San Diego,California
Santee,92071,San Diego,California
Santee,92072,San Diego,California
Poway,92074,San Diego,California
Solana Beach,92075,San Diego,California
San Marcos,92078,San Diego,California
San Marcos,92079,San Diego,California
Vista,92081,San Diego,California
Valley Center,92082,San Diego,California
Vista,92083,San Diego,California
Vista,92084,San Diego,California
Vista,92085,San Diego,California
Warner Springs,92086,San Diego,California
Fallbrook,92088,San Diego,California
El Cajon,92090,San Diego,California
Rancho Santa Fe,92091,San Diego,California
La Jolla,92092,San Diego,California
La Jolla,92093,San Diego,California
San Marcos,92096,San Diego,California
San Diego,92101,San Diego,California
San Diego,92102,San Diego,California
San Diego,92103,San Diego,California
San Diego,92104,San Diego,California
San Diego,92105,San Diego,California
San Diego,92106,San Diego,California
San Diego,92107,San Diego,California
San Diego,92108,San Diego,California
San Diego,92109,San Diego,California
San Diego,92110,San Diego,California
San Diego,92111,San Diego,California
San Diego,92112,San Diego,California
San Diego,92113,San Diego,California
San Diego,92114,San Diego,California
San Diego,92115,San Diego,California
San Diego,92116,San Diego,California
San Diego,92117,San Diego,California
Coronado,92118,San Diego,California
San Diego,92119,San Diego,California
San Diego,92120,San Diego,California
San Diego,92121,San Diego,California
San Diego,92122,San Diego,California
San Diego,92123,San Diego,California
San Diego,92124,San Diego,California
San Diego,92126,San Diego,California
San Diego,92127,San Diego,California
San Diego,92128,San Diego,California
San Diego,92129,San Diego,California
San Diego,92130,San Diego,California
San Diego,92131,San Diego,California
San Diego,92132,San Diego,California
San Diego,92133,San Diego,California
San Diego,92134,San Diego,California
San Diego,92135,San Diego,California
San Diego,92136,San Diego,California
San Diego,92137,San Diego,California
San Diego,92138,San Diego,California
San Diego,92139,San Diego,California
San Diego,92140,San Diego,California
San Diego,92142,San Diego,California
San Ysidro,92143,San Diego,California
San Diego,92145,San Diego,California
San Diego,92147,San Diego,California
San Diego,92149,San Diego,California
San Diego,92150,San Diego,California
San Diego,92152,San Diego,California
San Diego,92153,San Diego,California
San Diego,92154,San Diego,California
San Diego,92155,San Diego,California
San Diego,92158,San Diego,California
San Diego,92159,San Diego,California
San Diego,92160,San Diego,California
San Diego,92161,San Diego,California
San Diego,92162,San Diego,California
San Diego,92163,San Diego,California
San Diego,92164,San Diego,California
San Diego,92165,San Diego,California
San Diego,92166,San Diego,California
San Diego,92167,San Diego,California
San Diego,92168,San Diego,California
San Diego,92169,San Diego,California
San Diego,92170,San Diego,California
San Diego,92171,San Diego,California
San Diego,92172,San Diego,California
San Ysidro,92173,San Diego,California
San Diego,92174,San Diego,California
San Diego,92175,San Diego,California
San Diego,92176,San Diego,California
San Diego,92177,San Diego,California
Coronado,92178,San Diego,California
San Diego,92179,San Diego,California
San Diego,92182,San Diego,California
San Diego,92184,San Diego,California
San Diego,92186,San Diego,California
San Diego,92187,San Diego,California
San Diego,92190,San Diego,California
San Diego,92191,San Diego,California
San Diego,92192,San Diego,California
San Diego,92193,San Diego,California
San Diego,92194,San Diego,California
San Diego,92195,San Diego,California
San Diego,92196,San Diego,California
San Diego,92197,San Diego,California
San Diego,92198,San Diego,California
San Diego,92199,San Diego,California
San Francisco,94101,San Francisco,California
San Francisco,94102,San Francisco,California
San Francisco,94103,San Francisco,California
San Francisco,94104,San Francisco,California
San Francisco,94105,San Francisco,California
San Francisco,94106,San Francisco,California
San Francisco,94107,San Francisco,California
San Francisco,94108,San Francisco,California
San Francisco,94109,San Francisco,California
San Francisco,94110,San Francisco,California
San Francisco,94111,San Francisco,California
San Francisco,94112,San Francisco,California
San Francisco,94114,San Francisco,California
San Francisco,94115,San Francisco,California
San Francisco,94116,San Francisco,California
San Francisco,94117,San Francisco,California
San Francisco,94118,San Francisco,California
San Francisco,94119,San Francisco,California
San Francisco,94120,San Francisco,California
San Francisco,94121,San Francisco,California
San Francisco,94122,San Francisco,California
San Francisco,94123,San Francisco,California
San Francisco,94124,San Francisco,California
San Francisco,94125,San Francisco,California
San Francisco,94126,San Francisco,California
San Francisco,94127,San Francisco,California
San Francisco,94128,San Francisco,California
San Francisco,94129,San Francisco,California
San Francisco,94130,San Francisco,California
San Francisco,94131,San Francisco,California
San Francisco,94132,San Francisco,California
San Francisco,94133,San Francisco,California
San Francisco,94134,San Francisco,California
San Francisco,94135,San Francisco,California
San Francisco,94136,San Francisco,California
San Francisco,94137,San Francisco,California
San Francisco,94138,San Francisco,California
San Francisco,94139,San Francisco,California
San Francisco,94140,San Francisco,California
San Francisco,94141,San Francisco,California
San Francisco,94142,San Francisco,California
San Francisco,94143,San Francisco,California
San Francisco,94144,San Francisco,California
San Francisco,94145,San Francisco,California
San Francisco,94146,San Francisco,California
San Francisco,94147,San Francisco,California
San Francisco,94150,San Francisco,California
San Francisco,94151,San Francisco,California
San Francisco,94152,San Francisco,California
San Francisco,94153,San Francisco,California
San Francisco,94154,San Francisco,California
San Francisco,94155,San Francisco,California
San Francisco,94156,San Francisco,California
San Francisco,94158,San Francisco,California
San Francisco,94159,San Francisco,California
San Francisco,94160,San Francisco,California
San Francisco,94161,San Francisco,California
San Francisco,94162,San Francisco,California
San Francisco,94163,San Francisco,California
San Francisco,94164,San Francisco,California
San Francisco,94171,San Francisco,California
San Francisco,94172,San Francisco,California
San Francisco,94175,San Francisco,California
San Francisco,94177,San Francisco,California
San Francisco,94188,San Francisco,California
San Francisco,94199,San Francisco,California
Stockton,95201,San Joaquin,California
Stockton,95202,San Joaquin,California
Stockton,95203,San Joaquin,California
Stockton,95204,San Joaquin,California
Stockton,95205,San Joaquin,California
Stockton,95206,San Joaquin,California
Stockton,95207,San Joaquin,California
Stockton,95208,San Joaquin,California
Stockton,95209,San Joaquin,California
Stockton,95210,San Joaquin,California
Stockton,95211,San Joaquin,California
Stockton,95212,San Joaquin,California
Stockton,95213,San Joaquin,California
Stockton,95215,San Joaquin,California
Stockton,95219,San Joaquin,California
Acampo,95220,San Joaquin,California
Clements,95227,San Joaquin,California
French Camp,95231,San Joaquin,California
Holt,95234,San Joaquin,California
Linden,95236,San Joaquin,California
Lockeford,95237,San Joaquin,California
Lodi,95240,San Joaquin,California
Lodi,95241,San Joaquin,California
Lodi,95242,San Joaquin,California
Victor,95253,San Joaquin,California
Woodbridge,95258,San Joaquin,California
Stockton,95267,San Joaquin,California
Stockton,95269,San Joaquin,California
Stockton,95296,San Joaquin,California
Stockton,95297,San Joaquin,California
Tracy,95304,San Joaquin,California
Escalon,95320,San Joaquin,California
Lathrop,95330,San Joaquin,California
Manteca,95336,San Joaquin,California
Manteca,95337,San Joaquin,California
Ripon,95366,San Joaquin,California
Tracy,95376,San Joaquin,California
Tracy,95377,San Joaquin,California
Tracy,95378,San Joaquin,California
Tracy,95391,San Joaquin,California
Thornton,95686,San Joaquin,California
San Luis Obispo,93401,San Luis Obispo,California
Los Osos,93402,San Luis Obispo,California
San Luis Obispo,93403,San Luis Obispo,California
San Luis Obispo,93405,San Luis Obispo,California
San Luis Obispo,93406,San Luis Obispo,California
San Luis Obispo,93407,San Luis Obispo,California
San Luis Obispo,93408,San Luis Obispo,California
San Luis Obispo,93409,San Luis Obispo,California
San Luis Obispo,93410,San Luis Obispo,California
Los Osos,93412,San Luis Obispo,California
Arroyo Grande,93420,San Luis Obispo,California
Arroyo Grande,93421,San Luis Obispo,California
Atascadero,93422,San Luis Obispo,California
Atascadero,93423,San Luis Obispo,California
Avila Beach,93424,San Luis Obispo,California
Cambria,93428,San Luis Obispo,California
Cayucos,93430,San Luis Obispo,California
Creston,93432,San Luis Obispo,California
Grover Beach,93433,San Luis Obispo,California
Harmony,93435,San Luis Obispo,California
Morro Bay,93442,San Luis Obispo,California
Morro Bay,93443,San Luis Obispo,California
Nipomo,93444,San Luis Obispo,California
Oceano,93445,San Luis Obispo,California
Paso Robles,93446,San Luis Obispo,California
Paso Robles,93447,San Luis Obispo,California
Pismo Beach,93448,San Luis Obispo,California
Pismo Beach,93449,San Luis Obispo,California
San Miguel,93451,San Luis Obispo,California
San Simeon,93452,San Luis Obispo,California
Santa Margarita,93453,San Luis Obispo,California
Shandon,93461,San Luis Obispo,California
Templeton,93465,San Luis Obispo,California
Oceano,93475,San Luis Obispo,California
Grover Beach,93483,San Luis Obispo,California
Belmont,94002,San Mateo,California
Brisbane,94005,San Mateo,California
Burlingame,94010,San Mateo,California
Burlingame,94011,San Mateo,California
Daly City,94013,San Mateo,California
Daly City,94014,San Mateo,California
Daly City,94015,San Mateo,California
Daly City,94016,San Mateo,California
Daly City,94017,San Mateo,California
El Granada,94018,San Mateo,California
Half Moon Bay,94019,San Mateo,California
La Honda,94020,San Mateo,California
Loma Mar,94021,San Mateo,California
Menlo Park,94025,San Mateo,California
Menlo Park,94026,San Mateo,California
Atherton,94027,San Mateo,California
Portola Valley,94028,San Mateo,California
Millbrae,94030,San Mateo,California
Montara,94037,San Mateo,California
Moss Beach,94038,San Mateo,California
Pacifica,94044,San Mateo,California
Pescadero,94060,San Mateo,California
Redwood City,94061,San Mateo,California
Redwood City,94062,San Mateo,California
Redwood City,94063,San Mateo,California
Redwood City,94064,San Mateo,California
Redwood City,94065,San Mateo,California
San Bruno,94066,San Mateo,California
San Carlos,94070,San Mateo,California
San Gregorio,94074,San Mateo,California
South San Francisco,94080,San Mateo,California
South San Francisco,94083,San Mateo,California
San Mateo,94401,San Mateo,California
San Mateo,94402,San Mateo,California
San Mateo,94403,San Mateo,California
San Mateo,94404,San Mateo,California
San Mateo,94497,San Mateo,California
Carpinteria,93013,Santa Barbara,California
Carpinteria,93014,Santa Barbara,California
Summerland,93067,Santa Barbara,California
Santa Barbara,93101,Santa Barbara,California
Santa Barbara,93102,Santa Barbara,California
Santa Barbara,93103,Santa Barbara,California
Santa Barbara,93105,Santa Barbara,California
Santa Barbara,93106,Santa Barbara,California
Santa Barbara,93107,Santa Barbara,California
Santa Barbara,93108,Santa Barbara,California
Santa Barbara,93109,Santa Barbara,California
Santa Barbara,93110,Santa Barbara,California
Santa Barbara,93111,Santa Barbara,California
Goleta,93116,Santa Barbara,California
Goleta,93117,Santa Barbara,California
Goleta,93118,Santa Barbara,California
Santa Barbara,93120,Santa Barbara,California
Santa Barbara,93121,Santa Barbara,California
Santa Barbara,93130,Santa Barbara,California
Santa Barbara,93140,Santa Barbara,California
Santa Barbara,93150,Santa Barbara,California
Santa Barbara,93160,Santa Barbara,California
Santa Barbara,93190,Santa Barbara,California
Goleta,93199,Santa Barbara,California
New Cuyama,93254,Santa Barbara,California
Buellton,93427,Santa Barbara,California
Casmalia,93429,Santa Barbara,California
Guadalupe,93434,Santa Barbara,California
Lompoc,93436,Santa Barbara,California
Lompoc,93437,Santa Barbara,California
Lompoc,93438,Santa Barbara,California
Los Alamos,93440,Santa Barbara,California
Los Olivos,93441,Santa Barbara,California
Santa Maria,93454,Santa Barbara,California
Santa Maria,93455,Santa Barbara,California
Santa Maria,93456,Santa Barbara,California
Santa Maria,93457,Santa Barbara,California
Santa Maria,93458,Santa Barbara,California
Santa Ynez,93460,Santa Barbara,California
Solvang,93463,Santa Barbara,California
Solvang,93464,Santa Barbara,California
Los Altos,94022,Santa Clara,California
Los Altos,94023,Santa Clara,California
Los Altos,94024,Santa Clara,California
Mountain View,94035,Santa Clara,California
Mountain View,94039,Santa Clara,California
Mountain View,94040,Santa Clara,California
Mountain View,94041,Santa Clara,California
Mountain View,94042,Santa Clara,California
Mountain View,94043,Santa Clara,California
Sunnyvale,94085,Santa Clara,California
Sunnyvale,94086,Santa Clara,California
Sunnyvale,94087,Santa Clara,California
Sunnyvale,94088,Santa Clara,California
Sunnyvale,94089,Santa Clara,California
Palo Alto,94301,Santa Clara,California
Palo Alto,94302,Santa Clara,California
Palo Alto,94303,Santa Clara,California
Palo Alto,94304,Santa Clara,California
Stanford,94305,Santa Clara,California
Palo Alto,94306,Santa Clara,California
Palo Alto,94309,Santa Clara,California
Alviso,95002,Santa Clara,California
Campbell,95008,Santa Clara,California
Campbell,95009,Santa Clara,California
Campbell,95011,Santa Clara,California
Coyote,95013,Santa Clara,California
Cupertino,95014,Santa Clara,California
Cupertino,95015,Santa Clara,California
Gilroy,95020,Santa Clara,California
Gilroy,95021,Santa Clara,California
Holy City,95026,Santa Clara,California
Los Gatos,95030,Santa Clara,California
Los Gatos,95031,Santa Clara,California
Los Gatos,95032,Santa Clara,California
Los Gatos,95033,Santa Clara,California
Milpitas,95035,Santa Clara,California
Milpitas,95036,Santa Clara,California
Morgan Hill,95037,Santa Clara,California
Morgan Hill,95038,Santa Clara,California
New Almaden,95042,Santa Clara,California
Redwood Estates,95044,Santa Clara,California
San Martin,95046,Santa Clara,California
Santa Clara,95050,Santa Clara,California
Santa Clara,95051,Santa Clara,California
Santa Clara,95052,Santa Clara,California
Santa Clara,95053,Santa Clara,California
Santa Clara,95054,Santa Clara,California
Santa Clara,95055,Santa Clara,California
Santa Clara,95056,Santa Clara,California
Saratoga,95070,Santa Clara,California
Saratoga,95071,Santa Clara,California
San Jose,95101,Santa Clara,California
San Jose,95103,Santa Clara,California
San Jose,95106,Santa Clara,California
San Jose,95108,Santa Clara,California
San Jose,95109,Santa Clara,California
San Jose,95110,Santa Clara,California
San Jose,95111,Santa Clara,California
San Jose,95112,Santa Clara,California
San Jose,95113,Santa Clara,California
San Jose,95115,Santa Clara,California
San Jose,95116,Santa Clara,California
San Jose,95117,Santa Clara,California
San Jose,95118,Santa Clara,California
San Jose,95119,Santa Clara,California
San Jose,95120,Santa Clara,California
San Jose,95121,Santa Clara,California
San Jose,95122,Santa Clara,California
San Jose,95123,Santa Clara,California
San Jose,95124,Santa Clara,California
San Jose,95125,Santa Clara,California
San Jose,95126,Santa Clara,California
San Jose,95127,Santa Clara,California
San Jose,95128,Santa Clara,California
San Jose,95129,Santa Clara,California
San Jose,95130,Santa Clara,California
San Jose,95131,Santa Clara,California
San Jose,95132,Santa Clara,California
San Jose,95133,Santa Clara,California
San Jose,95134,Santa Clara,California
San Jose,95135,Santa Clara,California
San Jose,95136,Santa Clara,California
San Jose,95138,Santa Clara,California
San Jose,95139,Santa Clara,California
Mount Hamilton,95140,Santa Clara,California
San Jose,95141,Santa Clara,California
San Jose,95148,Santa Clara,California
San Jose,95150,Santa Clara,California
San Jose,95151,Santa Clara,California
San Jose,95152,Santa Clara,California
San Jose,95153,Santa Clara,California
San Jose,95154,Santa Clara,California
San Jose,95155,Santa Clara,California
San Jose,95156,Santa Clara,California
San Jose,95157,Santa Clara,California
San Jose,95158,Santa Clara,California
San Jose,95159,Santa Clara,California
San Jose,95160,Santa Clara,California
San Jose,95161,Santa Clara,California
San Jose,95164,Santa Clara,California
San Jose,95170,Santa Clara,California
San Jose,95172,Santa Clara,California
San Jose,95173,Santa Clara,California
San Jose,95190,Santa Clara,California
San Jose,95191,Santa Clara,California
San Jose,95192,Santa Clara,California
San Jose,95193,Santa Clara,California
San Jose,95194,Santa Clara,California
San Jose,95196,Santa Clara,California
Aptos,95001,Santa Cruz,California
Aptos,95003,Santa Cruz,California
Ben Lomond,95005,Santa Cruz,California
Boulder Creek,95006,Santa Cruz,California
Brookdale,95007,Santa Cruz,California
Capitola,95010,Santa Cruz,California
Davenport,95017,Santa Cruz,California
Felton,95018,Santa Cruz,California
Freedom,95019,Santa Cruz,California
Mount Hermon,95041,Santa Cruz,California
Santa Cruz,95060,Santa Cruz,California
Santa Cruz,95061,Santa Cruz,California
Santa Cruz,95062,Santa Cruz,California
Santa Cruz,95063,Santa Cruz,California
Santa Cruz,95064,Santa Cruz,California
Santa Cruz,95065,Santa Cruz,California
Scotts Valley,95066,Santa Cruz,California
Scotts Valley,95067,Santa Cruz,California
Soquel,95073,Santa Cruz,California
Watsonville,95076,Santa Cruz,California
Watsonville,95077,Santa Cruz,California
Redding,96001,Shasta,California
Redding,96002,Shasta,California
Redding,96003,Shasta,California
Anderson,96007,Shasta,California
Bella Vista,96008,Shasta,California
Big Bend,96011,Shasta,California
Burney,96013,Shasta,California
Cassel,96016,Shasta,California
Castella,96017,Shasta,California
Shasta Lake,96019,Shasta,California
Fall River Mills,96028,Shasta,California
French Gulch,96033,Shasta,California
Hat Creek,96040,Shasta,California
Igo,96047,Shasta,California
Redding,96049,Shasta,California
Lakehead,96051,Shasta,California
Millville,96062,Shasta,California
Montgomery Creek,96065,Shasta,California
Oak Run,96069,Shasta,California
Obrien,96070,Shasta,California
Old Station,96071,Shasta,California
Palo Cedro,96073,Shasta,California
Platina,96076,Shasta,California
Shasta Lake,96079,Shasta,California
Round Mountain,96084,Shasta,California
Shasta,96087,Shasta,California
Shingletown,96088,Shasta,California
Shasta Lake,96089,Shasta,California
Whiskeytown,96095,Shasta,California
Whitmore,96096,Shasta,California
Redding,96099,Shasta,California
Alleghany,95910,Sierra,California
Camptonville,95922,Sierra,California
Downieville,95936,Sierra,California
Goodyears Bar,95944,Sierra,California
Loyalton,96118,Sierra,California
Calpine,96124,Sierra,California
Sierra City,96125,Sierra,California
Sierraville,96126,Sierra,California
Somes Bar,95568,Siskiyou,California
Callahan,96014,Siskiyou,California
Dorris,96023,Siskiyou,California
Dunsmuir,96025,Siskiyou,California
Etna,96027,Siskiyou,California
Forks Of Salmon,96031,Siskiyou,California
Fort Jones,96032,Siskiyou,California
Gazelle,96034,Siskiyou,California
Greenview,96037,Siskiyou,California
Grenada,96038,Siskiyou,California
Happy Camp,96039,Siskiyou,California
Hornbrook,96044,Siskiyou,California
Klamath River,96050,Siskiyou,California
Mccloud,96057,Siskiyou,California
Macdoel,96058,Siskiyou,California
Montague,96064,Siskiyou,California
Mount Shasta,96067,Siskiyou,California
Scott Bar,96085,Siskiyou,California
Seiad Valley,96086,Siskiyou,California
Weed,96094,Siskiyou,California
Yreka,96097,Siskiyou,California
Tulelake,96134,Siskiyou,California
Benicia,94510,Solano,California
Birds Landing,94512,Solano,California
Fairfield,94533,Solano,California
Fairfield,94534,Solano,California
Travis Afb,94535,Solano,California
Rio Vista,94571,Solano,California
Suisun City,94585,Solano,California
Vallejo,94589,Solano,California
Vallejo,94590,Solano,California
Vallejo,94591,Solano,California
Vallejo,94592,Solano,California
Dixon,95620,Solano,California
Elmira,95625,Solano,California
Vacaville,95687,Solano,California
Vacaville,95688,Solano,California
Vacaville,95696,Solano,California
Bodega,94922,Sonoma,California
Bodega Bay,94923,Sonoma,California
Rohnert Park,94926,Sonoma,California
Rohnert Park,94927,Sonoma,California
Rohnert Park,94928,Sonoma,California
Cotati,94931,Sonoma,California
Penngrove,94951,Sonoma,California
Petaluma,94952,Sonoma,California
Petaluma,94953,Sonoma,California
Petaluma,94954,Sonoma,California
Petaluma,94955,Sonoma,California
Valley Ford,94972,Sonoma,California
Petaluma,94975,Sonoma,California
Petaluma,94999,Sonoma,California
Santa Rosa,95401,Sonoma,California
Santa Rosa,95402,Sonoma,California
Santa Rosa,95403,Sonoma,California
Santa Rosa,95404,Sonoma,California
Santa Rosa,95405,Sonoma,California
Santa Rosa,95406,Sonoma,California
Santa Rosa,95407,Sonoma,California
Santa Rosa,95409,Sonoma,California
Annapolis,95412,Sonoma,California
Boyes Hot Springs,95416,Sonoma,California
Camp Meeker,95419,Sonoma,California
Cazadero,95421,Sonoma,California
Cloverdale,95425,Sonoma,California
Duncans Mills,95430,Sonoma,California
Eldridge,95431,Sonoma,California
El Verano,95433,Sonoma,California
Forestville,95436,Sonoma,California
Fulton,95439,Sonoma,California
Geyserville,95441,Sonoma,California
Glen Ellen,95442,Sonoma,California
Graton,95444,Sonoma,California
Guerneville,95446,Sonoma,California
Healdsburg,95448,Sonoma,California
Jenner,95450,Sonoma,California
Kenwood,95452,Sonoma,California
Monte Rio,95462,Sonoma,California
Occidental,95465,Sonoma,California
Rio Nido,95471,Sonoma,California
Sebastopol,95472,Sonoma,California
Sebastopol,95473,Sonoma,California
Sonoma,95476,Sonoma,California
Stewarts Point,95480,Sonoma,California
Villa Grande,95486,Sonoma,California
Vineburg,95487,Sonoma,California
Windsor,95492,Sonoma,California
The Sea Ranch,95497,Sonoma,California
Farmington,95230,Stanislaus,California
Ceres,95307,Stanislaus,California
Crows Landing,95313,Stanislaus,California
Denair,95316,Stanislaus,California
Empire,95319,Stanislaus,California
Hickman,95323,Stanislaus,California
Hughson,95326,Stanislaus,California
Keyes,95328,Stanislaus,California
Modesto,95350,Stanislaus,California
Modesto,95351,Stanislaus,California
Modesto,95352,Stanislaus,California
Modesto,95353,Stanislaus,California
Modesto,95354,Stanislaus,California
Modesto,95355,Stanislaus,California
Modesto,95356,Stanislaus,California
Modesto,95357,Stanislaus,California
Modesto,95358,Stanislaus,California
Newman,95360,Stanislaus,California
Oakdale,95361,Stanislaus,California
Patterson,95363,Stanislaus,California
Riverbank,95367,Stanislaus,California
Salida,95368,Stanislaus,California
Turlock,95380,Stanislaus,California
Turlock,95381,Stanislaus,California
Turlock,95382,Stanislaus,California
Vernalis,95385,Stanislaus,California
Waterford,95386,Stanislaus,California
Westley,95387,Stanislaus,California
Modesto,95397,Stanislaus,California
Knights Landing,95645,Sutter,California
Nicolaus,95659,Sutter,California
Pleasant Grove,95668,Sutter,California
Rio Oso,95674,Sutter,California
Robbins,95676,Sutter,California
Live Oak,95953,Sutter,California
Meridian,95957,Sutter,California
Sutter,95982,Sutter,California
Yuba City,95991,Sutter,California
Yuba City,95992,Sutter,California
Yuba City,95993,Sutter,California
Corning,96021,Tehama,California
Cottonwood,96022,Tehama,California
Flournoy,96029,Tehama,California
Gerber,96035,Tehama,California
Los Molinos,96055,Tehama,California
Manton,96059,Tehama,California
Mill Creek,96061,Tehama,California
Mineral,96063,Tehama,California
Paskenta,96074,Tehama,California
Paynes Creek,96075,Tehama,California
Proberta,96078,Tehama,California
Red Bluff,96080,Tehama,California
Tehama,96090,Tehama,California
Vina,96092,Tehama,California
Burnt Ranch,95527,Trinity,California
Mad River,95552,Trinity,California
Zenia,95595,Trinity,California
Big Bar,96010,Trinity,California
Douglas City,96024,Trinity,California
Hayfork,96041,Trinity,California
Hyampom,96046,Trinity,California
Junction City,96048,Trinity,California
Lewiston,96052,Trinity,California
Trinity Center,96091,Trinity,California
Weaverville,96093,Trinity,California
Alpaugh,93201,Tulare,California
California Hot Springs,93207,Tulare,California
Camp Nelson,93208,Tulare,California
Ducor,93218,Tulare,California
Earlimart,93219,Tulare,California
Exeter,93221,Tulare,California
Farmersville,93223,Tulare,California
Goshen,93227,Tulare,California
Ivanhoe,93235,Tulare,California
Kaweah,93237,Tulare,California
Lemon Cove,93244,Tulare,California
Lindsay,93247,Tulare,California
Pixley,93256,Tulare,California
Porterville,93257,Tulare,California
Porterville,93258,Tulare,California
Posey,93260,Tulare,California
Richgrove,93261,Tulare,California
Sequoia National Park,93262,Tulare,California
Springville,93265,Tulare,California
Strathmore,93267,Tulare,California
Terra Bella,93270,Tulare,California
Three Rivers,93271,Tulare,California
Tipton,93272,Tulare,California
Tulare,93274,Tulare,California
Tulare,93275,Tulare,California
Visalia,93277,Tulare,California
Visalia,93278,Tulare,California
Visalia,93279,Tulare,California
Waukena,93282,Tulare,California
Woodlake,93286,Tulare,California
Visalia,93290,Tulare,California
Visalia,93291,Tulare,California
Visalia,93292,Tulare,California
Badger,93603,Tulare,California
Cutler,93615,Tulare,California
Dinuba,93618,Tulare,California
Kings Canyon National Pk,93633,Tulare,California
Orosi,93647,Tulare,California
Sultana,93666,Tulare,California
Yettem,93670,Tulare,California
Traver,93673,Tulare,California
Big Oak Flat,95305,Tuolumne,California
Chinese Camp,95309,Tuolumne,California
Columbia,95310,Tuolumne,California
Pinecrest,95314,Tuolumne,California
Groveland,95321,Tuolumne,California
Jamestown,95327,Tuolumne,California
Long Barn,95335,Tuolumne,California
Mi Wuk Village,95346,Tuolumne,California
Moccasin,95347,Tuolumne,California
Pinecrest,95364,Tuolumne,California
Sonora,95370,Tuolumne,California
Soulsbyville,95372,Tuolumne,California
Standard,95373,Tuolumne,California
Strawberry,95375,Tuolumne,California
Tuolumne,95379,Tuolumne,California
Twain Harte,95383,Tuolumne,California
Newbury Park,91319,Ventura,California
Newbury Park,91320,Ventura,California
Thousand Oaks,91358,Ventura,California
Thousand Oaks,91360,Ventura,California
Westlake Village,91361,Ventura,California
Thousand Oaks,91362,Ventura,California
Oak Park,91377,Ventura,California
Ventura,93001,Ventura,California
Ventura,93002,Ventura,California
Ventura,93003,Ventura,California
Ventura,93004,Ventura,California
Ventura,93005,Ventura,California
Ventura,93006,Ventura,California
Ventura,93007,Ventura,California
Ventura,93009,Ventura,California
Camarillo,93010,Ventura,California
Camarillo,93011,Ventura,California
Camarillo,93012,Ventura,California
Fillmore,93015,Ventura,California
Fillmore,93016,Ventura,California
Moorpark,93020,Ventura,California
Moorpark,93021,Ventura,California
Oak View,93022,Ventura,California
Ojai,93023,Ventura,California
Ojai,93024,Ventura,California
Oxnard,93030,Ventura,California
Oxnard,93031,Ventura,California
Oxnard,93032,Ventura,California
Oxnard,93033,Ventura,California
Oxnard,93034,Ventura,California
Oxnard,93035,Ventura,California
Oxnard,93036,Ventura,California
Piru,93040,Ventura,California
Port Hueneme,93041,Ventura,California
Point Mugu Nawc,93042,Ventura,California
Port Hueneme Cbc Base,93043,Ventura,California
Port Hueneme,93044,Ventura,California
Santa Paula,93060,Ventura,California
Santa Paula,93061,Ventura,California
Simi Valley,93062,Ventura,California
Simi Valley,93063,Ventura,California
Brandeis,93064,Ventura,California
Simi Valley,93065,Ventura,California
Somis,93066,Ventura,California
Simi Valley,93093,Ventura,California
Simi Valley,93094,Ventura,California
Simi Valley,93099,Ventura,California
West Sacramento,95605,Yolo,California
Brooks,95606,Yolo,California
Capay,95607,Yolo,California
Clarksburg,95612,Yolo,California
Davis,95616,Yolo,California
Davis,95617,Yolo,California
Davis,95618,Yolo,California
Esparto,95627,Yolo,California
Guinda,95637,Yolo,California
Madison,95653,Yolo,California
Rumsey,95679,Yolo,California
West Sacramento,95691,Yolo,California
Winters,95694,Yolo,California
Woodland,95695,Yolo,California
Yolo,95697,Yolo,California
Zamora,95698,Yolo,California
Woodland,95776,Yolo,California
West Sacramento,95798,Yolo,California
West Sacramento,95799,Yolo,California
Dunnigan,95937,Yolo,California
Wheatland,95692,Yuba,California
Marysville,95901,Yuba,California
Beale Afb,95903,Yuba,California
Browns Valley,95918,Yuba,California
Brownsville,95919,Yuba,California
Challenge,95925,Yuba,California
Dobbins,95935,Yuba,California
Olivehurst,95961,Yuba,California
Oregon House,95962,Yuba,California
Rackerby,95972,Yuba,California
Smartsville,95977,Yuba,California
Alameda,94501,Alameda,California
Alameda,94502,Alameda,California
Fremont,94536,Alameda,California
Fremont,94537,Alameda,California
Fremont,94538,Alameda,California
Fremont,94539,Alameda,California
Hayward,94540,Alameda,California
Hayward,94541,Alameda,California
Hayward,94542,Alameda,California
Hayward,94543,Alameda,California
Hayward,94544,Alameda,California
Hayward,94545,Alameda,California
Castro Valley,94546,Alameda,California
Livermore,94550,Alameda,California
Livermore,94551,Alameda,California
Castro Valley,94552,Alameda,California
Fremont,94555,Alameda,California
Hayward,94557,Alameda,California
Newark,94560,Alameda,California
Pleasanton,94566,Alameda,California
Dublin,94568,Alameda,California
San Leandro,94577,Alameda,California
San Leandro,94578,Alameda,California
San Leandro,94579,Alameda,California
San Lorenzo,94580,Alameda,California
Sunol,94586,Alameda,California
Union City,94587,Alameda,California
Pleasanton,94588,Alameda,California
Oakland,94601,Alameda,California
Oakland,94602,Alameda,California
Oakland,94603,Alameda,California
Oakland,94604,Alameda,California
Oakland,94605,Alameda,California
Oakland,94606,Alameda,California
Oakland,94607,Alameda,California
Emeryville,94608,Alameda,California
Oakland,94609,Alameda,California
Oakland,94610,Alameda,California
Oakland,94611,Alameda,California
Oakland,94612,Alameda,California
Oakland,94613,Alameda,California
Oakland,94614,Alameda,California
Oakland,94615,Alameda,California
Oakland,94617,Alameda,California
Oakland,94618,Alameda,California
Oakland,94619,Alameda,California
Piedmont,94620,Alameda,California
Oakland,94621,Alameda,California
Oakland,94622,Alameda,California
Oakland,94623,Alameda,California
Oakland,94624,Alameda,California
Oakland,94625,Alameda,California
Oakland,94649,Alameda,California
Oakland,94659,Alameda,California
Oakland,94660,Alameda,California
Oakland,94661,Alameda,California
Emeryville,94662,Alameda,California
Oakland,94666,Alameda,California
Berkeley,94701,Alameda,California
Berkeley,94702,Alameda,California
Berkeley,94703,Alameda,California
Berkeley,94704,Alameda,California
Berkeley,94705,Alameda,California
Albany,94706,Alameda,California
Berkeley,94707,Alameda,California
Berkeley,94708,Alameda,California
Berkeley,94709,Alameda,California
Berkeley,94710,Alameda,California
Berkeley,94712,Alameda,California
Berkeley,94720,Alameda,California
Markleeville,96120,Alpine,California
South Lake Tahoe,96156,Alpine,California
Amador City,95601,Amador,California
Fiddletown,95629,Amador,California
Ione,95640,Amador,California
Jackson,95642,Amador,California
Kirkwood,95646,Amador,California
Martell,95654,Amador,California
Pine Grove,95665,Amador,California
Pioneer,95666,Amador,California
Plymouth,95669,Amador,California
River Pines,95675,Amador,California
Sutter Creek,95685,Amador,California
Volcano,95689,Amador,California
Drytown,95699,Amador,California
Bangor,95914,Butte,California
Berry Creek,95916,Butte,California
Biggs,95917,Butte,California
Chico,95926,Butte,California
Chico,95927,Butte,California
Chico,95928,Butte,California
Chico,95929,Butte,California
Clipper Mills,95930,Butte,California
Durham,95938,Butte,California
Feather Falls,95940,Butte,California
Forbestown,95941,Butte,California
Forest Ranch,95942,Butte,California
Gridley,95948,Butte,California
Magalia,95954,Butte,California
Nelson,95958,Butte,California
Oroville,95965,Butte,California
Oroville,95966,Butte,California
Paradise,95967,Butte,California
Palermo,95968,Butte,California
Paradise,95969,Butte,California
Chico,95973,Butte,California
Richvale,95974,Butte,California
Chico,95976,Butte,California
Stirling City,95978,Butte,California
Altaville,95221,Calaveras,California
Angels Camp,95222,Calaveras,California
Arnold,95223,Calaveras,California
Avery,95224,Calaveras,California
Burson,95225,Calaveras,California
Campo Seco,95226,Calaveras,California
Copperopolis,95228,Calaveras,California
Douglas Flat,95229,Calaveras,California
Glencoe,95232,Calaveras,California
Hathaway Pines,95233,Calaveras,California
Mokelumne Hill,95245,Calaveras,California
Mountain Ranch,95246,Calaveras,California
Murphys,95247,Calaveras,California
Rail Road Flat,95248,Calaveras,California
San Andreas,95249,Calaveras,California
San Andreas,95250,Calaveras,California
Vallecito,95251,Calaveras,California
Valley Springs,95252,Calaveras,California
Wallace,95254,Calaveras,California
West Point,95255,Calaveras,California
Wilseyville,95257,Calaveras,California
Arbuckle,95912,Colusa,California
Colusa,95932,Colusa,California
Grimes,95950,Colusa,California
Maxwell,95955,Colusa,California
Stonyford,95979,Colusa,California
Williams,95987,Colusa,California
Discovery Bay,94505,Contra Costa,California
Danville,94506,Contra Costa,California
Alamo,94507,Contra Costa,California
Antioch,94509,Contra Costa,California
Bethel Island,94511,Contra Costa,California
Brentwood,94513,Contra Costa,California
Byron,94514,Contra Costa,California
Canyon,94516,Contra Costa,California
Clayton,94517,Contra Costa,California
Concord,94518,Contra Costa,California
Concord,94519,Contra Costa,California
Concord,94520,Contra Costa,California
Concord,94521,Contra Costa,California
Concord,94522,Contra Costa,California
Pleasant Hill,94523,Contra Costa,California
Concord,94524,Contra Costa,California
Crockett,94525,Contra Costa,California
Danville,94526,Contra Costa,California
Concord,94527,Contra Costa,California
Diablo,94528,Contra Costa,California
Concord,94529,Contra Costa,California
El Cerrito,94530,Contra Costa,California
Antioch,94531,Contra Costa,California
Hercules,94547,Contra Costa,California
Knightsen,94548,Contra Costa,California
Lafayette,94549,Contra Costa,California
Martinez,94553,Contra Costa,California
Moraga,94556,Contra Costa,California
Oakley,94561,Contra Costa,California
Orinda,94563,Contra Costa,California
Pinole,94564,Contra Costa,California
Pittsburg,94565,Contra Costa,California
Port Costa,94569,Contra Costa,California
Moraga,94570,Contra Costa,California
Rodeo,94572,Contra Costa,California
Moraga,94575,Contra Costa,California
San Ramon,94582,Contra Costa,California
San Ramon,94583,Contra Costa,California
Walnut Creek,94595,Contra Costa,California
Walnut Creek,94596,Contra Costa,California
Walnut Creek,94597,Contra Costa,California
Walnut Creek,94598,Contra Costa,California
Richmond,94801,Contra Costa,California
Richmond,94802,Contra Costa,California
El Sobrante,94803,Contra Costa,California
Richmond,94804,Contra Costa,California
Richmond,94805,Contra Costa,California
San Pablo,94806,Contra Costa,California
Richmond,94807,Contra Costa,California
Richmond,94808,Contra Costa,California
El Sobrante,94820,Contra Costa,California
Richmond,94850,Contra Costa,California
Crescent City,95531,Del Norte,California
Crescent City,95532,Del Norte,California
Fort Dick,95538,Del Norte,California
Gasquet,95543,Del Norte,California
Klamath,95548,Del Norte,California
Smith River,95567,Del Norte,California
Coloma,95613,El Dorado,California
Cool,95614,El Dorado,California
Diamond Springs,95619,El Dorado,California
El Dorado,95623,El Dorado,California
Garden Valley,95633,El Dorado,California
Georgetown,95634,El Dorado,California
Greenwood,95635,El Dorado,California
Grizzly Flats,95636,El Dorado,California
Kit Carson,95644,El Dorado,California
Lotus,95651,El Dorado,California
Mount Aukum,95656,El Dorado,California
Pilot Hill,95664,El Dorado,California
Placerville,95667,El Dorado,California
Rescue,95672,El Dorado,California
Shingle Springs,95682,El Dorado,California
Somerset,95684,El Dorado,California
Camino,95709,El Dorado,California
Kyburz,95720,El Dorado,California
Echo Lake,95721,El Dorado,California
Pollock Pines,95726,El Dorado,California
Twin Bridges,95735,El Dorado,California
El Dorado Hills,95762,El Dorado,California
Tahoma,96142,El Dorado,California
South Lake Tahoe,96150,El Dorado,California
South Lake Tahoe,96151,El Dorado,California
South Lake Tahoe,96152,El Dorado,California
South Lake Tahoe,96154,El Dorado,California
South Lake Tahoe,96155,El Dorado,California
South Lake Tahoe,96157,El Dorado,California
South Lake Tahoe,96158,El Dorado,California
Coalinga,93210,Fresno,California
Huron,93234,Fresno,California
Laton,93242,Fresno,California
Auberry,93602,Fresno,California
Big Creek,93605,Fresno,California
Biola,93606,Fresno,California
Burrel,93607,Fresno,California
Cantua Creek,93608,Fresno,California
Caruthers,93609,Fresno,California
Clovis,93611,Fresno,California
Clovis,93612,Fresno,California
Clovis,93613,Fresno,California
Del Rey,93616,Fresno,California
Clovis,93619,Fresno,California
Dunlap,93621,Fresno,California
Firebaugh,93622,Fresno,California
Five Points,93624,Fresno,California
Fowler,93625,Fresno,California
Helm,93627,Fresno,California
Hume,93628,Fresno,California
Kerman,93630,Fresno,California
Kingsburg,93631,Fresno,California
Lakeshore,93634,Fresno,California
Mendota,93640,Fresno,California
Miramonte,93641,Fresno,California
Mono Hot Springs,93642,Fresno,California
Orange Cove,93646,Fresno,California
Parlier,93648,Fresno,California
Piedra,93649,Fresno,California
Fresno,93650,Fresno,California
Prather,93651,Fresno,California
Raisin City,93652,Fresno,California
Reedley,93654,Fresno,California
Riverdale,93656,Fresno,California
Sanger,93657,Fresno,California
San Joaquin,93660,Fresno,California
Selma,93662,Fresno,California
Shaver Lake,93664,Fresno,California
Tollhouse,93667,Fresno,California
Tranquillity,93668,Fresno,California
Squaw Valley,93675,Fresno,California
Fresno,93701,Fresno,California
Fresno,93702,Fresno,California
Fresno,93703,Fresno,California
Fresno,93704,Fresno,California
Fresno,93705,Fresno,California
Fresno,93706,Fresno,California
Fresno,93707,Fresno,California
Fresno,93708,Fresno,California
Fresno,93709,Fresno,California
Fresno,93710,Fresno,California
Fresno,93711,Fresno,California
Fresno,93712,Fresno,California
Fresno,93714,Fresno,California
Fresno,93715,Fresno,California
Fresno,93716,Fresno,California
Fresno,93717,Fresno,California
Fresno,93718,Fresno,California
Fresno,93720,Fresno,California
Fresno,93721,Fresno,California
Fresno,93722,Fresno,California
Fresno,93723,Fresno,California
Fresno,93724,Fresno,California
Fresno,93725,Fresno,California
Fresno,93726,Fresno,California
Fresno,93727,Fresno,California
Fresno,93728,Fresno,California
Fresno,93729,Fresno,California
Fresno,93730,Fresno,California
Fresno,93737,Fresno,California
Fresno,93740,Fresno,California
Fresno,93741,Fresno,California
Fresno,93744,Fresno,California
Fresno,93745,Fresno,California
Fresno,93747,Fresno,California
Fresno,93750,Fresno,California
Fresno,93755,Fresno,California
Fresno,93760,Fresno,California
Fresno,93761,Fresno,California
Fresno,93764,Fresno,California
Fresno,93765,Fresno,California
Fresno,93771,Fresno,California
Fresno,93772,Fresno,California
Fresno,93773,Fresno,California
Fresno,93774,Fresno,California
Fresno,93775,Fresno,California
Fresno,93776,Fresno,California
Fresno,93777,Fresno,California
Fresno,93778,Fresno,California
Fresno,93779,Fresno,California
Fresno,93780,Fresno,California
Fresno,93784,Fresno,California
Fresno,93786,Fresno,California
Fresno,93790,Fresno,California
Fresno,93791,Fresno,California
Fresno,93792,Fresno,California
Fresno,93793,Fresno,California
Fresno,93794,Fresno,California
Fresno,93844,Fresno,California
Fresno,93888,Fresno,California
Artois,95913,Glenn,California
Butte City,95920,Glenn,California
Elk Creek,95939,Glenn,California
Glenn,95943,Glenn,California
Hamilton City,95951,Glenn,California
Orland,95963,Glenn,California
Princeton,95970,Glenn,California
Willows,95988,Glenn,California
Eureka,95501,Humboldt,California
Eureka,95502,Humboldt,California
Eureka,95503,Humboldt,California
Alderpoint,95511,Humboldt,California
Blocksburg,95514,Humboldt,California
Arcata,95518,Humboldt,California
Mckinleyville,95519,Humboldt,California
Arcata,95521,Humboldt,California
Bayside,95524,Humboldt,California
Blue Lake,95525,Humboldt,California
Bridgeville,95526,Humboldt,California
Carlotta,95528,Humboldt,California
Cutten,95534,Humboldt,California
Ferndale,95536,Humboldt,California
Fields Landing,95537,Humboldt,California
Fortuna,95540,Humboldt,California
Garberville,95542,Humboldt,California
Honeydew,95545,Humboldt,California
Hoopa,95546,Humboldt,California
Hydesville,95547,Humboldt,California
Kneeland,95549,Humboldt,California
Korbel,95550,Humboldt,California
Loleta,95551,Humboldt,California
Miranda,95553,Humboldt,California
Myers Flat,95554,Humboldt,California
Orick,95555,Humboldt,California
Orleans,95556,Humboldt,California
Petrolia,95558,Humboldt,California
Phillipsville,95559,Humboldt,California
Redway,95560,Humboldt,California
Rio Dell,95562,Humboldt,California
Salyer,95563,Humboldt,California
Samoa,95564,Humboldt,California
Scotia,95565,Humboldt,California
Redcrest,95569,Humboldt,California
Trinidad,95570,Humboldt,California
Weott,95571,Humboldt,California
Willow Creek,95573,Humboldt,California
Whitethorn,95589,Humboldt,California
Bard,92222,Imperial,California
Brawley,92227,Imperial,California
Calexico,92231,Imperial,California
Calexico,92232,Imperial,California
Calipatria,92233,Imperial,California
El Centro,92243,Imperial,California
El Centro,92244,Imperial,California
Heber,92249,Imperial,California
Holtville,92250,Imperial,California
Imperial,92251,Imperial,California
Niland,92257,Imperial,California
Ocotillo,92259,Imperial,California
Palo Verde,92266,Imperial,California
Seeley,92273,Imperial,California
Thermal,92274,Imperial,California
Salton City,92275,Imperial,California
Westmorland,92281,Imperial,California
Winterhaven,92283,Imperial,California
Death Valley,92328,Inyo,California
Shoshone,92384,Inyo,California
Tecopa,92389,Inyo,California
Big Pine,93513,Inyo,California
Bishop,93514,Inyo,California
Bishop,93515,Inyo,California
Darwin,93522,Inyo,California
Independence,93526,Inyo,California
Keeler,93530,Inyo,California
Little Lake,93542,Inyo,California
Lone Pine,93545,Inyo,California
Olancha,93549,Inyo,California
Trona,93562,Inyo,California
Arvin,93203,Kern,California
Bodfish,93205,Kern,California
Buttonwillow,93206,Kern,California
Delano,93215,Kern,California
Delano,93216,Kern,California
Edison,93220,Kern,California
Pine Mountain Club,93222,Kern,California
Fellows,93224,Kern,California
Frazier Park,93225,Kern,California
Glennville,93226,Kern,California
Kernville,93238,Kern,California
Lake Isabella,93240,Kern,California
Lamont,93241,Kern,California
Lost Hills,93249,Kern,California
Mc Farland,93250,Kern,California
Mc Kittrick,93251,Kern,California
Maricopa,93252,Kern,California
Onyx,93255,Kern,California
Shafter,93263,Kern,California
Taft,93268,Kern,California
Tupman,93276,Kern,California
Wasco,93280,Kern,California
Weldon,93283,Kern,California
Wofford Heights,93285,Kern,California
Woody,93287,Kern,California
Bakersfield,93301,Kern,California
Bakersfield,93302,Kern,California
Bakersfield,93303,Kern,California
Bakersfield,93304,Kern,California
Bakersfield,93305,Kern,California
Bakersfield,93306,Kern,California
Bakersfield,93307,Kern,California
Bakersfield,93308,Kern,California
Bakersfield,93309,Kern,California
Bakersfield,93311,Kern,California
Bakersfield,93312,Kern,California
Bakersfield,93313,Kern,California
Bakersfield,93314,Kern,California
Bakersfield,93380,Kern,California
Bakersfield,93381,Kern,California
Bakersfield,93382,Kern,California
Bakersfield,93383,Kern,California
Bakersfield,93384,Kern,California
Bakersfield,93385,Kern,California
Bakersfield,93386,Kern,California
Bakersfield,93387,Kern,California
Bakersfield,93388,Kern,California
Bakersfield,93389,Kern,California
Bakersfield,93390,Kern,California
Mojave,93501,Kern,California
Mojave,93502,Kern,California
California City,93504,Kern,California
California City,93505,Kern,California
Boron,93516,Kern,California
Caliente,93518,Kern,California
Cantil,93519,Kern,California
Edwards,93523,Kern,California
Edwards,93524,Kern,California
Inyokern,93527,Kern,California
Johannesburg,93528,Kern,California
Keene,93531,Kern,California
Randsburg,93554,Kern,California
Ridgecrest,93555,Kern,California
Ridgecrest,93556,Kern,California
Rosamond,93560,Kern,California
Tehachapi,93561,Kern,California
Tehachapi,93581,Kern,California
Boron,93596,Kern,California
Armona,93202,Kings,California
Avenal,93204,Kings,California
Corcoran,93212,Kings,California
Hanford,93230,Kings,California
Hanford,93232,Kings,California
Kettleman City,93239,Kings,California
Lemoore,93245,Kings,California
Lemoore,93246,Kings,California
Stratford,93266,Kings,California
Clearlake,95422,Lake,California
Clearlake Oaks,95423,Lake,California
Clearlake Park,95424,Lake,California
Cobb,95426,Lake,California
Finley,95435,Lake,California
Glenhaven,95443,Lake,California
Kelseyville,95451,Lake,California
Lakeport,95453,Lake,California
Lower Lake,95457,Lake,California
Lucerne,95458,Lake,California
Middletown,95461,Lake,California
Nice,95464,Lake,California
Hidden Valley Lake,95467,Lake,California
Potter Valley,95469,Lake,California
Upper Lake,95485,Lake,California
Witter Springs,95493,Lake,California
Bieber,96009,Lassen,California
Mcarthur,96056,Lassen,California
Nubieber,96068,Lassen,California
Doyle,96109,Lassen,California
Herlong,96113,Lassen,California
Janesville,96114,Lassen,California
Litchfield,96117,Lassen,California
Madeline,96119,Lassen,California
Ravendale,96123,Lassen,California
Susanville,96127,Lassen,California
Standish,96128,Lassen,California
Susanville,96130,Lassen,California
Termo,96132,Lassen,California
Wendel,96136,Lassen,California
Westwood,96137,Lassen,California
Los Angeles,90001,Los Angeles,California
Los Angeles,90002,Los Angeles,California
Los Angeles,90003,Los Angeles,California
Los Angeles,90004,Los Angeles,California
Los Angeles,90005,Los Angeles,California
Los Angeles,90006,Los Angeles,California
Los Angeles,90007,Los Angeles,California
Los Angeles,90008,Los Angeles,California
Los Angeles,90009,Los Angeles,California
Los Angeles,90010,Los Angeles,California
Los Angeles,90011,Los Angeles,California
Los Angeles,90012,Los Angeles,California
Los Angeles,90013,Los Angeles,California
Los Angeles,90014,Los Angeles,California
Los Angeles,90015,Los Angeles,California
Los Angeles,90016,Los Angeles,California
Los Angeles,90017,Los Angeles,California
Los Angeles,90018,Los Angeles,California
Los Angeles,90019,Los Angeles,California
Los Angeles,90020,Los Angeles,California
Los Angeles,90021,Los Angeles,California
Los Angeles,90022,Los Angeles,California
Los Angeles,90023,Los Angeles,California
Los Angeles,90024,Los Angeles,California
Los Angeles,90025,Los Angeles,California
Los Angeles,90026,Los Angeles,California
Los Angeles,90027,Los Angeles,California
Los Angeles,90028,Los Angeles,California
Los Angeles,90029,Los Angeles,California
Los Angeles,90030,Los Angeles,California
Los Angeles,90031,Los Angeles,California
Los Angeles,90032,Los Angeles,California
Los Angeles,90033,Los Angeles,California
Los Angeles,90034,Los Angeles,California
Los Angeles,90035,Los Angeles,California
Los Angeles,90036,Los Angeles,California
Los Angeles,90037,Los Angeles,California
Los Angeles,90038,Los Angeles,California
Los Angeles,90039,Los Angeles,California
Los Angeles,90040,Los Angeles,California
Los Angeles,90041,Los Angeles,California
Los Angeles,90042,Los Angeles,California
Los Angeles,90043,Los Angeles,California
Los Angeles,90044,Los Angeles,California
Los Angeles,90045,Los Angeles,California
Los Angeles,90046,Los Angeles,California
Los Angeles,90047,Los Angeles,California
Los Angeles,90048,Los Angeles,California
Los Angeles,90049,Los Angeles,California
Los Angeles,90050,Los Angeles,California
Los Angeles,90051,Los Angeles,California
Los Angeles,90052,Los Angeles,California
Los Angeles,90053,Los Angeles,California
Los Angeles,90054,Los Angeles,California
Los Angeles,90055,Los Angeles,California
Los Angeles,90056,Los Angeles,California
Los Angeles,90057,Los Angeles,California
Los Angeles,90058,Los Angeles,California
Los Angeles,90059,Los Angeles,California
Los Angeles,90060,Los Angeles,California
Los Angeles,90061,Los Angeles,California
Los Angeles,90062,Los Angeles,California
Los Angeles,90063,Los Angeles,California
Los Angeles,90064,Los Angeles,California
Los Angeles,90065,Los Angeles,California
Los Angeles,90066,Los Angeles,California
Los Angeles,90067,Los Angeles,California
Los Angeles,90068,Los Angeles,California
West Hollywood,90069,Los Angeles,California
Los Angeles,90070,Los Angeles,California
Los Angeles,90071,Los Angeles,California
Los Angeles,90072,Los Angeles,California
Los Angeles,90073,Los Angeles,California
Los Angeles,90074,Los Angeles,California
Los Angeles,90075,Los Angeles,California
Los Angeles,90076,Los Angeles,California
Los Angeles,90077,Los Angeles,California
Los Angeles,90078,Los Angeles,California
Los Angeles,90079,Los Angeles,California
Los Angeles,90080,Los Angeles,California
Los Angeles,90081,Los Angeles,California
Los Angeles,90082,Los Angeles,California
Los Angeles,90083,Los Angeles,California
Los Angeles,90084,Los Angeles,California
Los Angeles,90086,Los Angeles,California
Los Angeles,90087,Los Angeles,California
Los Angeles,90088,Los Angeles,California
Los Angeles,90089,Los Angeles,California
Dodgertown,90090,Los Angeles,California
Los Angeles,90091,Los Angeles,California
Los Angeles,90093,Los Angeles,California
Playa Vista,90094,Los Angeles,California
Los Angeles,90095,Los Angeles,California
Los Angeles,90096,Los Angeles,California
Los Angeles,90099,Los Angeles,California
Los Angeles,90101,Los Angeles,California
Los Angeles,90102,Los Angeles,California
Los Angeles,90103,Los Angeles,California
Los Angeles,90189,Los Angeles,California
Bell Gardens,90201,Los Angeles,California
Bell,90202,Los Angeles,California
Beverly Hills,90209,Los Angeles,California
Beverly Hills,90210,Los Angeles,California
Beverly Hills,90211,Los Angeles,California
Beverly Hills,90212,Los Angeles,California
Beverly Hills,90213,Los Angeles,California
Compton,90220,Los Angeles,California
Compton,90221,Los Angeles,California
Compton,90222,Los Angeles,California
Compton,90223,Los Angeles,California
Compton,90224,Los Angeles,California
Culver City,90230,Los Angeles,California
Culver City,90231,Los Angeles,California
Culver City,90232,Los Angeles,California
Culver City,90233,Los Angeles,California
Downey,90239,Los Angeles,California
Downey,90240,Los Angeles,California
Downey,90241,Los Angeles,California
Downey,90242,Los Angeles,California
El Segundo,90245,Los Angeles,California
Gardena,90247,Los Angeles,California
Gardena,90248,Los Angeles,California
Gardena,90249,Los Angeles,California
Hawthorne,90250,Los Angeles,California
Hawthorne,90251,Los Angeles,California
Hermosa Beach,90254,Los Angeles,California
Huntington Park,90255,Los Angeles,California
Lawndale,90260,Los Angeles,California
Lawndale,90261,Los Angeles,California
Lynwood,90262,Los Angeles,California
Malibu,90263,Los Angeles,California
Malibu,90264,Los Angeles,California
Malibu,90265,Los Angeles,California
Manhattan Beach,90266,Los Angeles,California
Manhattan Beach,90267,Los Angeles,California
Maywood,90270,Los Angeles,California
Pacific Palisades,90272,Los Angeles,California
Palos Verdes Peninsula,90274,Los Angeles,California
Rancho Palos Verdes,90275,Los Angeles,California
Redondo Beach,90277,Los Angeles,California
Redondo Beach,90278,Los Angeles,California
South Gate,90280,Los Angeles,California
Topanga,90290,Los Angeles,California
Venice,90291,Los Angeles,California
Marina Del Rey,90292,Los Angeles,California
Playa Del Rey,90293,Los Angeles,California
Venice,90294,Los Angeles,California
Marina Del Rey,90295,Los Angeles,California
Playa Del Rey,90296,Los Angeles,California
Inglewood,90301,Los Angeles,California
Inglewood,90302,Los Angeles,California
Inglewood,90303,Los Angeles,California
Inglewood,90304,Los Angeles,California
Inglewood,90305,Los Angeles,California
Inglewood,90306,Los Angeles,California
Inglewood,90307,Los Angeles,California
Inglewood,90308,Los Angeles,California
Inglewood,90309,Los Angeles,California
Inglewood,90310,Los Angeles,California
Inglewood,90311,Los Angeles,California
Inglewood,90312,Los Angeles,California
Inglewood,90313,Los Angeles,California
Inglewood,90397,Los Angeles,California
Inglewood,90398,Los Angeles,California
Santa Monica,90401,Los Angeles,California
Santa Monica,90402,Los Angeles,California
Santa Monica,90403,Los Angeles,California
Santa Monica,90404,Los Angeles,California
Santa Monica,90405,Los Angeles,California
Santa Monica,90406,Los Angeles,California
Santa Monica,90407,Los Angeles,California
Santa Monica,90408,Los Angeles,California
Santa Monica,90409,Los Angeles,California
Santa Monica,90410,Los Angeles,California
Santa Monica,90411,Los Angeles,California
Torrance,90501,Los Angeles,California
Torrance,90502,Los Angeles,California
Torrance,90503,Los Angeles,California
Torrance,90504,Los Angeles,California
Torrance,90505,Los Angeles,California
Torrance,90506,Los Angeles,California
Torrance,90507,Los Angeles,California
Torrance,90508,Los Angeles,California
Torrance,90509,Los Angeles,California
Torrance,90510,Los Angeles,California
Whittier,90601,Los Angeles,California
Whittier,90602,Los Angeles,California
Whittier,90603,Los Angeles,California
Whittier,90604,Los Angeles,California
Whittier,90605,Los Angeles,California
Whittier,90606,Los Angeles,California
Whittier,90607,Los Angeles,California
Whittier,90608,Los Angeles,California
Whittier,90609,Los Angeles,California
Whittier,90610,Los Angeles,California
Whittier,90612,Los Angeles,California
La Mirada,90637,Los Angeles,California
La Mirada,90638,Los Angeles,California
La Mirada,90639,Los Angeles,California
Montebello,90640,Los Angeles,California
Norwalk,90650,Los Angeles,California
Norwalk,90651,Los Angeles,California
Norwalk,90652,Los Angeles,California
Norwalk,90659,Los Angeles,California
Pico Rivera,90660,Los Angeles,California
Pico Rivera,90661,Los Angeles,California
Pico Rivera,90662,Los Angeles,California
Santa Fe Springs,90670,Los Angeles,California
Santa Fe Springs,90671,Los Angeles,California
Artesia,90701,Los Angeles,California
Artesia,90702,Los Angeles,California
Cerritos,90703,Los Angeles,California
Avalon,90704,Los Angeles,California
Bellflower,90706,Los Angeles,California
Bellflower,90707,Los Angeles,California
Harbor City,90710,Los Angeles,California
Lakewood,90711,Los Angeles,California
Lakewood,90712,Los Angeles,California
Lakewood,90713,Los Angeles,California
Lakewood,90714,Los Angeles,California
Lakewood,90715,Los Angeles,California
Hawaiian Gardens,90716,Los Angeles,California
Lomita,90717,Los Angeles,California
Paramount,90723,Los Angeles,California
San Pedro,90731,Los Angeles,California
San Pedro,90732,Los Angeles,California
San Pedro,90733,Los Angeles,California
San Pedro,90734,Los Angeles,California
Wilmington,90744,Los Angeles,California
Carson,90745,Los Angeles,California
Carson,90746,Los Angeles,California
Carson,90747,Los Angeles,California
Wilmington,90748,Los Angeles,California
Carson,90749,Los Angeles,California
Signal Hill,90755,Los Angeles,California
Long Beach,90801,Los Angeles,California
Long Beach,90802,Los Angeles,California
Long Beach,90803,Los Angeles,California
Long Beach,90804,Los Angeles,California
Long Beach,90805,Los Angeles,California
Long Beach,90806,Los Angeles,California
Long Beach,90807,Los Angeles,California
Long Beach,90808,Los Angeles,California
Long Beach,90809,Los Angeles,California
Long Beach,90810,Los Angeles,California
Long Beach,90813,Los Angeles,California
Long Beach,90814,Los Angeles,California
Long Beach,90815,Los Angeles,California
Long Beach,90822,Los Angeles,California
Long Beach,90831,Los Angeles,California
Long Beach,90832,Los Angeles,California
Long Beach,90833,Los Angeles,California
Long Beach,90834,Los Angeles,California
Long Beach,90835,Los Angeles,California
Long Beach,90840,Los Angeles,California
Long Beach,90842,Los Angeles,California
Long Beach,90844,Los Angeles,California
Long Beach,90845,Los Angeles,California
Long Beach,90846,Los Angeles,California
Long Beach,90847,Los Angeles,California
Long Beach,90848,Los Angeles,California
Long Beach,90853,Los Angeles,California
Long Beach,90888,Los Angeles,California
Carson,90895,Los Angeles,California
Long Beach,90899,Los Angeles,California
Altadena,91001,Los Angeles,California
Altadena,91003,Los Angeles,California
Arcadia,91006,Los Angeles,California
Arcadia,91007,Los Angeles,California
Duarte,91008,Los Angeles,California
Duarte,91009,Los Angeles,California
Duarte,91010,Los Angeles,California
La Canada Flintridge,91011,Los Angeles,California
La Canada Flintridge,91012,Los Angeles,California
Monrovia,91016,Los Angeles,California
Monrovia,91017,Los Angeles,California
Montrose,91020,Los Angeles,California
Montrose,91021,Los Angeles,California
Mount Wilson,91023,Los Angeles,California
Sierra Madre,91024,Los Angeles,California
Sierra Madre,91025,Los Angeles,California
South Pasadena,91030,Los Angeles,California
South Pasadena,91031,Los Angeles,California
Sunland,91040,Los Angeles,California
Sunland,91041,Los Angeles,California
Tujunga,91042,Los Angeles,California
Tujunga,91043,Los Angeles,California
Verdugo City,91046,Los Angeles,California
Arcadia,91066,Los Angeles,California
Arcadia,91077,Los Angeles,California
Pasadena,91101,Los Angeles,California
Pasadena,91102,Los Angeles,California
Pasadena,91103,Los Angeles,California
Pasadena,91104,Los Angeles,California
Pasadena,91105,Los Angeles,California
Pasadena,91106,Los Angeles,California
Pasadena,91107,Los Angeles,California
San Marino,91108,Los Angeles,California
Pasadena,91109,Los Angeles,California
Pasadena,91110,Los Angeles,California
Pasadena,91114,Los Angeles,California
Pasadena,91115,Los Angeles,California
Pasadena,91116,Los Angeles,California
Pasadena,91117,Los Angeles,California
San Marino,91118,Los Angeles,California
Pasadena,91121,Los Angeles,California
Pasadena,91123,Los Angeles,California
Pasadena,91124,Los Angeles,California
Pasadena,91125,Los Angeles,California
Pasadena,91126,Los Angeles,California
Pasadena,91129,Los Angeles,California
Pasadena,91131,Los Angeles,California
Pasadena,91182,Los Angeles,California
Pasadena,91184,Los Angeles,California
Pasadena,91185,Los Angeles,California
Pasadena,91188,Los Angeles,California
Pasadena,91189,Los Angeles,California
Pasadena,91191,Los Angeles,California
Pasadena,91199,Los Angeles,California
Glendale,91201,Los Angeles,California
Glendale,91202,Los Angeles,California
Glendale,91203,Los Angeles,California
Glendale,91204,Los Angeles,California
Glendale,91205,Los Angeles,California
Glendale,91206,Los Angeles,California
Glendale,91207,Los Angeles,California
Glendale,91208,Los Angeles,California
Glendale,91209,Los Angeles,California
Glendale,91210,Los Angeles,California
La Crescenta,91214,Los Angeles,California
Glendale,91221,Los Angeles,California
Glendale,91222,Los Angeles,California
La Crescenta,91224,Los Angeles,California
Glendale,91225,Los Angeles,California
Glendale,91226,Los Angeles,California
Agoura Hills,91301,Los Angeles,California
Calabasas,91302,Los Angeles,California
Canoga Park,91303,Los Angeles,California
Canoga Park,91304,Los Angeles,California
Canoga Park,91305,Los Angeles,California
Winnetka,91306,Los Angeles,California
West Hills,91307,Los Angeles,California
West Hills,91308,Los Angeles,California
Canoga Park,91309,Los Angeles,California
Castaic,91310,Los Angeles,California
Chatsworth,91311,Los Angeles,California
Chatsworth,91313,Los Angeles,California
Encino,91316,Los Angeles,California
Newhall,91321,Los Angeles,California
Newhall,91322,Los Angeles,California
Northridge,91324,Los Angeles,California
Northridge,91325,Los Angeles,California
Porter Ranch,91326,Los Angeles,California
Northridge,91327,Los Angeles,California
Northridge,91328,Los Angeles,California
Northridge,91329,Los Angeles,California
Northridge,91330,Los Angeles,California
Pacoima,91331,Los Angeles,California
Pacoima,91333,Los Angeles,California
Pacoima,91334,Los Angeles,California
Reseda,91335,Los Angeles,California
Reseda,91337,Los Angeles,California
San Fernando,91340,Los Angeles,California
San Fernando,91341,Los Angeles,California
Sylmar,91342,Los Angeles,California
North Hills,91343,Los Angeles,California
Granada Hills,91344,Los Angeles,California
Mission Hills,91345,Los Angeles,California
Mission Hills,91346,Los Angeles,California
Santa Clarita,91350,Los Angeles,California
Canyon Country,91351,Los Angeles,California
Sun Valley,91352,Los Angeles,California
Sun Valley,91353,Los Angeles,California
Valencia,91354,Los Angeles,California
Valencia,91355,Los Angeles,California
Tarzana,91356,Los Angeles,California
Tarzana,91357,Los Angeles,California
Westlake Village,91359,Los Angeles,California
Thousand Oaks,91363,Los Angeles,California
Woodland Hills,91364,Los Angeles,California
Woodland Hills,91365,Los Angeles,California
Woodland Hills,91367,Los Angeles,California
Woodland Hills,91371,Los Angeles,California
Calabasas,91372,Los Angeles,California
Agoura Hills,91376,Los Angeles,California
Santa Clarita,91380,Los Angeles,California
Stevenson Ranch,91381,Los Angeles,California
Santa Clarita,91382,Los Angeles,California
Santa Clarita,91383,Los Angeles,California
Castaic,91384,Los Angeles,California
Valencia,91385,Los Angeles,California
Canyon Country,91386,Los Angeles,California
Canyon Country,91387,Los Angeles,California
Van Nuys,91388,Los Angeles,California
Santa Clarita,91390,Los Angeles,California
Sylmar,91392,Los Angeles,California
North Hills,91393,Los Angeles,California
Granada Hills,91394,Los Angeles,California
Mission Hills,91395,Los Angeles,California
Winnetka,91396,Los Angeles,California
Woodland Hills,91399,Los Angeles,California
Van Nuys,91401,Los Angeles,California
Panorama City,91402,Los Angeles,California
Sherman Oaks,91403,Los Angeles,California
Van Nuys,91404,Los Angeles,California
Van Nuys,91405,Los Angeles,California
Van Nuys,91406,Los Angeles,California
Van Nuys,91407,Los Angeles,California
Van Nuys,91408,Los Angeles,California
Van Nuys,91409,Los Angeles,California
Van Nuys,91410,Los Angeles,California
Van Nuys,91411,Los Angeles,California
Panorama City,91412,Los Angeles,California
Sherman Oaks,91413,Los Angeles,California
Encino,91416,Los Angeles,California
Sherman Oaks,91423,Los Angeles,California
Encino,91426,Los Angeles,California
Encino,91436,Los Angeles,California
Van Nuys,91470,Los Angeles,California
Van Nuys,91482,Los Angeles,California
Sherman Oaks,91495,Los Angeles,California
Van Nuys,91496,Los Angeles,California
Van Nuys,91497,Los Angeles,California
Van Nuys,91499,Los Angeles,California
Burbank,91501,Los Angeles,California
Burbank,91502,Los Angeles,California
Burbank,91503,Los Angeles,California
Burbank,91504,Los Angeles,California
Burbank,91505,Los Angeles,California
Burbank,91506,Los Angeles,California
Burbank,91507,Los Angeles,California
Burbank,91508,Los Angeles,California
Burbank,91510,Los Angeles,California
Burbank,91521,Los Angeles,California
Burbank,91522,Los Angeles,California
Burbank,91523,Los Angeles,California
Burbank,91526,Los Angeles,California
North Hollywood,91601,Los Angeles,California
North Hollywood,91602,Los Angeles,California
North Hollywood,91603,Los Angeles,California
Studio City,91604,Los Angeles,California
North Hollywood,91605,Los Angeles,California
North Hollywood,91606,Los Angeles,California
Valley Village,91607,Los Angeles,California
Universal City,91608,Los Angeles,California
North Hollywood,91609,Los Angeles,California
Toluca Lake,91610,Los Angeles,California
North Hollywood,91611,Los Angeles,California
North Hollywood,91612,Los Angeles,California
Studio City,91614,Los Angeles,California
North Hollywood,91615,Los Angeles,California
North Hollywood,91616,Los Angeles,California
Valley Village,91617,Los Angeles,California
North Hollywood,91618,Los Angeles,California
Azusa,91702,Los Angeles,California
Baldwin Park,91706,Los Angeles,California
Claremont,91711,Los Angeles,California
City Of Industry,91714,Los Angeles,California
City Of Industry,91715,Los Angeles,California
City Of Industry,91716,Los Angeles,California
Covina,91722,Los Angeles,California
Covina,91723,Los Angeles,California
Covina,91724,Los Angeles,California
El Monte,91731,Los Angeles,California
El Monte,91732,Los Angeles,California
South El Monte,91733,Los Angeles,California
El Monte,91734,Los Angeles,California
El Monte,91735,Los Angeles,California
Glendora,91740,Los Angeles,California
Glendora,91741,Los Angeles,California
La Puente,91744,Los Angeles,California
Hacienda Heights,91745,Los Angeles,California
La Puente,91746,Los Angeles,California
La Puente,91747,Los Angeles,California
Rowland Heights,91748,Los Angeles,California
La Puente,91749,Los Angeles,California
La Verne,91750,Los Angeles,California
Monterey Park,91754,Los Angeles,California
Monterey Park,91755,Los Angeles,California
Monterey Park,91756,Los Angeles,California
Diamond Bar,91765,Los Angeles,California
Pomona,91766,Los Angeles,California
Pomona,91767,Los Angeles,California
Pomona,91768,Los Angeles,California
Pomona,91769,Los Angeles,California
Rosemead,91770,Los Angeles,California
Rosemead,91771,Los Angeles,California
Rosemead,91772,Los Angeles,California
San Dimas,91773,Los Angeles,California
San Gabriel,91775,Los Angeles,California
San Gabriel,91776,Los Angeles,California
San Gabriel,91778,Los Angeles,California
Temple City,91780,Los Angeles,California
Walnut,91788,Los Angeles,California
Walnut,91789,Los Angeles,California
West Covina,91790,Los Angeles,California
West Covina,91791,Los Angeles,California
West Covina,91792,Los Angeles,California
West Covina,91793,Los Angeles,California
Walnut,91795,Los Angeles,California
Pomona,91797,Los Angeles,California
Pomona,91799,Los Angeles,California
Alhambra,91801,Los Angeles,California
Alhambra,91802,Los Angeles,California
Alhambra,91803,Los Angeles,California
Alhambra,91804,Los Angeles,California
Alhambra,91841,Los Angeles,California
Alhambra,91896,Los Angeles,California
Alhambra,91899,Los Angeles,California
Lebec,93243,Los Angeles,California
Acton,93510,Los Angeles,California
Lake Hughes,93532,Los Angeles,California
Lancaster,93534,Los Angeles,California
Lancaster,93535,Los Angeles,California
Lancaster,93536,Los Angeles,California
Lancaster,93539,Los Angeles,California
Littlerock,93543,Los Angeles,California
Llano,93544,Los Angeles,California
Palmdale,93550,Los Angeles,California
Palmdale,93551,Los Angeles,California
Palmdale,93552,Los Angeles,California
Pearblossom,93553,Los Angeles,California
Valyermo,93563,Los Angeles,California
Lancaster,93584,Los Angeles,California
Lancaster,93586,Los Angeles,California
Palmdale,93590,Los Angeles,California
Palmdale,93591,Los Angeles,California
Palmdale,93599,Los Angeles,California
Ahwahnee,93601,Madera,California
Bass Lake,93604,Madera,California
Chowchilla,93610,Madera,California
Coarsegold,93614,Madera,California
Friant,93626,Madera,California
Madera,93636,Madera,California
Madera,93637,Madera,California
Madera,93638,Madera,California
Madera,93639,Madera,California
North Fork,93643,Madera,California
Oakhurst,93644,Madera,California
O Neals,93645,Madera,California
Raymond,93653,Madera,California
Wishon,93669,Madera,California
San Rafael,94901,Marin,California
San Rafael,94903,Marin,California
Greenbrae,94904,Marin,California
San Rafael,94912,Marin,California
San Rafael,94913,Marin,California
Kentfield,94914,Marin,California
San Rafael,94915,Marin,California
Belvedere Tiburon,94920,Marin,California
Bolinas,94924,Marin,California
Corte Madera,94925,Marin,California
Dillon Beach,94929,Marin,California
Fairfax,94930,Marin,California
Forest Knolls,94933,Marin,California
Inverness,94937,Marin,California
Lagunitas,94938,Marin,California
Larkspur,94939,Marin,California
Marshall,94940,Marin,California
Mill Valley,94941,Marin,California
Mill Valley,94942,Marin,California
Novato,94945,Marin,California
Nicasio,94946,Marin,California
Novato,94947,Marin,California
Novato,94948,Marin,California
Novato,94949,Marin,California
Olema,94950,Marin,California
Point Reyes Station,94956,Marin,California
Ross,94957,Marin,California
San Anselmo,94960,Marin,California
San Geronimo,94963,Marin,California
San Quentin,94964,Marin,California
Sausalito,94965,Marin,California
Sausalito,94966,Marin,California
Stinson Beach,94970,Marin,California
Tomales,94971,Marin,California
Woodacre,94973,Marin,California
San Quentin,94974,Marin,California
Corte Madera,94976,Marin,California
Larkspur,94977,Marin,California
Fairfax,94978,Marin,California
San Anselmo,94979,Marin,California
Novato,94998,Marin,California
Fish Camp,93623,Mariposa,California
Catheys Valley,95306,Mariposa,California
Coulterville,95311,Mariposa,California
El Portal,95318,Mariposa,California
Hornitos,95325,Mariposa,California
La Grange,95329,Mariposa,California
Mariposa,95338,Mariposa,California
Midpines,95345,Mariposa,California
Yosemite National Park,95389,Mariposa,California
Albion,95410,Mendocino,California
Boonville,95415,Mendocino,California
Branscomb,95417,Mendocino,California
Calpella,95418,Mendocino,California
Caspar,95420,Mendocino,California
Comptche,95427,Mendocino,California
Covelo,95428,Mendocino,California
Dos Rios,95429,Mendocino,California
Elk,95432,Mendocino,California
Fort Bragg,95437,Mendocino,California
Gualala,95445,Mendocino,California
Hopland,95449,Mendocino,California
Laytonville,95454,Mendocino,California
Little River,95456,Mendocino,California
Manchester,95459,Mendocino,California
Mendocino,95460,Mendocino,California
Navarro,95463,Mendocino,California
Philo,95466,Mendocino,California
Point Arena,95468,Mendocino,California
Redwood Valley,95470,Mendocino,California
Talmage,95481,Mendocino,California
Ukiah,95482,Mendocino,California
Westport,95488,Mendocino,California
Willits,95490,Mendocino,California
Yorkville,95494,Mendocino,California
Leggett,95585,Mendocino,California
Piercy,95587,Mendocino,California
Dos Palos,93620,Merced,California
Los Banos,93635,Merced,California
Santa Rita Park,93661,Merced,California
South Dos Palos,93665,Merced,California
Atwater,95301,Merced,California
Ballico,95303,Merced,California
Cressey,95312,Merced,California
Delhi,95315,Merced,California
El Nido,95317,Merced,California
Gustine,95322,Merced,California
Hilmar,95324,Merced,California
Le Grand,95333,Merced,California
Livingston,95334,Merced,California
Merced,95340,Merced,California
Merced,95341,Merced,California
Merced,95343,Merced,California
Merced,95344,Merced,California
Merced,95348,Merced,California
Planada,95365,Merced,California
Snelling,95369,Merced,California
Stevinson,95374,Merced,California
Winton,95388,Merced,California
Adin,96006,Modoc,California
Canby,96015,Modoc,California
Lookout,96054,Modoc,California
Alturas,96101,Modoc,California
Cedarville,96104,Modoc,California
Davis Creek,96108,Modoc,California
Eagleville,96110,Modoc,California
Fort Bidwell,96112,Modoc,California
Lake City,96115,Modoc,California
Likely,96116,Modoc,California
Benton,93512,Mono,California
Bridgeport,93517,Mono,California
June Lake,93529,Mono,California
Lee Vining,93541,Mono,California
Mammoth Lakes,93546,Mono,California
Coleville,96107,Mono,California
Topaz,96133,Mono,California
Bradley,93426,Monterey,California
San Ardo,93450,Monterey,California
Salinas,93901,Monterey,California
Salinas,93902,Monterey,California
Salinas,93905,Monterey,California
Salinas,93906,Monterey,California
Salinas,93907,Monterey,California
Salinas,93908,Monterey,California
Salinas,93912,Monterey,California
Salinas,93915,Monterey,California
Big Sur,93920,Monterey,California
Carmel By The Sea,93921,Monterey,California
Carmel,93922,Monterey,California
Carmel,93923,Monterey,California
Carmel Valley,93924,Monterey,California
Chualar,93925,Monterey,California
Gonzales,93926,Monterey,California
Greenfield,93927,Monterey,California
Jolon,93928,Monterey,California
King City,93930,Monterey,California
Lockwood,93932,Monterey,California
Marina,93933,Monterey,California
Monterey,93940,Monterey,California
Monterey,93942,Monterey,California
Monterey,93943,Monterey,California
Monterey,93944,Monterey,California
Pacific Grove,93950,Monterey,California
Pebble Beach,93953,Monterey,California
San Lucas,93954,Monterey,California
Seaside,93955,Monterey,California
Soledad,93960,Monterey,California
Spreckels,93962,Monterey,California
Aromas,95004,Monterey,California
Castroville,95012,Monterey,California
Moss Landing,95039,Monterey,California
American Canyon,94503,Napa,California
Angwin,94508,Napa,California
Calistoga,94515,Napa,California
Napa,94558,Napa,California
Napa,94559,Napa,California
Oakville,94562,Napa,California
Pope Valley,94567,Napa,California
Rutherford,94573,Napa,California
Saint Helena,94574,Napa,California
Deer Park,94576,Napa,California
Napa,94581,Napa,California
Yountville,94599,Napa,California
Chicago Park,95712,Nevada,California
Soda Springs,95728,Nevada,California
Cedar Ridge,95924,Nevada,California
Grass Valley,95945,Nevada,California
Penn Valley,95946,Nevada,California
Grass Valley,95949,Nevada,California
Nevada City,95959,Nevada,California
North San Juan,95960,Nevada,California
Rough And Ready,95975,Nevada,California
Washington,95986,Nevada,California
Floriston,96111,Nevada,California
Truckee,96160,Nevada,California
Truckee,96161,Nevada,California
Buena Park,90620,Orange,California
Buena Park,90621,Orange,California
Buena Park,90622,Orange,California
La Palma,90623,Orange,California
Buena Park,90624,Orange,California
Cypress,90630,Orange,California
La Habra,90631,Orange,California
La Habra,90632,Orange,California
La Habra,90633,Orange,California
Stanton,90680,Orange,California
Los Alamitos,90720,Orange,California
Los Alamitos,90721,Orange,California
Seal Beach,90740,Orange,California
Sunset Beach,90742,Orange,California
Surfside,90743,Orange,California
Irvine,92602,Orange,California
Irvine,92603,Orange,California
Irvine,92604,Orange,California
Huntington Beach,92605,Orange,California
Irvine,92606,Orange,California
Laguna Niguel,92607,Orange,California
El Toro,92609,Orange,California
Foothill Ranch,92610,Orange,California
Irvine,92612,Orange,California
Irvine,92614,Orange,California
Huntington Beach,92615,Orange,California
Irvine,92616,Orange,California
Irvine,92617,Orange,California
Irvine,92618,Orange,California
Irvine,92619,Orange,California
Irvine,92620,Orange,California
Irvine,92623,Orange,California
Capistrano Beach,92624,Orange,California
Corona Del Mar,92625,Orange,California
Costa Mesa,92626,Orange,California
Costa Mesa,92627,Orange,California
Costa Mesa,92628,Orange,California
Dana Point,92629,Orange,California
Lake Forest,92630,Orange,California
Laguna Woods,92637,Orange,California
Huntington Beach,92646,Orange,California
Huntington Beach,92647,Orange,California
Huntington Beach,92648,Orange,California
Huntington Beach,92649,Orange,California
East Irvine,92650,Orange,California
Laguna Beach,92651,Orange,California
Laguna Beach,92652,Orange,California
Laguna Hills,92653,Orange,California
Laguna Hills,92654,Orange,California
Midway City,92655,Orange,California
Aliso Viejo,92656,Orange,California
Newport Coast,92657,Orange,California
Newport Beach,92658,Orange,California
Newport Beach,92659,Orange,California
Newport Beach,92660,Orange,California
Newport Beach,92661,Orange,California
Newport Beach,92662,Orange,California
Newport Beach,92663,Orange,California
San Clemente,92672,Orange,California
San Clemente,92673,Orange,California
San Clemente,92674,Orange,California
San Juan Capistrano,92675,Orange,California
Silverado,92676,Orange,California
Laguna Niguel,92677,Orange,California
Trabuco Canyon,92678,Orange,California
Trabuco Canyon,92679,Orange,California
Westminster,92683,Orange,California
Westminster,92684,Orange,California
Westminster,92685,Orange,California
Rancho Santa Margarita,92688,Orange,California
Mission Viejo,92690,Orange,California
Mission Viejo,92691,Orange,California
Mission Viejo,92692,Orange,California
San Juan Capistrano,92693,Orange,California
Ladera Ranch,92694,Orange,California
Irvine,92697,Orange,California
Aliso Viejo,92698,Orange,California
Santa Ana,92701,Orange,California
Santa Ana,92702,Orange,California
Santa Ana,92703,Orange,California
Santa Ana,92704,Orange,California
Santa Ana,92705,Orange,California
Santa Ana,92706,Orange,California
Santa Ana,92707,Orange,California
Fountain Valley,92708,Orange,California
Irvine,92709,Orange,California
Irvine,92710,Orange,California
Santa Ana,92711,Orange,California
Santa Ana,92712,Orange,California
Santa Ana,92725,Orange,California
Fountain Valley,92728,Orange,California
Santa Ana,92735,Orange,California
Tustin,92780,Orange,California
Tustin,92781,Orange,California
Tustin,92782,Orange,California
Santa Ana,92799,Orange,California
Anaheim,92801,Orange,California
Anaheim,92802,Orange,California
Anaheim,92803,Orange,California
Anaheim,92804,Orange,California
Anaheim,92805,Orange,California
Anaheim,92806,Orange,California
Anaheim,92807,Orange,California
Anaheim,92808,Orange,California
Anaheim,92809,Orange,California
Atwood,92811,Orange,California
Anaheim,92812,Orange,California
Anaheim,92814,Orange,California
Anaheim,92815,Orange,California
Anaheim,92816,Orange,California
Anaheim,92817,Orange,California
Brea,92821,Orange,California
Brea,92822,Orange,California
Brea,92823,Orange,California
Anaheim,92825,Orange,California
Fullerton,92831,Orange,California
Fullerton,92832,Orange,California
Fullerton,92833,Orange,California
Fullerton,92834,Orange,California
Fullerton,92835,Orange,California
Fullerton,92836,Orange,California
Fullerton,92837,Orange,California
Fullerton,92838,Orange,California
Garden Grove,92840,Orange,California
Garden Grove,92841,Orange,California
Garden Grove,92842,Orange,California
Garden Grove,92843,Orange,California
Garden Grove,92844,Orange,California
Garden Grove,92845,Orange,California
Garden Grove,92846,Orange,California
Anaheim,92850,Orange,California
Orange,92856,Orange,California
Orange,92857,Orange,California
Orange,92859,Orange,California
Villa Park,92861,Orange,California
Orange,92862,Orange,California
Orange,92863,Orange,California
Orange,92864,Orange,California
Orange,92865,Orange,California
Orange,92866,Orange,California
Orange,92867,Orange,California
Orange,92868,Orange,California
Orange,92869,Orange,California
Placentia,92870,Orange,California
Placentia,92871,Orange,California
Yorba Linda,92885,Orange,California
Yorba Linda,92886,Orange,California
Yorba Linda,92887,Orange,California
Anaheim,92899,Orange,California
Auburn,95602,Placer,California
Auburn,95603,Placer,California
Auburn,95604,Placer,California
Foresthill,95631,Placer,California
Lincoln,95648,Placer,California
Loomis,95650,Placer,California
Newcastle,95658,Placer,California
Roseville,95661,Placer,California
Penryn,95663,Placer,California
Rocklin,95677,Placer,California
Roseville,95678,Placer,California
Sheridan,95681,Placer,California
Alta,95701,Placer,California
Applegate,95703,Placer,California
Colfax,95713,Placer,California
Dutch Flat,95714,Placer,California
Emigrant Gap,95715,Placer,California
Gold Run,95717,Placer,California
Meadow Vista,95722,Placer,California
Norden,95724,Placer,California
Weimar,95736,Placer,California
Granite Bay,95746,Placer,California
Roseville,95747,Placer,California
Rocklin,95765,Placer,California
Carnelian Bay,96140,Placer,California
Homewood,96141,Placer,California
Kings Beach,96143,Placer,California
Tahoe City,96145,Placer,California
Olympic Valley,96146,Placer,California
Tahoe Vista,96148,Placer,California
Truckee,96162,Placer,California
Belden,95915,Plumas,California
Canyon Dam,95923,Plumas,California
Crescent Mills,95934,Plumas,California
Greenville,95947,Plumas,California
Meadow Valley,95956,Plumas,California
Quincy,95971,Plumas,California
Storrie,95980,Plumas,California
Strawberry Valley,95981,Plumas,California
Taylorsville,95983,Plumas,California
Twain,95984,Plumas,California
Chester,96020,Plumas,California
Blairsden-graeagle,96103,Plumas,California
Chilcoot,96105,Plumas,California
Clio,96106,Plumas,California
Milford,96121,Plumas,California
Portola,96122,Plumas,California
Beckwourth,96129,Plumas,California
Vinton,96135,Plumas,California
Mira Loma,91752,Riverside,California
Indio,92201,Riverside,California
Indio,92202,Riverside,California
Indio,92203,Riverside,California
Indian Wells,92210,Riverside,California
Palm Desert,92211,Riverside,California
Banning,92220,Riverside,California
Beaumont,92223,Riverside,California
Blythe,92225,Riverside,California
Blythe,92226,Riverside,California
Cabazon,92230,Riverside,California
Cathedral City,92234,Riverside,California
Cathedral City,92235,Riverside,California
Coachella,92236,Riverside,California
Desert Center,92239,Riverside,California
Desert Hot Springs,92240,Riverside,California
Desert Hot Springs,92241,Riverside,California
La Quinta,92247,Riverside,California
La Quinta,92248,Riverside,California
La Quinta,92253,Riverside,California
Mecca,92254,Riverside,California
Palm Desert,92255,Riverside,California
North Palm Springs,92258,Riverside,California
Palm Desert,92260,Riverside,California
Palm Desert,92261,Riverside,California
Palm Springs,92262,Riverside,California
Palm Springs,92263,Riverside,California
Palm Springs,92264,Riverside,California
Rancho Mirage,92270,Riverside,California
Thousand Palms,92276,Riverside,California
Whitewater,92282,Riverside,California
Palm Springs,92292,Riverside,California
Calimesa,92320,Riverside,California
Riverside,92501,Riverside,California
Riverside,92502,Riverside,California
Riverside,92503,Riverside,California
Riverside,92504,Riverside,California
Riverside,92505,Riverside,California
Riverside,92506,Riverside,California
Riverside,92507,Riverside,California
Riverside,92508,Riverside,California
Riverside,92509,Riverside,California
Riverside,92513,Riverside,California
Riverside,92514,Riverside,California
Riverside,92515,Riverside,California
Riverside,92516,Riverside,California
Riverside,92517,Riverside,California
March Air Reserve Base,92518,Riverside,California
Riverside,92519,Riverside,California
Riverside,92521,Riverside,California
Riverside,92522,Riverside,California
Lake Elsinore,92530,Riverside,California
Lake Elsinore,92531,Riverside,California
Lake Elsinore,92532,Riverside,California
Aguanga,92536,Riverside,California
Anza,92539,Riverside,California
Hemet,92543,Riverside,California
Hemet,92544,Riverside,California
Hemet,92545,Riverside,California
Hemet,92546,Riverside,California
Homeland,92548,Riverside,California
Idyllwild,92549,Riverside,California
Moreno Valley,92551,Riverside,California
Moreno Valley,92552,Riverside,California
Moreno Valley,92553,Riverside,California
Moreno Valley,92554,Riverside,California
Moreno Valley,92555,Riverside,California
Moreno Valley,92556,Riverside,California
Moreno Valley,92557,Riverside,California
Mountain Center,92561,Riverside,California
Murrieta,92562,Riverside,California
Murrieta,92563,Riverside,California
Murrieta,92564,Riverside,California
Nuevo,92567,Riverside,California
Perris,92570,Riverside,California
Perris,92571,Riverside,California
Perris,92572,Riverside,California
San Jacinto,92581,Riverside,California
San Jacinto,92582,Riverside,California
San Jacinto,92583,Riverside,California
Menifee,92584,Riverside,California
Sun City,92585,Riverside,California
Sun City,92586,Riverside,California
Sun City,92587,Riverside,California
Temecula,92589,Riverside,California
Temecula,92590,Riverside,California
Temecula,92591,Riverside,California
Temecula,92592,Riverside,California
Temecula,92593,Riverside,California
Wildomar,92595,Riverside,California
Winchester,92596,Riverside,California
Perris,92599,Riverside,California
Norco,92860,Riverside,California
Corona,92877,Riverside,California
Corona,92878,Riverside,California
Corona,92879,Riverside,California
Corona,92880,Riverside,California
Corona,92881,Riverside,California
Corona,92882,Riverside,California
Corona,92883,Riverside,California
Sacramento,94203,Sacramento,California
Sacramento,94204,Sacramento,California
Sacramento,94205,Sacramento,California
Sacramento,94206,Sacramento,California
Sacramento,94207,Sacramento,California
Sacramento,94208,Sacramento,California
Sacramento,94209,Sacramento,California
Sacramento,94211,Sacramento,California
Sacramento,94229,Sacramento,California
Sacramento,94230,Sacramento,California
Sacramento,94232,Sacramento,California
Sacramento,94234,Sacramento,California
Sacramento,94235,Sacramento,California
Sacramento,94236,Sacramento,California
Sacramento,94237,Sacramento,California
Sacramento,94239,Sacramento,California
Sacramento,94240,Sacramento,California
Sacramento,94244,Sacramento,California
Sacramento,94245,Sacramento,California
Sacramento,94246,Sacramento,California
Sacramento,94247,Sacramento,California
Sacramento,94248,Sacramento,California
Sacramento,94249,Sacramento,California
Sacramento,94250,Sacramento,California
Sacramento,94252,Sacramento,California
Sacramento,94254,Sacramento,California
Sacramento,94256,Sacramento,California
Sacramento,94257,Sacramento,California
Sacramento,94258,Sacramento,California
Sacramento,94259,Sacramento,California
Sacramento,94261,Sacramento,California
Sacramento,94262,Sacramento,California
Sacramento,94263,Sacramento,California
Sacramento,94267,Sacramento,California
Sacramento,94268,Sacramento,California
Sacramento,94269,Sacramento,California
Sacramento,94271,Sacramento,California
Sacramento,94273,Sacramento,California
Sacramento,94274,Sacramento,California
Sacramento,94277,Sacramento,California
Sacramento,94278,Sacramento,California
Sacramento,94279,Sacramento,California
Sacramento,94280,Sacramento,California
Sacramento,94282,Sacramento,California
Sacramento,94283,Sacramento,California
Sacramento,94284,Sacramento,California
Sacramento,94285,Sacramento,California
Sacramento,94286,Sacramento,California
Sacramento,94287,Sacramento,California
Sacramento,94288,Sacramento,California
Sacramento,94289,Sacramento,California
Sacramento,94290,Sacramento,California
Sacramento,94291,Sacramento,California
Sacramento,94293,Sacramento,California
Sacramento,94294,Sacramento,California
Sacramento,94295,Sacramento,California
Sacramento,94296,Sacramento,California
Sacramento,94297,Sacramento,California
Sacramento,94298,Sacramento,California
Sacramento,94299,Sacramento,California
Carmichael,95608,Sacramento,California
Carmichael,95609,Sacramento,California
Citrus Heights,95610,Sacramento,California
Citrus Heights,95611,Sacramento,California
Courtland,95615,Sacramento,California
Citrus Heights,95621,Sacramento,California
Elk Grove,95624,Sacramento,California
Elverta,95626,Sacramento,California
Fair Oaks,95628,Sacramento,California
Folsom,95630,Sacramento,California
Galt,95632,Sacramento,California
Herald,95638,Sacramento,California
Hood,95639,Sacramento,California
Isleton,95641,Sacramento,California
Mcclellan,95652,Sacramento,California
Mather,95655,Sacramento,California
North Highlands,95660,Sacramento,California
Orangevale,95662,Sacramento,California
Rancho Cordova,95670,Sacramento,California
Represa,95671,Sacramento,California
Rio Linda,95673,Sacramento,California
Ryde,95680,Sacramento,California
Sloughhouse,95683,Sacramento,California
Walnut Grove,95690,Sacramento,California
Wilton,95693,Sacramento,California
Rancho Cordova,95741,Sacramento,California
Rancho Cordova,95742,Sacramento,California
Elk Grove,95757,Sacramento,California
Elk Grove,95758,Sacramento,California
Elk Grove,95759,Sacramento,California
Folsom,95763,Sacramento,California
Sacramento,95811,Sacramento,California
Sacramento,95812,Sacramento,California
Sacramento,95813,Sacramento,California
Sacramento,95814,Sacramento,California
Sacramento,95815,Sacramento,California
Sacramento,95816,Sacramento,California
Sacramento,95817,Sacramento,California
Sacramento,95818,Sacramento,California
Sacramento,95819,Sacramento,California
Sacramento,95820,Sacramento,California
Sacramento,95821,Sacramento,California
Sacramento,95822,Sacramento,California
Sacramento,95823,Sacramento,California
Sacramento,95824,Sacramento,California
Sacramento,95825,Sacramento,California
Sacramento,95826,Sacramento,California
Sacramento,95827,Sacramento,California
Sacramento,95828,Sacramento,California
Sacramento,95829,Sacramento,California
Sacramento,95830,Sacramento,California
Sacramento,95831,Sacramento,California
Sacramento,95832,Sacramento,California
Sacramento,95833,Sacramento,California
Sacramento,95834,Sacramento,California
Sacramento,95835,Sacramento,California
Sacramento,95836,Sacramento,California
Sacramento,95837,Sacramento,California
Sacramento,95838,Sacramento,California
Sacramento,95840,Sacramento,California
Sacramento,95841,Sacramento,California
Sacramento,95842,Sacramento,California
Antelope,95843,Sacramento,California
Sacramento,95851,Sacramento,California
Sacramento,95852,Sacramento,California
Sacramento,95853,Sacramento,California
Sacramento,95860,Sacramento,California
Sacramento,95864,Sacramento,California
Sacramento,95865,Sacramento,California
Sacramento,95866,Sacramento,California
Sacramento,95867,Sacramento,California
Sacramento,95887,Sacramento,California
Sacramento,95894,Sacramento,California
Sacramento,95899,Sacramento,California
Hollister,95023,San Benito,California
Hollister,95024,San Benito,California
Paicines,95043,San Benito,California
San Juan Bautista,95045,San Benito,California
Tres Pinos,95075,San Benito,California
Rancho Cucamonga,91701,San Bernardino,California
Chino,91708,San Bernardino,California
Chino Hills,91709,San Bernardino,California
Chino,91710,San Bernardino,California
Rancho Cucamonga,91729,San Bernardino,California
Rancho Cucamonga,91730,San Bernardino,California
Rancho Cucamonga,91737,San Bernardino,California
Rancho Cucamonga,91739,San Bernardino,California
Guasti,91743,San Bernardino,California
Ontario,91758,San Bernardino,California
Mt Baldy,91759,San Bernardino,California
Ontario,91761,San Bernardino,California
Ontario,91762,San Bernardino,California
Montclair,91763,San Bernardino,California
Ontario,91764,San Bernardino,California
Upland,91784,San Bernardino,California
Upland,91785,San Bernardino,California
Upland,91786,San Bernardino,California
Ontario,91798,San Bernardino,California
Earp,92242,San Bernardino,California
Joshua Tree,92252,San Bernardino,California
Morongo Valley,92256,San Bernardino,California
Parker Dam,92267,San Bernardino,California
Pioneertown,92268,San Bernardino,California
Twentynine Palms,92277,San Bernardino,California
Twentynine Palms,92278,San Bernardino,California
Vidal,92280,San Bernardino,California
Yucca Valley,92284,San Bernardino,California
Landers,92285,San Bernardino,California
Yucca Valley,92286,San Bernardino,California
Adelanto,92301,San Bernardino,California
Amboy,92304,San Bernardino,California
Angelus Oaks,92305,San Bernardino,California
Apple Valley,92307,San Bernardino,California
Apple Valley,92308,San Bernardino,California
Baker,92309,San Bernardino,California
Fort Irwin,92310,San Bernardino,California
Barstow,92311,San Bernardino,California
Barstow,92312,San Bernardino,California
Grand Terrace,92313,San Bernardino,California
Big Bear City,92314,San Bernardino,California
Big Bear Lake,92315,San Bernardino,California
Bloomington,92316,San Bernardino,California
Blue Jay,92317,San Bernardino,California
Bryn Mawr,92318,San Bernardino,California
Cedar Glen,92321,San Bernardino,California
Cedarpines Park,92322,San Bernardino,California
Cima,92323,San Bernardino,California
Colton,92324,San Bernardino,California
Crestline,92325,San Bernardino,California
Crest Park,92326,San Bernardino,California
Daggett,92327,San Bernardino,California
Phelan,92329,San Bernardino,California
Fontana,92331,San Bernardino,California
Essex,92332,San Bernardino,California
Fawnskin,92333,San Bernardino,California
Fontana,92334,San Bernardino,California
Fontana,92335,San Bernardino,California
Fontana,92336,San Bernardino,California
Fontana,92337,San Bernardino,California
Ludlow,92338,San Bernardino,California
Forest Falls,92339,San Bernardino,California
Hesperia,92340,San Bernardino,California
Green Valley Lake,92341,San Bernardino,California
Helendale,92342,San Bernardino,California
Hesperia,92344,San Bernardino,California
Hesperia,92345,San Bernardino,California
Highland,92346,San Bernardino,California
Hinkley,92347,San Bernardino,California
Loma Linda,92350,San Bernardino,California
Lake Arrowhead,92352,San Bernardino,California
Loma Linda,92354,San Bernardino,California
Lucerne Valley,92356,San Bernardino,California
Loma Linda,92357,San Bernardino,California
Lytle Creek,92358,San Bernardino,California
Mentone,92359,San Bernardino,California
Needles,92363,San Bernardino,California
Nipton,92364,San Bernardino,California
Newberry Springs,92365,San Bernardino,California
Mountain Pass,92366,San Bernardino,California
Oro Grande,92368,San Bernardino,California
Patton,92369,San Bernardino,California
Phelan,92371,San Bernardino,California
Pinon Hills,92372,San Bernardino,California
Redlands,92373,San Bernardino,California
Redlands,92374,San Bernardino,California
Redlands,92375,San Bernardino,California
Rialto,92376,San Bernardino,California
Rialto,92377,San Bernardino,California
Rimforest,92378,San Bernardino,California
Running Springs,92382,San Bernardino,California
Skyforest,92385,San Bernardino,California
Sugarloaf,92386,San Bernardino,California
Twin Peaks,92391,San Bernardino,California
Victorville,92392,San Bernardino,California
Victorville,92393,San Bernardino,California
Victorville,92394,San Bernardino,California
Victorville,92395,San Bernardino,California
Wrightwood,92397,San Bernardino,California
Yermo,92398,San Bernardino,California
Yucaipa,92399,San Bernardino,California
San Bernardino,92401,San Bernardino,California
San Bernardino,92402,San Bernardino,California
San Bernardino,92403,San Bernardino,California
San Bernardino,92404,San Bernardino,California
San Bernardino,92405,San Bernardino,California
San Bernardino,92406,San Bernardino,California
San Bernardino,92407,San Bernardino,California
San Bernardino,92408,San Bernardino,California
San Bernardino,92410,San Bernardino,California
San Bernardino,92411,San Bernardino,California
San Bernardino,92412,San Bernardino,California
San Bernardino,92413,San Bernardino,California
San Bernardino,92414,San Bernardino,California
San Bernardino,92415,San Bernardino,California
San Bernardino,92418,San Bernardino,California
San Bernardino,92423,San Bernardino,California
San Bernardino,92424,San Bernardino,California
San Bernardino,92427,San Bernardino,California
Red Mountain,93558,San Bernardino,California
Trona,93592,San Bernardino,California
Alpine,91901,San Diego,California
Bonita,91902,San Diego,California
Alpine,91903,San Diego,California
Boulevard,91905,San Diego,California
Campo,91906,San Diego,California
Bonita,91908,San Diego,California
Chula Vista,91909,San Diego,California
Chula Vista,91910,San Diego,California
Chula Vista,91911,San Diego,California
Chula Vista,91912,San Diego,California
Chula Vista,91913,San Diego,California
Chula Vista,91914,San Diego,California
Chula Vista,91915,San Diego,California
Descanso,91916,San Diego,California
Dulzura,91917,San Diego,California
Chula Vista,91921,San Diego,California
Guatay,91931,San Diego,California
Imperial Beach,91932,San Diego,California
Imperial Beach,91933,San Diego,California
Jacumba,91934,San Diego,California
Jamul,91935,San Diego,California
La Mesa,91941,San Diego,California
La Mesa,91942,San Diego,California
La Mesa,91943,San Diego,California
La Mesa,91944,San Diego,California
Lemon Grove,91945,San Diego,California
Lemon Grove,91946,San Diego,California
Lincoln Acres,91947,San Diego,California
Mount Laguna,91948,San Diego,California
National City,91950,San Diego,California
National City,91951,San Diego,California
Pine Valley,91962,San Diego,California
Potrero,91963,San Diego,California
Spring Valley,91976,San Diego,California
Spring Valley,91977,San Diego,California
Spring Valley,91978,San Diego,California
Spring Valley,91979,San Diego,California
Tecate,91980,San Diego,California
Tecate,91987,San Diego,California
Potrero,91990,San Diego,California
Bonsall,92003,San Diego,California
Borrego Springs,92004,San Diego,California
Cardiff By The Sea,92007,San Diego,California
Carlsbad,92008,San Diego,California
Carlsbad,92009,San Diego,California
Carlsbad,92010,San Diego,California
Carlsbad,92011,San Diego,California
Carlsbad,92013,San Diego,California
Del Mar,92014,San Diego,California
Carlsbad,92018,San Diego,California
El Cajon,92019,San Diego,California
El Cajon,92020,San Diego,California
El Cajon,92021,San Diego,California
El Cajon,92022,San Diego,California
Encinitas,92023,San Diego,California
Encinitas,92024,San Diego,California
Escondido,92025,San Diego,California
Escondido,92026,San Diego,California
Escondido,92027,San Diego,California
Fallbrook,92028,San Diego,California
Escondido,92029,San Diego,California
Escondido,92030,San Diego,California
Escondido,92033,San Diego,California
Julian,92036,San Diego,California
La Jolla,92037,San Diego,California
La Jolla,92038,San Diego,California
La Jolla,92039,San Diego,California
Lakeside,92040,San Diego,California
Escondido,92046,San Diego,California
Oceanside,92049,San Diego,California
Oceanside,92051,San Diego,California
Oceanside,92052,San Diego,California
Oceanside,92054,San Diego,California
Camp Pendleton,92055,San Diego,California
Oceanside,92056,San Diego,California
Oceanside,92057,San Diego,California
Oceanside,92058,San Diego,California
Pala,92059,San Diego,California
Palomar Mountain,92060,San Diego,California
Pauma Valley,92061,San Diego,California
Poway,92064,San Diego,California
Ramona,92065,San Diego,California
Ranchita,92066,San Diego,California
Rancho Santa Fe,92067,San Diego,California
San Luis Rey,92068,San Diego,California
San Marcos,92069,San Diego,California
Santa Ysabel,92070,San Diego,California
Santee,92071,San Diego,California
Santee,92072,San Diego,California
Poway,92074,San Diego,California
Solana Beach,92075,San Diego,California
San Marcos,92078,San Diego,California
San Marcos,92079,San Diego,California
Vista,92081,San Diego,California
Valley Center,92082,San Diego,California
Vista,92083,San Diego,California
Vista,92084,San Diego,California
Vista,92085,San Diego,California
Warner Springs,92086,San Diego,California
Fallbrook,92088,San Diego,California
El Cajon,92090,San Diego,California
Rancho Santa Fe,92091,San Diego,California
La Jolla,92092,San Diego,California
La Jolla,92093,San Diego,California
San Marcos,92096,San Diego,California
San Diego,92101,San Diego,California
San Diego,92102,San Diego,California
San Diego,92103,San Diego,California
San Diego,92104,San Diego,California
San Diego,92105,San Diego,California
San Diego,92106,San Diego,California
San Diego,92107,San Diego,California
San Diego,92108,San Diego,California
San Diego,92109,San Diego,California
San Diego,92110,San Diego,California
San Diego,92111,San Diego,California
San Diego,92112,San Diego,California
San Diego,92113,San Diego,California
San Diego,92114,San Diego,California
San Diego,92115,San Diego,California
San Diego,92116,San Diego,California
San Diego,92117,San Diego,California
Coronado,92118,San Diego,California
San Diego,92119,San Diego,California
San Diego,92120,San Diego,California
San Diego,92121,San Diego,California
San Diego,92122,San Diego,California
San Diego,92123,San Diego,California
San Diego,92124,San Diego,California
San Diego,92126,San Diego,California
San Diego,92127,San Diego,California
San Diego,92128,San Diego,California
San Diego,92129,San Diego,California
San Diego,92130,San Diego,California
San Diego,92131,San Diego,California
San Diego,92132,San Diego,California
San Diego,92133,San Diego,California
San Diego,92134,San Diego,California
San Diego,92135,San Diego,California
San Diego,92136,San Diego,California
San Diego,92137,San Diego,California
San Diego,92138,San Diego,California
San Diego,92139,San Diego,California
San Diego,92140,San Diego,California
San Diego,92142,San Diego,California
San Ysidro,92143,San Diego,California
San Diego,92145,San Diego,California
San Diego,92147,San Diego,California
San Diego,92149,San Diego,California
San Diego,92150,San Diego,California
San Diego,92152,San Diego,California
San Diego,92153,San Diego,California
San Diego,92154,San Diego,California
San Diego,92155,San Diego,California
San Diego,92158,San Diego,California
San Diego,92159,San Diego,California
San Diego,92160,San Diego,California
San Diego,92161,San Diego,California
San Diego,92162,San Diego,California
San Diego,92163,San Diego,California
San Diego,92164,San Diego,California
San Diego,92165,San Diego,California
San Diego,92166,San Diego,California
San Diego,92167,San Diego,California
San Diego,92168,San Diego,California
San Diego,92169,San Diego,California
San Diego,92170,San Diego,California
San Diego,92171,San Diego,California
San Diego,92172,San Diego,California
San Ysidro,92173,San Diego,California
San Diego,92174,San Diego,California
San Diego,92175,San Diego,California
San Diego,92176,San Diego,California
San Diego,92177,San Diego,California
Coronado,92178,San Diego,California
San Diego,92179,San Diego,California
San Diego,92182,San Diego,California
San Diego,92184,San Diego,California
San Diego,92186,San Diego,California
San Diego,92187,San Diego,California
San Diego,92190,San Diego,California
San Diego,92191,San Diego,California
San Diego,92192,San Diego,California
San Diego,92193,San Diego,California
San Diego,92194,San Diego,California
San Diego,92195,San Diego,California
San Diego,92196,San Diego,California
San Diego,92197,San Diego,California
San Diego,92198,San Diego,California
San Diego,92199,San Diego,California
San Francisco,94101,San Francisco,California
San Francisco,94102,San Francisco,California
San Francisco,94103,San Francisco,California
San Francisco,94104,San Francisco,California
San Francisco,94105,San Francisco,California
San Francisco,94106,San Francisco,California
San Francisco,94107,San Francisco,California
San Francisco,94108,San Francisco,California
San Francisco,94109,San Francisco,California
San Francisco,94110,San Francisco,California
San Francisco,94111,San Francisco,California
San Francisco,94112,San Francisco,California
San Francisco,94114,San Francisco,California
San Francisco,94115,San Francisco,California
San Francisco,94116,San Francisco,California
San Francisco,94117,San Francisco,California
San Francisco,94118,San Francisco,California
San Francisco,94119,San Francisco,California
San Francisco,94120,San Francisco,California
San Francisco,94121,San Francisco,California
San Francisco,94122,San Francisco,California
San Francisco,94123,San Francisco,California
San Francisco,94124,San Francisco,California
San Francisco,94125,San Francisco,California
San Francisco,94126,San Francisco,California
San Francisco,94127,San Francisco,California
San Francisco,94128,San Francisco,California
San Francisco,94129,San Francisco,California
San Francisco,94130,San Francisco,California
San Francisco,94131,San Francisco,California
San Francisco,94132,San Francisco,California
San Francisco,94133,San Francisco,California
San Francisco,94134,San Francisco,California
San Francisco,94135,San Francisco,California
San Francisco,94136,San Francisco,California
San Francisco,94137,San Francisco,California
San Francisco,94138,San Francisco,California
San Francisco,94139,San Francisco,California
San Francisco,94140,San Francisco,California
San Francisco,94141,San Francisco,California
San Francisco,94142,San Francisco,California
San Francisco,94143,San Francisco,California
San Francisco,94144,San Francisco,California
San Francisco,94145,San Francisco,California
San Francisco,94146,San Francisco,California
San Francisco,94147,San Francisco,California
San Francisco,94150,San Francisco,California
San Francisco,94151,San Francisco,California
San Francisco,94152,San Francisco,California
San Francisco,94153,San Francisco,California
San Francisco,94154,San Francisco,California
San Francisco,94155,San Francisco,California
San Francisco,94156,San Francisco,California
San Francisco,94158,San Francisco,California
San Francisco,94159,San Francisco,California
San Francisco,94160,San Francisco,California
San Francisco,94161,San Francisco,California
San Francisco,94162,San Francisco,California
San Francisco,94163,San Francisco,California
San Francisco,94164,San Francisco,California
San Francisco,94171,San Francisco,California
San Francisco,94172,San Francisco,California
San Francisco,94175,San Francisco,California
San Francisco,94177,San Francisco,California
San Francisco,94188,San Francisco,California
San Francisco,94199,San Francisco,California
Stockton,95201,San Joaquin,California
Stockton,95202,San Joaquin,California
Stockton,95203,San Joaquin,California
Stockton,95204,San Joaquin,California
Stockton,95205,San Joaquin,California
Stockton,95206,San Joaquin,California
Stockton,95207,San Joaquin,California
Stockton,95208,San Joaquin,California
Stockton,95209,San Joaquin,California
Stockton,95210,San Joaquin,California
Stockton,95211,San Joaquin,California
Stockton,95212,San Joaquin,California
Stockton,95213,San Joaquin,California
Stockton,95215,San Joaquin,California
Stockton,95219,San Joaquin,California
Acampo,95220,San Joaquin,California
Clements,95227,San Joaquin,California
French Camp,95231,San Joaquin,California
Holt,95234,San Joaquin,California
Linden,95236,San Joaquin,California
Lockeford,95237,San Joaquin,California
Lodi,95240,San Joaquin,California
Lodi,95241,San Joaquin,California
Lodi,95242,San Joaquin,California
Victor,95253,San Joaquin,California
Woodbridge,95258,San Joaquin,California
Stockton,95267,San Joaquin,California
Stockton,95269,San Joaquin,California
Stockton,95296,San Joaquin,California
Stockton,95297,San Joaquin,California
Tracy,95304,San Joaquin,California
Escalon,95320,San Joaquin,California
Lathrop,95330,San Joaquin,California
Manteca,95336,San Joaquin,California
Manteca,95337,San Joaquin,California
Ripon,95366,San Joaquin,California
Tracy,95376,San Joaquin,California
Tracy,95377,San Joaquin,California
Tracy,95378,San Joaquin,California
Tracy,95391,San Joaquin,California
Thornton,95686,San Joaquin,California
San Luis Obispo,93401,San Luis Obispo,California
Los Osos,93402,San Luis Obispo,California
San Luis Obispo,93403,San Luis Obispo,California
San Luis Obispo,93405,San Luis Obispo,California
San Luis Obispo,93406,San Luis Obispo,California
San Luis Obispo,93407,San Luis Obispo,California
San Luis Obispo,93408,San Luis Obispo,California
San Luis Obispo,93409,San Luis Obispo,California
San Luis Obispo,93410,San Luis Obispo,California
Los Osos,93412,San Luis Obispo,California
Arroyo Grande,93420,San Luis Obispo,California
Arroyo Grande,93421,San Luis Obispo,California
Atascadero,93422,San Luis Obispo,California
Atascadero,93423,San Luis Obispo,California
Avila Beach,93424,San Luis Obispo,California
Cambria,93428,San Luis Obispo,California
Cayucos,93430,San Luis Obispo,California
Creston,93432,San Luis Obispo,California
Grover Beach,93433,San Luis Obispo,California
Harmony,93435,San Luis Obispo,California
Morro Bay,93442,San Luis Obispo,California
Morro Bay,93443,San Luis Obispo,California
Nipomo,93444,San Luis Obispo,California
Oceano,93445,San Luis Obispo,California
Paso Robles,93446,San Luis Obispo,California
Paso Robles,93447,San Luis Obispo,California
Pismo Beach,93448,San Luis Obispo,California
Pismo Beach,93449,San Luis Obispo,California
San Miguel,93451,San Luis Obispo,California
San Simeon,93452,San Luis Obispo,California
Santa Margarita,93453,San Luis Obispo,California
Shandon,93461,San Luis Obispo,California
Templeton,93465,San Luis Obispo,California
Oceano,93475,San Luis Obispo,California
Grover Beach,93483,San Luis Obispo,California
Belmont,94002,San Mateo,California
Brisbane,94005,San Mateo,California
Burlingame,94010,San Mateo,California
Burlingame,94011,San Mateo,California
Daly City,94013,San Mateo,California
Daly City,94014,San Mateo,California
Daly City,94015,San Mateo,California
Daly City,94016,San Mateo,California
Daly City,94017,San Mateo,California
El Granada,94018,San Mateo,California
Half Moon Bay,94019,San Mateo,California
La Honda,94020,San Mateo,California
Loma Mar,94021,San Mateo,California
Menlo Park,94025,San Mateo,California
Menlo Park,94026,San Mateo,California
Atherton,94027,San Mateo,California
Portola Valley,94028,San Mateo,California
Millbrae,94030,San Mateo,California
Montara,94037,San Mateo,California
Moss Beach,94038,San Mateo,California
Pacifica,94044,San Mateo,California
Pescadero,94060,San Mateo,California
Redwood City,94061,San Mateo,California
Redwood City,94062,San Mateo,California
Redwood City,94063,San Mateo,California
Redwood City,94064,San Mateo,California
Redwood City,94065,San Mateo,California
San Bruno,94066,San Mateo,California
San Carlos,94070,San Mateo,California
San Gregorio,94074,San Mateo,California
South San Francisco,94080,San Mateo,California
South San Francisco,94083,San Mateo,California
San Mateo,94401,San Mateo,California
San Mateo,94402,San Mateo,California
San Mateo,94403,San Mateo,California
San Mateo,94404,San Mateo,California
San Mateo,94497,San Mateo,California
Carpinteria,93013,Santa Barbara,California
Carpinteria,93014,Santa Barbara,California
Summerland,93067,Santa Barbara,California
Santa Barbara,93101,Santa Barbara,California
Santa Barbara,93102,Santa Barbara,California
Santa Barbara,93103,Santa Barbara,California
Santa Barbara,93105,Santa Barbara,California
Santa Barbara,93106,Santa Barbara,California
Santa Barbara,93107,Santa Barbara,California
Santa Barbara,93108,Santa Barbara,California
Santa Barbara,93109,Santa Barbara,California
Santa Barbara,93110,Santa Barbara,California
Santa Barbara,93111,Santa Barbara,California
Goleta,93116,Santa Barbara,California
Goleta,93117,Santa Barbara,California
Goleta,93118,Santa Barbara,California
Santa Barbara,93120,Santa Barbara,California
Santa Barbara,93121,Santa Barbara,California
Santa Barbara,93130,Santa Barbara,California
Santa Barbara,93140,Santa Barbara,California
Santa Barbara,93150,Santa Barbara,California
Santa Barbara,93160,Santa Barbara,California
Santa Barbara,93190,Santa Barbara,California
Goleta,93199,Santa Barbara,California
New Cuyama,93254,Santa Barbara,California
Buellton,93427,Santa Barbara,California
Casmalia,93429,Santa Barbara,California
Guadalupe,93434,Santa Barbara,California
Lompoc,93436,Santa Barbara,California
Lompoc,93437,Santa Barbara,California
Lompoc,93438,Santa Barbara,California
Los Alamos,93440,Santa Barbara,California
Los Olivos,93441,Santa Barbara,California
Santa Maria,93454,Santa Barbara,California
Santa Maria,93455,Santa Barbara,California
Santa Maria,93456,Santa Barbara,California
Santa Maria,93457,Santa Barbara,California
Santa Maria,93458,Santa Barbara,California
Santa Ynez,93460,Santa Barbara,California
Solvang,93463,Santa Barbara,California
Solvang,93464,Santa Barbara,California
Los Altos,94022,Santa Clara,California
Los Altos,94023,Santa Clara,California
Los Altos,94024,Santa Clara,California
Mountain View,94035,Santa Clara,California
Mountain View,94039,Santa Clara,California
Mountain View,94040,Santa Clara,California
Mountain View,94041,Santa Clara,California
Mountain View,94042,Santa Clara,California
Mountain View,94043,Santa Clara,California
Sunnyvale,94085,Santa Clara,California
Sunnyvale,94086,Santa Clara,California
Sunnyvale,94087,Santa Clara,California
Sunnyvale,94088,Santa Clara,California
Sunnyvale,94089,Santa Clara,California
Palo Alto,94301,Santa Clara,California
Palo Alto,94302,Santa Clara,California
Palo Alto,94303,Santa Clara,California
Palo Alto,94304,Santa Clara,California
Stanford,94305,Santa Clara,California
Palo Alto,94306,Santa Clara,California
Palo Alto,94309,Santa Clara,California
Alviso,95002,Santa Clara,California
Campbell,95008,Santa Clara,California
Campbell,95009,Santa Clara,California
Campbell,95011,Santa Clara,California
Coyote,95013,Santa Clara,California
Cupertino,95014,Santa Clara,California
Cupertino,95015,Santa Clara,California
Gilroy,95020,Santa Clara,California
Gilroy,95021,Santa Clara,California
Holy City,95026,Santa Clara,California
Los Gatos,95030,Santa Clara,California
Los Gatos,95031,Santa Clara,California
Los Gatos,95032,Santa Clara,California
Los Gatos,95033,Santa Clara,California
Milpitas,95035,Santa Clara,California
Milpitas,95036,Santa Clara,California
Morgan Hill,95037,Santa Clara,California
Morgan Hill,95038,Santa Clara,California
New Almaden,95042,Santa Clara,California
Redwood Estates,95044,Santa Clara,California
San Martin,95046,Santa Clara,California
Santa Clara,95050,Santa Clara,California
Santa Clara,95051,Santa Clara,California
Santa Clara,95052,Santa Clara,California
Santa Clara,95053,Santa Clara,California
Santa Clara,95054,Santa Clara,California
Santa Clara,95055,Santa Clara,California
Santa Clara,95056,Santa Clara,California
Saratoga,95070,Santa Clara,California
Saratoga,95071,Santa Clara,California
San Jose,95101,Santa Clara,California
San Jose,95103,Santa Clara,California
San Jose,95106,Santa Clara,California
San Jose,95108,Santa Clara,California
San Jose,95109,Santa Clara,California
San Jose,95110,Santa Clara,California
San Jose,95111,Santa Clara,California
San Jose,95112,Santa Clara,California
San Jose,95113,Santa Clara,California
San Jose,95115,Santa Clara,California
San Jose,95116,Santa Clara,California
San Jose,95117,Santa Clara,California
San Jose,95118,Santa Clara,California
San Jose,95119,Santa Clara,California
San Jose,95120,Santa Clara,California
San Jose,95121,Santa Clara,California
San Jose,95122,Santa Clara,California
San Jose,95123,Santa Clara,California
San Jose,95124,Santa Clara,California
San Jose,95125,Santa Clara,California
San Jose,95126,Santa Clara,California
San Jose,95127,Santa Clara,California
San Jose,95128,Santa Clara,California
San Jose,95129,Santa Clara,California
San Jose,95130,Santa Clara,California
San Jose,95131,Santa Clara,California
San Jose,95132,Santa Clara,California
San Jose,95133,Santa Clara,California
San Jose,95134,Santa Clara,California
San Jose,95135,Santa Clara,California
San Jose,95136,Santa Clara,California
San Jose,95138,Santa Clara,California
San Jose,95139,Santa Clara,California
Mount Hamilton,95140,Santa Clara,California
San Jose,95141,Santa Clara,California
San Jose,95148,Santa Clara,California
San Jose,95150,Santa Clara,California
San Jose,95151,Santa Clara,California
San Jose,95152,Santa Clara,California
San Jose,95153,Santa Clara,California
San Jose,95154,Santa Clara,California
San Jose,95155,Santa Clara,California
San Jose,95156,Santa Clara,California
San Jose,95157,Santa Clara,California
San Jose,95158,Santa Clara,California
San Jose,95159,Santa Clara,California
San Jose,95160,Santa Clara,California
San Jose,95161,Santa Clara,California
San Jose,95164,Santa Clara,California
San Jose,95170,Santa Clara,California
San Jose,95172,Santa Clara,California
San Jose,95173,Santa Clara,California
San Jose,95190,Santa Clara,California
San Jose,95191,Santa Clara,California
San Jose,95192,Santa Clara,California
San Jose,95193,Santa Clara,California
San Jose,95194,Santa Clara,California
San Jose,95196,Santa Clara,California
Aptos,95001,Santa Cruz,California
Aptos,95003,Santa Cruz,California
Ben Lomond,95005,Santa Cruz,California
Boulder Creek,95006,Santa Cruz,California
Brookdale,95007,Santa Cruz,California
Capitola,95010,Santa Cruz,California
Davenport,95017,Santa Cruz,California
Felton,95018,Santa Cruz,California
Freedom,95019,Santa Cruz,California
Mount Hermon,95041,Santa Cruz,California
Santa Cruz,95060,Santa Cruz,California
Santa Cruz,95061,Santa Cruz,California
Santa Cruz,95062,Santa Cruz,California
Santa Cruz,95063,Santa Cruz,California
Santa Cruz,95064,Santa Cruz,California
Santa Cruz,95065,Santa Cruz,California
Scotts Valley,95066,Santa Cruz,California
Scotts Valley,95067,Santa Cruz,California
Soquel,95073,Santa Cruz,California
Watsonville,95076,Santa Cruz,California
Watsonville,95077,Santa Cruz,California
Redding,96001,Shasta,California
Redding,96002,Shasta,California
Redding,96003,Shasta,California
Anderson,96007,Shasta,California
Bella Vista,96008,Shasta,California
Big Bend,96011,Shasta,California
Burney,96013,Shasta,California
Cassel,96016,Shasta,California
Castella,96017,Shasta,California
Shasta Lake,96019,Shasta,California
Fall River Mills,96028,Shasta,California
French Gulch,96033,Shasta,California
Hat Creek,96040,Shasta,California
Igo,96047,Shasta,California
Redding,96049,Shasta,California
Lakehead,96051,Shasta,California
Millville,96062,Shasta,California
Montgomery Creek,96065,Shasta,California
Oak Run,96069,Shasta,California
Obrien,96070,Shasta,California
Old Station,96071,Shasta,California
Palo Cedro,96073,Shasta,California
Platina,96076,Shasta,California
Shasta Lake,96079,Shasta,California
Round Mountain,96084,Shasta,California
Shasta,96087,Shasta,California
Shingletown,96088,Shasta,California
Shasta Lake,96089,Shasta,California
Whiskeytown,96095,Shasta,California
Whitmore,96096,Shasta,California
Redding,96099,Shasta,California
Alleghany,95910,Sierra,California
Camptonville,95922,Sierra,California
Downieville,95936,Sierra,California
Goodyears Bar,95944,Sierra,California
Loyalton,96118,Sierra,California
Calpine,96124,Sierra,California
Sierra City,96125,Sierra,California
Sierraville,96126,Sierra,California
Somes Bar,95568,Siskiyou,California
Callahan,96014,Siskiyou,California
Dorris,96023,Siskiyou,California
Dunsmuir,96025,Siskiyou,California
Etna,96027,Siskiyou,California
Forks Of Salmon,96031,Siskiyou,California
Fort Jones,96032,Siskiyou,California
Gazelle,96034,Siskiyou,California
Greenview,96037,Siskiyou,California
Grenada,96038,Siskiyou,California
Happy Camp,96039,Siskiyou,California
Hornbrook,96044,Siskiyou,California
Klamath River,96050,Siskiyou,California
Mccloud,96057,Siskiyou,California
Macdoel,96058,Siskiyou,California
Montague,96064,Siskiyou,California
Mount Shasta,96067,Siskiyou,California
Scott Bar,96085,Siskiyou,California
Seiad Valley,96086,Siskiyou,California
Weed,96094,Siskiyou,California
Yreka,96097,Siskiyou,California
Tulelake,96134,Siskiyou,California
Benicia,94510,Solano,California
Birds Landing,94512,Solano,California
Fairfield,94533,Solano,California
Fairfield,94534,Solano,California
Travis Afb,94535,Solano,California
Rio Vista,94571,Solano,California
Suisun City,94585,Solano,California
Vallejo,94589,Solano,California
Vallejo,94590,Solano,California
Vallejo,94591,Solano,California
Vallejo,94592,Solano,California
Dixon,95620,Solano,California
Elmira,95625,Solano,California
Vacaville,95687,Solano,California
Vacaville,95688,Solano,California
Vacaville,95696,Solano,California
Bodega,94922,Sonoma,California
Bodega Bay,94923,Sonoma,California
Rohnert Park,94926,Sonoma,California
Rohnert Park,94927,Sonoma,California
Rohnert Park,94928,Sonoma,California
Cotati,94931,Sonoma,California
Penngrove,94951,Sonoma,California
Petaluma,94952,Sonoma,California
Petaluma,94953,Sonoma,California
Petaluma,94954,Sonoma,California
Petaluma,94955,Sonoma,California
Valley Ford,94972,Sonoma,California
Petaluma,94975,Sonoma,California
Petaluma,94999,Sonoma,California
Santa Rosa,95401,Sonoma,California
Santa Rosa,95402,Sonoma,California
Santa Rosa,95403,Sonoma,California
Santa Rosa,95404,Sonoma,California
Santa Rosa,95405,Sonoma,California
Santa Rosa,95406,Sonoma,California
Santa Rosa,95407,Sonoma,California
Santa Rosa,95409,Sonoma,California
Annapolis,95412,Sonoma,California
Boyes Hot Springs,95416,Sonoma,California
Camp Meeker,95419,Sonoma,California
Cazadero,95421,Sonoma,California
Cloverdale,95425,Sonoma,California
Duncans Mills,95430,Sonoma,California
Eldridge,95431,Sonoma,California
El Verano,95433,Sonoma,California
Forestville,95436,Sonoma,California
Fulton,95439,Sonoma,California
Geyserville,95441,Sonoma,California
Glen Ellen,95442,Sonoma,California
Graton,95444,Sonoma,California
Guerneville,95446,Sonoma,California
Healdsburg,95448,Sonoma,California
Jenner,95450,Sonoma,California
Kenwood,95452,Sonoma,California
Monte Rio,95462,Sonoma,California
Occidental,95465,Sonoma,California
Rio Nido,95471,Sonoma,California
Sebastopol,95472,Sonoma,California
Sebastopol,95473,Sonoma,California
Sonoma,95476,Sonoma,California
Stewarts Point,95480,Sonoma,California
Villa Grande,95486,Sonoma,California
Vineburg,95487,Sonoma,California
Windsor,95492,Sonoma,California
The Sea Ranch,95497,Sonoma,California
Farmington,95230,Stanislaus,California
Ceres,95307,Stanislaus,California
Crows Landing,95313,Stanislaus,California
Denair,95316,Stanislaus,California
Empire,95319,Stanislaus,California
Hickman,95323,Stanislaus,California
Hughson,95326,Stanislaus,California
Keyes,95328,Stanislaus,California
Modesto,95350,Stanislaus,California
Modesto,95351,Stanislaus,California
Modesto,95352,Stanislaus,California
Modesto,95353,Stanislaus,California
Modesto,95354,Stanislaus,California
Modesto,95355,Stanislaus,California
Modesto,95356,Stanislaus,California
Modesto,95357,Stanislaus,California
Modesto,95358,Stanislaus,California
Newman,95360,Stanislaus,California
Oakdale,95361,Stanislaus,California
Patterson,95363,Stanislaus,California
Riverbank,95367,Stanislaus,California
Salida,95368,Stanislaus,California
Turlock,95380,Stanislaus,California
Turlock,95381,Stanislaus,California
Turlock,95382,Stanislaus,California
Vernalis,95385,Stanislaus,California
Waterford,95386,Stanislaus,California
Westley,95387,Stanislaus,California
Modesto,95397,Stanislaus,California
Knights Landing,95645,Sutter,California
Nicolaus,95659,Sutter,California
Pleasant Grove,95668,Sutter,California
Rio Oso,95674,Sutter,California
Robbins,95676,Sutter,California
Live Oak,95953,Sutter,California
Meridian,95957,Sutter,California
Sutter,95982,Sutter,California
Yuba City,95991,Sutter,California
Yuba City,95992,Sutter,California
Yuba City,95993,Sutter,California
Corning,96021,Tehama,California
Cottonwood,96022,Tehama,California
Flournoy,96029,Tehama,California
Gerber,96035,Tehama,California
Los Molinos,96055,Tehama,California
Manton,96059,Tehama,California
Mill Creek,96061,Tehama,California
Mineral,96063,Tehama,California
Paskenta,96074,Tehama,California
Paynes Creek,96075,Tehama,California
Proberta,96078,Tehama,California
Red Bluff,96080,Tehama,California
Tehama,96090,Tehama,California
Vina,96092,Tehama,California
Burnt Ranch,95527,Trinity,California
Mad River,95552,Trinity,California
Zenia,95595,Trinity,California
Big Bar,96010,Trinity,California
Douglas City,96024,Trinity,California
Hayfork,96041,Trinity,California
Hyampom,96046,Trinity,California
Junction City,96048,Trinity,California
Lewiston,96052,Trinity,California
Trinity Center,96091,Trinity,California
Weaverville,96093,Trinity,California
Alpaugh,93201,Tulare,California
California Hot Springs,93207,Tulare,California
Camp Nelson,93208,Tulare,California
Ducor,93218,Tulare,California
Earlimart,93219,Tulare,California
Exeter,93221,Tulare,California
Farmersville,93223,Tulare,California
Goshen,93227,Tulare,California
Ivanhoe,93235,Tulare,California
Kaweah,93237,Tulare,California
Lemon Cove,93244,Tulare,California
Lindsay,93247,Tulare,California
Pixley,93256,Tulare,California
Porterville,93257,Tulare,California
Porterville,93258,Tulare,California
Posey,93260,Tulare,California
Richgrove,93261,Tulare,California
Sequoia National Park,93262,Tulare,California
Springville,93265,Tulare,California
Strathmore,93267,Tulare,California
Terra Bella,93270,Tulare,California
Three Rivers,93271,Tulare,California
Tipton,93272,Tulare,California
Tulare,93274,Tulare,California
Tulare,93275,Tulare,California
Visalia,93277,Tulare,California
Visalia,93278,Tulare,California
Visalia,93279,Tulare,California
Waukena,93282,Tulare,California
Woodlake,93286,Tulare,California
Visalia,93290,Tulare,California
Visalia,93291,Tulare,California
Visalia,93292,Tulare,California
Badger,93603,Tulare,California
Cutler,93615,Tulare,California
Dinuba,93618,Tulare,California
Kings Canyon National Pk,93633,Tulare,California
Orosi,93647,Tulare,California
Sultana,93666,Tulare,California
Yettem,93670,Tulare,California
Traver,93673,Tulare,California
Big Oak Flat,95305,Tuolumne,California
Chinese Camp,95309,Tuolumne,California
Columbia,95310,Tuolumne,California
Pinecrest,95314,Tuolumne,California
Groveland,95321,Tuolumne,California
Jamestown,95327,Tuolumne,California
Long Barn,95335,Tuolumne,California
Mi Wuk Village,95346,Tuolumne,California
Moccasin,95347,Tuolumne,California
Pinecrest,95364,Tuolumne,California
Sonora,95370,Tuolumne,California
Soulsbyville,95372,Tuolumne,California
Standard,95373,Tuolumne,California
Strawberry,95375,Tuolumne,California
Tuolumne,95379,Tuolumne,California
Twain Harte,95383,Tuolumne,California
Newbury Park,91319,Ventura,California
Newbury Park,91320,Ventura,California
Thousand Oaks,91358,Ventura,California
Thousand Oaks,91360,Ventura,California
Westlake Village,91361,Ventura,California
Thousand Oaks,91362,Ventura,California
Oak Park,91377,Ventura,California
Ventura,93001,Ventura,California
Ventura,93002,Ventura,California
Ventura,93003,Ventura,California
Ventura,93004,Ventura,California
Ventura,93005,Ventura,California
Ventura,93006,Ventura,California
Ventura,93007,Ventura,California
Ventura,93009,Ventura,California
Camarillo,93010,Ventura,California
Camarillo,93011,Ventura,California
Camarillo,93012,Ventura,California
Fillmore,93015,Ventura,California
Fillmore,93016,Ventura,California
Moorpark,93020,Ventura,California
Moorpark,93021,Ventura,California
Oak View,93022,Ventura,California
Ojai,93023,Ventura,California
Ojai,93024,Ventura,California
Oxnard,93030,Ventura,California
Oxnard,93031,Ventura,California
Oxnard,93032,Ventura,California
Oxnard,93033,Ventura,California
Oxnard,93034,Ventura,California
Oxnard,93035,Ventura,California
Oxnard,93036,Ventura,California
Piru,93040,Ventura,California
Port Hueneme,93041,Ventura,California
Point Mugu Nawc,93042,Ventura,California
Port Hueneme Cbc Base,93043,Ventura,California
Port Hueneme,93044,Ventura,California
Santa Paula,93060,Ventura,California
Santa Paula,93061,Ventura,California
Simi Valley,93062,Ventura,California
Simi Valley,93063,Ventura,California
Brandeis,93064,Ventura,California
Simi Valley,93065,Ventura,California
Somis,93066,Ventura,California
Simi Valley,93093,Ventura,California
Simi Valley,93094,Ventura,California
Simi Valley,93099,Ventura,California
West Sacramento,95605,Yolo,California
Brooks,95606,Yolo,California
Capay,95607,Yolo,California
Clarksburg,95612,Yolo,California
Davis,95616,Yolo,California
Davis,95617,Yolo,California
Davis,95618,Yolo,California
Esparto,95627,Yolo,California
Guinda,95637,Yolo,California
Madison,95653,Yolo,California
Rumsey,95679,Yolo,California
West Sacramento,95691,Yolo,California
Winters,95694,Yolo,California
Woodland,95695,Yolo,California
Yolo,95697,Yolo,California
Zamora,95698,Yolo,California
Woodland,95776,Yolo,California
West Sacramento,95798,Yolo,California
West Sacramento,95799,Yolo,California
Dunnigan,95937,Yolo,California
Wheatland,95692,Yuba,California
Marysville,95901,Yuba,California
Beale Afb,95903,Yuba,California
Browns Valley,95918,Yuba,California
Brownsville,95919,Yuba,California
Challenge,95925,Yuba,California
Dobbins,95935,Yuba,California
Olivehurst,95961,Yuba,California
Oregon House,95962,Yuba,California
Rackerby,95972,Yuba,California
Smartsville,95977,Yuba,California
Alameda,94501,Alameda,California
Alameda,94502,Alameda,California
Fremont,94536,Alameda,California
Fremont,94537,Alameda,California
Fremont,94538,Alameda,California
Fremont,94539,Alameda,California
Hayward,94540,Alameda,California
Hayward,94541,Alameda,California
Hayward,94542,Alameda,California
Hayward,94543,Alameda,California
Hayward,94544,Alameda,California
Hayward,94545,Alameda,California
Castro Valley,94546,Alameda,California
Livermore,94550,Alameda,California
Livermore,94551,Alameda,California
Castro Valley,94552,Alameda,California
Fremont,94555,Alameda,California
Hayward,94557,Alameda,California
Newark,94560,Alameda,California
Pleasanton,94566,Alameda,California
Dublin,94568,Alameda,California
San Leandro,94577,Alameda,California
San Leandro,94578,Alameda,California
San Leandro,94579,Alameda,California
San Lorenzo,94580,Alameda,California
Sunol,94586,Alameda,California
Union City,94587,Alameda,California
Pleasanton,94588,Alameda,California
Oakland,94601,Alameda,California
Oakland,94602,Alameda,California
Oakland,94603,Alameda,California
Oakland,94604,Alameda,California
Oakland,94605,Alameda,California
Oakland,94606,Alameda,California
Oakland,94607,Alameda,California
Emeryville,94608,Alameda,California
Oakland,94609,Alameda,California
Oakland,94610,Alameda,California
Oakland,94611,Alameda,California
Oakland,94612,Alameda,California
Oakland,94613,Alameda,California
Oakland,94614,Alameda,California
Oakland,94615,Alameda,California
Oakland,94617,Alameda,California
Oakland,94618,Alameda,California
Oakland,94619,Alameda,California
Piedmont,94620,Alameda,California
Oakland,94621,Alameda,California
Oakland,94622,Alameda,California
Oakland,94623,Alameda,California
Oakland,94624,Alameda,California
Oakland,94625,Alameda,California
Oakland,94649,Alameda,California
Oakland,94659,Alameda,California
Oakland,94660,Alameda,California
Oakland,94661,Alameda,California
Emeryville,94662,Alameda,California
Oakland,94666,Alameda,California
Berkeley,94701,Alameda,California
Berkeley,94702,Alameda,California
Berkeley,94703,Alameda,California
Berkeley,94704,Alameda,California
Berkeley,94705,Alameda,California
Albany,94706,Alameda,California
Berkeley,94707,Alameda,California
Berkeley,94708,Alameda,California
Berkeley,94709,Alameda,California
Berkeley,94710,Alameda,California
Berkeley,94712,Alameda,California
Berkeley,94720,Alameda,California
Markleeville,96120,Alpine,California
South Lake Tahoe,96156,Alpine,California
Amador City,95601,Amador,California
Fiddletown,95629,Amador,California
Ione,95640,Amador,California
Jackson,95642,Amador,California
Kirkwood,95646,Amador,California
Martell,95654,Amador,California
Pine Grove,95665,Amador,California
Pioneer,95666,Amador,California
Plymouth,95669,Amador,California
River Pines,95675,Amador,California
Sutter Creek,95685,Amador,California
Volcano,95689,Amador,California
Drytown,95699,Amador,California
Bangor,95914,Butte,California
Berry Creek,95916,Butte,California
Biggs,95917,Butte,California
Chico,95926,Butte,California
Chico,95927,Butte,California
Chico,95928,Butte,California
Chico,95929,Butte,California
Clipper Mills,95930,Butte,California
Durham,95938,Butte,California
Feather Falls,95940,Butte,California
Forbestown,95941,Butte,California
Forest Ranch,95942,Butte,California
Gridley,95948,Butte,California
Magalia,95954,Butte,California
Nelson,95958,Butte,California
Oroville,95965,Butte,California
Oroville,95966,Butte,California
Paradise,95967,Butte,California
Palermo,95968,Butte,California
Paradise,95969,Butte,California
Chico,95973,Butte,California
Richvale,95974,Butte,California
Chico,95976,Butte,California
Stirling City,95978,Butte,California
Altaville,95221,Calaveras,California
Angels Camp,95222,Calaveras,California
Arnold,95223,Calaveras,California
Avery,95224,Calaveras,California
Burson,95225,Calaveras,California
Campo Seco,95226,Calaveras,California
Copperopolis,95228,Calaveras,California
Douglas Flat,95229,Calaveras,California
Glencoe,95232,Calaveras,California
Hathaway Pines,95233,Calaveras,California
Mokelumne Hill,95245,Calaveras,California
Mountain Ranch,95246,Calaveras,California
Murphys,95247,Calaveras,California
Rail Road Flat,95248,Calaveras,California
San Andreas,95249,Calaveras,California
San Andreas,95250,Calaveras,California
Vallecito,95251,Calaveras,California
Valley Springs,95252,Calaveras,California
Wallace,95254,Calaveras,California
West Point,95255,Calaveras,California
Wilseyville,95257,Calaveras,California
Arbuckle,95912,Colusa,California
Colusa,95932,Colusa,California
Grimes,95950,Colusa,California
Maxwell,95955,Colusa,California
Stonyford,95979,Colusa,California
Williams,95987,Colusa,California
Discovery Bay,94505,Contra Costa,California
Danville,94506,Contra Costa,California
Alamo,94507,Contra Costa,California
Antioch,94509,Contra Costa,California
Bethel Island,94511,Contra Costa,California
Brentwood,94513,Contra Costa,California
Byron,94514,Contra Costa,California
Canyon,94516,Contra Costa,California
Clayton,94517,Contra Costa,California
Concord,94518,Contra Costa,California
Concord,94519,Contra Costa,California
Concord,94520,Contra Costa,California
Concord,94521,Contra Costa,California
Concord,94522,Contra Costa,California
Pleasant Hill,94523,Contra Costa,California
Concord,94524,Contra Costa,California
Crockett,94525,Contra Costa,California
Danville,94526,Contra Costa,California
Concord,94527,Contra Costa,California
Diablo,94528,Contra Costa,California
Concord,94529,Contra Costa,California
El Cerrito,94530,Contra Costa,California
Antioch,94531,Contra Costa,California
Hercules,94547,Contra Costa,California
Knightsen,94548,Contra Costa,California
Lafayette,94549,Contra Costa,California
Martinez,94553,Contra Costa,California
Moraga,94556,Contra Costa,California
Oakley,94561,Contra Costa,California
Orinda,94563,Contra Costa,California
Pinole,94564,Contra Costa,California
Pittsburg,94565,Contra Costa,California
Port Costa,94569,Contra Costa,California
Moraga,94570,Contra Costa,California
Rodeo,94572,Contra Costa,California
Moraga,94575,Contra Costa,California
San Ramon,94582,Contra Costa,California
San Ramon,94583,Contra Costa,California
Walnut Creek,94595,Contra Costa,California
Walnut Creek,94596,Contra Costa,California
Walnut Creek,94597,Contra Costa,California
Walnut Creek,94598,Contra Costa,California
Richmond,94801,Contra Costa,California
Richmond,94802,Contra Costa,California
El Sobrante,94803,Contra Costa,California
Richmond,94804,Contra Costa,California
Richmond,94805,Contra Costa,California
San Pablo,94806,Contra Costa,California
Richmond,94807,Contra Costa,California
Richmond,94808,Contra Costa,California
El Sobrante,94820,Contra Costa,California
Richmond,94850,Contra Costa,California
Crescent City,95531,Del Norte,California
Crescent City,95532,Del Norte,California
Fort Dick,95538,Del Norte,California
Gasquet,95543,Del Norte,California
Klamath,95548,Del Norte,California
Smith River,95567,Del Norte,California
Coloma,95613,El Dorado,California
Cool,95614,El Dorado,California
Diamond Springs,95619,El Dorado,California
El Dorado,95623,El Dorado,California
Garden Valley,95633,El Dorado,California
Georgetown,95634,El Dorado,California
Greenwood,95635,El Dorado,California
Grizzly Flats,95636,El Dorado,California
Kit Carson,95644,El Dorado,California
Lotus,95651,El Dorado,California
Mount Aukum,95656,El Dorado,California
Pilot Hill,95664,El Dorado,California
Placerville,95667,El Dorado,California
Rescue,95672,El Dorado,California
Shingle Springs,95682,El Dorado,California
Somerset,95684,El Dorado,California
Camino,95709,El Dorado,California
Kyburz,95720,El Dorado,California
Echo Lake,95721,El Dorado,California
Pollock Pines,95726,El Dorado,California
Twin Bridges,95735,El Dorado,California
El Dorado Hills,95762,El Dorado,California
Tahoma,96142,El Dorado,California
South Lake Tahoe,96150,El Dorado,California
South Lake Tahoe,96151,El Dorado,California
South Lake Tahoe,96152,El Dorado,California
South Lake Tahoe,96154,El Dorado,California
South Lake Tahoe,96155,El Dorado,California
South Lake Tahoe,96157,El Dorado,California
South Lake Tahoe,96158,El Dorado,California
Coalinga,93210,Fresno,California
Huron,93234,Fresno,California
Laton,93242,Fresno,California
Auberry,93602,Fresno,California
Big Creek,93605,Fresno,California
Biola,93606,Fresno,California
Burrel,93607,Fresno,California
Cantua Creek,93608,Fresno,California
Caruthers,93609,Fresno,California
Clovis,93611,Fresno,California
Clovis,93612,Fresno,California
Clovis,93613,Fresno,California
Del Rey,93616,Fresno,California
Clovis,93619,Fresno,California
Dunlap,93621,Fresno,California
Firebaugh,93622,Fresno,California
Five Points,93624,Fresno,California
Fowler,93625,Fresno,California
Helm,93627,Fresno,California
Hume,93628,Fresno,California
Kerman,93630,Fresno,California
Kingsburg,93631,Fresno,California
Lakeshore,93634,Fresno,California
Mendota,93640,Fresno,California
Miramonte,93641,Fresno,California
Mono Hot Springs,93642,Fresno,California
Orange Cove,93646,Fresno,California
Parlier,93648,Fresno,California
Piedra,93649,Fresno,California
Fresno,93650,Fresno,California
Prather,93651,Fresno,California
Raisin City,93652,Fresno,California
Reedley,93654,Fresno,California
Riverdale,93656,Fresno,California
Sanger,93657,Fresno,California
San Joaquin,93660,Fresno,California
Selma,93662,Fresno,California
Shaver Lake,93664,Fresno,California
Tollhouse,93667,Fresno,California
Tranquillity,93668,Fresno,California
Squaw Valley,93675,Fresno,California
Fresno,93701,Fresno,California
Fresno,93702,Fresno,California
Fresno,93703,Fresno,California
Fresno,93704,Fresno,California
Fresno,93705,Fresno,California
Fresno,93706,Fresno,California
Fresno,93707,Fresno,California
Fresno,93708,Fresno,California
Fresno,93709,Fresno,California
Fresno,93710,Fresno,California
Fresno,93711,Fresno,California
Fresno,93712,Fresno,California
Fresno,93714,Fresno,California
Fresno,93715,Fresno,California
Fresno,93716,Fresno,California
Fresno,93717,Fresno,California
Fresno,93718,Fresno,California
Fresno,93720,Fresno,California
Fresno,93721,Fresno,California
Fresno,93722,Fresno,California
Fresno,93723,Fresno,California
Fresno,93724,Fresno,California
Fresno,93725,Fresno,California
Fresno,93726,Fresno,California
Fresno,93727,Fresno,California
Fresno,93728,Fresno,California
Fresno,93729,Fresno,California
Fresno,93730,Fresno,California
Fresno,93737,Fresno,California
Fresno,93740,Fresno,California
Fresno,93741,Fresno,California
Fresno,93744,Fresno,California
Fresno,93745,Fresno,California
Fresno,93747,Fresno,California
Fresno,93750,Fresno,California
Fresno,93755,Fresno,California
Fresno,93760,Fresno,California
Fresno,93761,Fresno,California
Fresno,93764,Fresno,California
Fresno,93765,Fresno,California
Fresno,93771,Fresno,California
Fresno,93772,Fresno,California
Fresno,93773,Fresno,California
Fresno,93774,Fresno,California
Fresno,93775,Fresno,California
Fresno,93776,Fresno,California
Fresno,93777,Fresno,California
Fresno,93778,Fresno,California
Fresno,93779,Fresno,California
Fresno,93780,Fresno,California
Fresno,93784,Fresno,California
Fresno,93786,Fresno,California
Fresno,93790,Fresno,California
Fresno,93791,Fresno,California
Fresno,93792,Fresno,California
Fresno,93793,Fresno,California
Fresno,93794,Fresno,California
Fresno,93844,Fresno,California
Fresno,93888,Fresno,California
Artois,95913,Glenn,California
Butte City,95920,Glenn,California
Elk Creek,95939,Glenn,California
Glenn,95943,Glenn,California
Hamilton City,95951,Glenn,California
Orland,95963,Glenn,California
Princeton,95970,Glenn,California
Willows,95988,Glenn,California
Eureka,95501,Humboldt,California
Eureka,95502,Humboldt,California
Eureka,95503,Humboldt,California
Alderpoint,95511,Humboldt,California
Blocksburg,95514,Humboldt,California
Arcata,95518,Humboldt,California
Mckinleyville,95519,Humboldt,California
Arcata,95521,Humboldt,California
Bayside,95524,Humboldt,California
Blue Lake,95525,Humboldt,California
Bridgeville,95526,Humboldt,California
Carlotta,95528,Humboldt,California
Cutten,95534,Humboldt,California
Ferndale,95536,Humboldt,California
Fields Landing,95537,Humboldt,California
Fortuna,95540,Humboldt,California
Garberville,95542,Humboldt,California
Honeydew,95545,Humboldt,California
Hoopa,95546,Humboldt,California
Hydesville,95547,Humboldt,California
Kneeland,95549,Humboldt,California
Korbel,95550,Humboldt,California
Loleta,95551,Humboldt,California
Miranda,95553,Humboldt,California
Myers Flat,95554,Humboldt,California
Orick,95555,Humboldt,California
Orleans,95556,Humboldt,California
Petrolia,95558,Humboldt,California
Phillipsville,95559,Humboldt,California
Redway,95560,Humboldt,California
Rio Dell,95562,Humboldt,California
Salyer,95563,Humboldt,California
Samoa,95564,Humboldt,California
Scotia,95565,Humboldt,California
Redcrest,95569,Humboldt,California
Trinidad,95570,Humboldt,California
Weott,95571,Humboldt,California
Willow Creek,95573,Humboldt,California
Whitethorn,95589,Humboldt,California
Bard,92222,Imperial,California
Brawley,92227,Imperial,California
Calexico,92231,Imperial,California
Calexico,92232,Imperial,California
Calipatria,92233,Imperial,California
El Centro,92243,Imperial,California
El Centro,92244,Imperial,California
Heber,92249,Imperial,California
Holtville,92250,Imperial,California
Imperial,92251,Imperial,California
Niland,92257,Imperial,California
Ocotillo,92259,Imperial,California
Palo Verde,92266,Imperial,California
Seeley,92273,Imperial,California
Thermal,92274,Imperial,California
Salton City,92275,Imperial,California
Westmorland,92281,Imperial,California
Winterhaven,92283,Imperial,California
Death Valley,92328,Inyo,California
Shoshone,92384,Inyo,California
Tecopa,92389,Inyo,California
Big Pine,93513,Inyo,California
Bishop,93514,Inyo,California
Bishop,93515,Inyo,California
Darwin,93522,Inyo,California
Independence,93526,Inyo,California
Keeler,93530,Inyo,California
Little Lake,93542,Inyo,California
Lone Pine,93545,Inyo,California
Olancha,93549,Inyo,California
Trona,93562,Inyo,California
Arvin,93203,Kern,California
Bodfish,93205,Kern,California
Buttonwillow,93206,Kern,California
Delano,93215,Kern,California
Delano,93216,Kern,California
Edison,93220,Kern,California
Pine Mountain Club,93222,Kern,California
Fellows,93224,Kern,California
Frazier Park,93225,Kern,California
Glennville,93226,Kern,California
Kernville,93238,Kern,California
Lake Isabella,93240,Kern,California
Lamont,93241,Kern,California
Lost Hills,93249,Kern,California
Mc Farland,93250,Kern,California
Mc Kittrick,93251,Kern,California
Maricopa,93252,Kern,California
Onyx,93255,Kern,California
Shafter,93263,Kern,California
Taft,93268,Kern,California
Tupman,93276,Kern,California
Wasco,93280,Kern,California
Weldon,93283,Kern,California
Wofford Heights,93285,Kern,California
Woody,93287,Kern,California
Bakersfield,93301,Kern,California
Bakersfield,93302,Kern,California
Bakersfield,93303,Kern,California
Bakersfield,93304,Kern,California
Bakersfield,93305,Kern,California
Bakersfield,93306,Kern,California
Bakersfield,93307,Kern,California
Bakersfield,93308,Kern,California
Bakersfield,93309,Kern,California
Bakersfield,93311,Kern,California
Bakersfield,93312,Kern,California
Bakersfield,93313,Kern,California
Bakersfield,93314,Kern,California
Bakersfield,93380,Kern,California
Bakersfield,93381,Kern,California
Bakersfield,93382,Kern,California
Bakersfield,93383,Kern,California
Bakersfield,93384,Kern,California
Bakersfield,93385,Kern,California
Bakersfield,93386,Kern,California
Bakersfield,93387,Kern,California
Bakersfield,93388,Kern,California
Bakersfield,93389,Kern,California
Bakersfield,93390,Kern,California
Mojave,93501,Kern,California
Mojave,93502,Kern,California
California City,93504,Kern,California
California City,93505,Kern,California
Boron,93516,Kern,California
Caliente,93518,Kern,California
Cantil,93519,Kern,California
Edwards,93523,Kern,California
Edwards,93524,Kern,California
Inyokern,93527,Kern,California
Johannesburg,93528,Kern,California
Keene,93531,Kern,California
Randsburg,93554,Kern,California
Ridgecrest,93555,Kern,California
Ridgecrest,93556,Kern,California
Rosamond,93560,Kern,California
Tehachapi,93561,Kern,California
Tehachapi,93581,Kern,California
Boron,93596,Kern,California
Armona,93202,Kings,California
Avenal,93204,Kings,California
Corcoran,93212,Kings,California
Hanford,93230,Kings,California
Hanford,93232,Kings,California
Kettleman City,93239,Kings,California
Lemoore,93245,Kings,California
Lemoore,93246,Kings,California
Stratford,93266,Kings,California
Clearlake,95422,Lake,California
Clearlake Oaks,95423,Lake,California
Clearlake Park,95424,Lake,California
Cobb,95426,Lake,California
Finley,95435,Lake,California
Glenhaven,95443,Lake,California
Kelseyville,95451,Lake,California
Lakeport,95453,Lake,California
Lower Lake,95457,Lake,California
Lucerne,95458,Lake,California
Middletown,95461,Lake,California
Nice,95464,Lake,California
Hidden Valley Lake,95467,Lake,California
Potter Valley,95469,Lake,California
Upper Lake,95485,Lake,California
Witter Springs,95493,Lake,California
Bieber,96009,Lassen,California
Mcarthur,96056,Lassen,California
Nubieber,96068,Lassen,California
Doyle,96109,Lassen,California
Herlong,96113,Lassen,California
Janesville,96114,Lassen,California
Litchfield,96117,Lassen,California
Madeline,96119,Lassen,California
Ravendale,96123,Lassen,California
Susanville,96127,Lassen,California
Standish,96128,Lassen,California
Susanville,96130,Lassen,California
Termo,96132,Lassen,California
Wendel,96136,Lassen,California
Westwood,96137,Lassen,California
Los Angeles,90001,Los Angeles,California
Los Angeles,90002,Los Angeles,California
Los Angeles,90003,Los Angeles,California
Los Angeles,90004,Los Angeles,California
Los Angeles,90005,Los Angeles,California
Los Angeles,90006,Los Angeles,California
Los Angeles,90007,Los Angeles,California
Los Angeles,90008,Los Angeles,California
Los Angeles,90009,Los Angeles,California
Los Angeles,90010,Los Angeles,California
Los Angeles,90011,Los Angeles,California
Los Angeles,90012,Los Angeles,California
Los Angeles,90013,Los Angeles,California
Los Angeles,90014,Los Angeles,California
Los Angeles,90015,Los Angeles,California
Los Angeles,90016,Los Angeles,California
Los Angeles,90017,Los Angeles,California
Los Angeles,90018,Los Angeles,California
Los Angeles,90019,Los Angeles,California
Los Angeles,90020,Los Angeles,California
Los Angeles,90021,Los Angeles,California
Los Angeles,90022,Los Angeles,California
Los Angeles,90023,Los Angeles,California
Los Angeles,90024,Los Angeles,California
Los Angeles,90025,Los Angeles,California
Los Angeles,90026,Los Angeles,California
Los Angeles,90027,Los Angeles,California
Los Angeles,90028,Los Angeles,California
Los Angeles,90029,Los Angeles,California
Los Angeles,90030,Los Angeles,California
Los Angeles,90031,Los Angeles,California
Los Angeles,90032,Los Angeles,California
Los Angeles,90033,Los Angeles,California
Los Angeles,90034,Los Angeles,California
Los Angeles,90035,Los Angeles,California
Los Angeles,90036,Los Angeles,California
Los Angeles,90037,Los Angeles,California
Los Angeles,90038,Los Angeles,California
Los Angeles,90039,Los Angeles,California
Los Angeles,90040,Los Angeles,California
Los Angeles,90041,Los Angeles,California
Los Angeles,90042,Los Angeles,California
Los Angeles,90043,Los Angeles,California
Los Angeles,90044,Los Angeles,California
Los Angeles,90045,Los Angeles,California
Los Angeles,90046,Los Angeles,California
Los Angeles,90047,Los Angeles,California
Los Angeles,90048,Los Angeles,California
Los Angeles,90049,Los Angeles,California
Los Angeles,90050,Los Angeles,California
Los Angeles,90051,Los Angeles,California
Los Angeles,90052,Los Angeles,California
Los Angeles,90053,Los Angeles,California
Los Angeles,90054,Los Angeles,California
Los Angeles,90055,Los Angeles,California
Los Angeles,90056,Los Angeles,California
Los Angeles,90057,Los Angeles,California
Los Angeles,90058,Los Angeles,California
Los Angeles,90059,Los Angeles,California
Los Angeles,90060,Los Angeles,California
Los Angeles,90061,Los Angeles,California
Los Angeles,90062,Los Angeles,California
Los Angeles,90063,Los Angeles,California
Los Angeles,90064,Los Angeles,California
Los Angeles,90065,Los Angeles,California
Los Angeles,90066,Los Angeles,California
Los Angeles,90067,Los Angeles,California
Los Angeles,90068,Los Angeles,California
West Hollywood,90069,Los Angeles,California
Los Angeles,90070,Los Angeles,California
Los Angeles,90071,Los Angeles,California
Los Angeles,90072,Los Angeles,California
Los Angeles,90073,Los Angeles,California
Los Angeles,90074,Los Angeles,California
Los Angeles,90075,Los Angeles,California
Los Angeles,90076,Los Angeles,California
Los Angeles,90077,Los Angeles,California
Los Angeles,90078,Los Angeles,California
Los Angeles,90079,Los Angeles,California
Los Angeles,90080,Los Angeles,California
Los Angeles,90081,Los Angeles,California
Los Angeles,90082,Los Angeles,California
Los Angeles,90083,Los Angeles,California
Los Angeles,90084,Los Angeles,California
Los Angeles,90086,Los Angeles,California
Los Angeles,90087,Los Angeles,California
Los Angeles,90088,Los Angeles,California
Los Angeles,90089,Los Angeles,California
Dodgertown,90090,Los Angeles,California
Los Angeles,90091,Los Angeles,California
Los Angeles,90093,Los Angeles,California
Playa Vista,90094,Los Angeles,California
Los Angeles,90095,Los Angeles,California
Los Angeles,90096,Los Angeles,California
Los Angeles,90099,Los Angeles,California
Los Angeles,90101,Los Angeles,California
Los Angeles,90102,Los Angeles,California
Los Angeles,90103,Los Angeles,California
Los Angeles,90189,Los Angeles,California
Bell Gardens,90201,Los Angeles,California
Bell,90202,Los Angeles,California
Beverly Hills,90209,Los Angeles,California
Beverly Hills,90210,Los Angeles,California
Beverly Hills,90211,Los Angeles,California
Beverly Hills,90212,Los Angeles,California
Beverly Hills,90213,Los Angeles,California
Compton,90220,Los Angeles,California
Compton,90221,Los Angeles,California
Compton,90222,Los Angeles,California
Compton,90223,Los Angeles,California
Compton,90224,Los Angeles,California
Culver City,90230,Los Angeles,California
Culver City,90231,Los Angeles,California
Culver City,90232,Los Angeles,California
Culver City,90233,Los Angeles,California
Downey,90239,Los Angeles,California
Downey,90240,Los Angeles,California
Downey,90241,Los Angeles,California
Downey,90242,Los Angeles,California
El Segundo,90245,Los Angeles,California
Gardena,90247,Los Angeles,California
Gardena,90248,Los Angeles,California
Gardena,90249,Los Angeles,California
Hawthorne,90250,Los Angeles,California
Hawthorne,90251,Los Angeles,California
Hermosa Beach,90254,Los Angeles,California
Huntington Park,90255,Los Angeles,California
Lawndale,90260,Los Angeles,California
Lawndale,90261,Los Angeles,California
Lynwood,90262,Los Angeles,California
Malibu,90263,Los Angeles,California
Malibu,90264,Los Angeles,California
Malibu,90265,Los Angeles,California
Manhattan Beach,90266,Los Angeles,California
Manhattan Beach,90267,Los Angeles,California
Maywood,90270,Los Angeles,California
Pacific Palisades,90272,Los Angeles,California
Palos Verdes Peninsula,90274,Los Angeles,California
Rancho Palos Verdes,90275,Los Angeles,California
Redondo Beach,90277,Los Angeles,California
Redondo Beach,90278,Los Angeles,California
South Gate,90280,Los Angeles,California
Topanga,90290,Los Angeles,California
Venice,90291,Los Angeles,California
Marina Del Rey,90292,Los Angeles,California
Playa Del Rey,90293,Los Angeles,California
Venice,90294,Los Angeles,California
Marina Del Rey,90295,Los Angeles,California
Playa Del Rey,90296,Los Angeles,California
Inglewood,90301,Los Angeles,California
Inglewood,90302,Los Angeles,California
Inglewood,90303,Los Angeles,California
Inglewood,90304,Los Angeles,California
Inglewood,90305,Los Angeles,California
Inglewood,90306,Los Angeles,California
Inglewood,90307,Los Angeles,California
Inglewood,90308,Los Angeles,California
Inglewood,90309,Los Angeles,California
Inglewood,90310,Los Angeles,California
Inglewood,90311,Los Angeles,California
Inglewood,90312,Los Angeles,California
Inglewood,90313,Los Angeles,California
Inglewood,90397,Los Angeles,California
Inglewood,90398,Los Angeles,California
Santa Monica,90401,Los Angeles,California
Santa Monica,90402,Los Angeles,California
Santa Monica,90403,Los Angeles,California
Santa Monica,90404,Los Angeles,California
Santa Monica,90405,Los Angeles,California
Santa Monica,90406,Los Angeles,California
Santa Monica,90407,Los Angeles,California
Santa Monica,90408,Los Angeles,California
Santa Monica,90409,Los Angeles,California
Santa Monica,90410,Los Angeles,California
Santa Monica,90411,Los Angeles,California
Torrance,90501,Los Angeles,California
Torrance,90502,Los Angeles,California
Torrance,90503,Los Angeles,California
Torrance,90504,Los Angeles,California
Torrance,90505,Los Angeles,California
Torrance,90506,Los Angeles,California
Torrance,90507,Los Angeles,California
Torrance,90508,Los Angeles,California
Torrance,90509,Los Angeles,California
Torrance,90510,Los Angeles,California
Whittier,90601,Los Angeles,California
Whittier,90602,Los Angeles,California
Whittier,90603,Los Angeles,California
Whittier,90604,Los Angeles,California
Whittier,90605,Los Angeles,California
Whittier,90606,Los Angeles,California
Whittier,90607,Los Angeles,California
Whittier,90608,Los Angeles,California
Whittier,90609,Los Angeles,California
Whittier,90610,Los Angeles,California
Whittier,90612,Los Angeles,California
La Mirada,90637,Los Angeles,California
La Mirada,90638,Los Angeles,California
La Mirada,90639,Los Angeles,California
Montebello,90640,Los Angeles,California
Norwalk,90650,Los Angeles,California
Norwalk,90651,Los Angeles,California
Norwalk,90652,Los Angeles,California
Norwalk,90659,Los Angeles,California
Pico Rivera,90660,Los Angeles,California
Pico Rivera,90661,Los Angeles,California
Pico Rivera,90662,Los Angeles,California
Santa Fe Springs,90670,Los Angeles,California
Santa Fe Springs,90671,Los Angeles,California
Artesia,90701,Los Angeles,California
Artesia,90702,Los Angeles,California
Cerritos,90703,Los Angeles,California
Avalon,90704,Los Angeles,California
Bellflower,90706,Los Angeles,California
Bellflower,90707,Los Angeles,California
Harbor City,90710,Los Angeles,California
Lakewood,90711,Los Angeles,California
Lakewood,90712,Los Angeles,California
Lakewood,90713,Los Angeles,California
Lakewood,90714,Los Angeles,California
Lakewood,90715,Los Angeles,California
Hawaiian Gardens,90716,Los Angeles,California
Lomita,90717,Los Angeles,California
Paramount,90723,Los Angeles,California
San Pedro,90731,Los Angeles,California
San Pedro,90732,Los Angeles,California
San Pedro,90733,Los Angeles,California
San Pedro,90734,Los Angeles,California
Wilmington,90744,Los Angeles,California
Carson,90745,Los Angeles,California
Carson,90746,Los Angeles,California
Carson,90747,Los Angeles,California
Wilmington,90748,Los Angeles,California
Carson,90749,Los Angeles,California
Signal Hill,90755,Los Angeles,California
Long Beach,90801,Los Angeles,California
Long Beach,90802,Los Angeles,California
Long Beach,90803,Los Angeles,California
Long Beach,90804,Los Angeles,California
Long Beach,90805,Los Angeles,California
Long Beach,90806,Los Angeles,California
Long Beach,90807,Los Angeles,California
Long Beach,90808,Los Angeles,California
Long Beach,90809,Los Angeles,California
Long Beach,90810,Los Angeles,California
Long Beach,90813,Los Angeles,California
Long Beach,90814,Los Angeles,California
Long Beach,90815,Los Angeles,California
Long Beach,90822,Los Angeles,California
Long Beach,90831,Los Angeles,California
Long Beach,90832,Los Angeles,California
Long Beach,90833,Los Angeles,California
Long Beach,90834,Los Angeles,California
Long Beach,90835,Los Angeles,California
Long Beach,90840,Los Angeles,California
Long Beach,90842,Los Angeles,California
Long Beach,90844,Los Angeles,California
Long Beach,90845,Los Angeles,California
Long Beach,90846,Los Angeles,California
Long Beach,90847,Los Angeles,California
Long Beach,90848,Los Angeles,California
Long Beach,90853,Los Angeles,California
Long Beach,90888,Los Angeles,California
Carson,90895,Los Angeles,California
Long Beach,90899,Los Angeles,California
Altadena,91001,Los Angeles,California
Altadena,91003,Los Angeles,California
Arcadia,91006,Los Angeles,California
Arcadia,91007,Los Angeles,California
Duarte,91008,Los Angeles,California
Duarte,91009,Los Angeles,California
Duarte,91010,Los Angeles,California
La Canada Flintridge,91011,Los Angeles,California
La Canada Flintridge,91012,Los Angeles,California
Monrovia,91016,Los Angeles,California
Monrovia,91017,Los Angeles,California
Montrose,91020,Los Angeles,California
Montrose,91021,Los Angeles,California
Mount Wilson,91023,Los Angeles,California
Sierra Madre,91024,Los Angeles,California
Sierra Madre,91025,Los Angeles,California
South Pasadena,91030,Los Angeles,California
South Pasadena,91031,Los Angeles,California
Sunland,91040,Los Angeles,California
Sunland,91041,Los Angeles,California
Tujunga,91042,Los Angeles,California
Tujunga,91043,Los Angeles,California
Verdugo City,91046,Los Angeles,California
Arcadia,91066,Los Angeles,California
Arcadia,91077,Los Angeles,California
Pasadena,91101,Los Angeles,California
Pasadena,91102,Los Angeles,California
Pasadena,91103,Los Angeles,California
Pasadena,91104,Los Angeles,California
Pasadena,91105,Los Angeles,California
Pasadena,91106,Los Angeles,California
Pasadena,91107,Los Angeles,California
San Marino,91108,Los Angeles,California
Pasadena,91109,Los Angeles,California
Pasadena,91110,Los Angeles,California
Pasadena,91114,Los Angeles,California
Pasadena,91115,Los Angeles,California
Pasadena,91116,Los Angeles,California
Pasadena,91117,Los Angeles,California
San Marino,91118,Los Angeles,California
Pasadena,91121,Los Angeles,California
Pasadena,91123,Los Angeles,California
Pasadena,91124,Los Angeles,California
Pasadena,91125,Los Angeles,California
Pasadena,91126,Los Angeles,California
Pasadena,91129,Los Angeles,California
Pasadena,91131,Los Angeles,California
Pasadena,91182,Los Angeles,California
Pasadena,91184,Los Angeles,California
Pasadena,91185,Los Angeles,California
Pasadena,91188,Los Angeles,California
Pasadena,91189,Los Angeles,California
Pasadena,91191,Los Angeles,California
Pasadena,91199,Los Angeles,California
Glendale,91201,Los Angeles,California
Glendale,91202,Los Angeles,California
Glendale,91203,Los Angeles,California
Glendale,91204,Los Angeles,California
Glendale,91205,Los Angeles,California
Glendale,91206,Los Angeles,California
Glendale,91207,Los Angeles,California
Glendale,91208,Los Angeles,California
Glendale,91209,Los Angeles,California
Glendale,91210,Los Angeles,California
La Crescenta,91214,Los Angeles,California
Glendale,91221,Los Angeles,California
Glendale,91222,Los Angeles,California
La Crescenta,91224,Los Angeles,California
Glendale,91225,Los Angeles,California
Glendale,91226,Los Angeles,California
Agoura Hills,91301,Los Angeles,California
Calabasas,91302,Los Angeles,California
Canoga Park,91303,Los Angeles,California
Canoga Park,91304,Los Angeles,California
Canoga Park,91305,Los Angeles,California
Winnetka,91306,Los Angeles,California
West Hills,91307,Los Angeles,California
West Hills,91308,Los Angeles,California
Canoga Park,91309,Los Angeles,California
Castaic,91310,Los Angeles,California
Chatsworth,91311,Los Angeles,California
Chatsworth,91313,Los Angeles,California
Encino,91316,Los Angeles,California
Newhall,91321,Los Angeles,California
Newhall,91322,Los Angeles,California
Northridge,91324,Los Angeles,California
Northridge,91325,Los Angeles,California
Porter Ranch,91326,Los Angeles,California
Northridge,91327,Los Angeles,California
Northridge,91328,Los Angeles,California
Northridge,91329,Los Angeles,California
Northridge,91330,Los Angeles,California
Pacoima,91331,Los Angeles,California
Pacoima,91333,Los Angeles,California
Pacoima,91334,Los Angeles,California
Reseda,91335,Los Angeles,California
Reseda,91337,Los Angeles,California
San Fernando,91340,Los Angeles,California
San Fernando,91341,Los Angeles,California
Sylmar,91342,Los Angeles,California
North Hills,91343,Los Angeles,California
Granada Hills,91344,Los Angeles,California
Mission Hills,91345,Los Angeles,California
Mission Hills,91346,Los Angeles,California
Santa Clarita,91350,Los Angeles,California
Canyon Country,91351,Los Angeles,California
Sun Valley,91352,Los Angeles,California
Sun Valley,91353,Los Angeles,California
Valencia,91354,Los Angeles,California
Valencia,91355,Los Angeles,California
Tarzana,91356,Los Angeles,California
Tarzana,91357,Los Angeles,California
Westlake Village,91359,Los Angeles,California
Thousand Oaks,91363,Los Angeles,California
Woodland Hills,91364,Los Angeles,California
Woodland Hills,91365,Los Angeles,California
Woodland Hills,91367,Los Angeles,California
Woodland Hills,91371,Los Angeles,California
Calabasas,91372,Los Angeles,California
Agoura Hills,91376,Los Angeles,California
Santa Clarita,91380,Los Angeles,California
Stevenson Ranch,91381,Los Angeles,California
Santa Clarita,91382,Los Angeles,California
Santa Clarita,91383,Los Angeles,California
Castaic,91384,Los Angeles,California
Valencia,91385,Los Angeles,California
Canyon Country,91386,Los Angeles,California
Canyon Country,91387,Los Angeles,California
Van Nuys,91388,Los Angeles,California
Santa Clarita,91390,Los Angeles,California
Sylmar,91392,Los Angeles,California
North Hills,91393,Los Angeles,California
Granada Hills,91394,Los Angeles,California
Mission Hills,91395,Los Angeles,California
Winnetka,91396,Los Angeles,California
Woodland Hills,91399,Los Angeles,California
Van Nuys,91401,Los Angeles,California
Panorama City,91402,Los Angeles,California
Sherman Oaks,91403,Los Angeles,California
Van Nuys,91404,Los Angeles,California
Van Nuys,91405,Los Angeles,California
Van Nuys,91406,Los Angeles,California
Van Nuys,91407,Los Angeles,California
Van Nuys,91408,Los Angeles,California
Van Nuys,91409,Los Angeles,California
Van Nuys,91410,Los Angeles,California
Van Nuys,91411,Los Angeles,California
Panorama City,91412,Los Angeles,California
Sherman Oaks,91413,Los Angeles,California
Encino,91416,Los Angeles,California
Sherman Oaks,91423,Los Angeles,California
Encino,91426,Los Angeles,California
Encino,91436,Los Angeles,California
Van Nuys,91470,Los Angeles,California
Van Nuys,91482,Los Angeles,California
Sherman Oaks,91495,Los Angeles,California
Van Nuys,91496,Los Angeles,California
Van Nuys,91497,Los Angeles,California
Van Nuys,91499,Los Angeles,California
Burbank,91501,Los Angeles,California
Burbank,91502,Los Angeles,California
Burbank,91503,Los Angeles,California
Burbank,91504,Los Angeles,California
Burbank,91505,Los Angeles,California
Burbank,91506,Los Angeles,California
Burbank,91507,Los Angeles,California
Burbank,91508,Los Angeles,California
Burbank,91510,Los Angeles,California
Burbank,91521,Los Angeles,California
Burbank,91522,Los Angeles,California
Burbank,91523,Los Angeles,California
Burbank,91526,Los Angeles,California
North Hollywood,91601,Los Angeles,California
North Hollywood,91602,Los Angeles,California
North Hollywood,91603,Los Angeles,California
Studio City,91604,Los Angeles,California
North Hollywood,91605,Los Angeles,California
North Hollywood,91606,Los Angeles,California
Valley Village,91607,Los Angeles,California
Universal City,91608,Los Angeles,California
North Hollywood,91609,Los Angeles,California
Toluca Lake,91610,Los Angeles,California
North Hollywood,91611,Los Angeles,California
North Hollywood,91612,Los Angeles,California
Studio City,91614,Los Angeles,California
North Hollywood,91615,Los Angeles,California
North Hollywood,91616,Los Angeles,California
Valley Village,91617,Los Angeles,California
North Hollywood,91618,Los Angeles,California
Azusa,91702,Los Angeles,California
Baldwin Park,91706,Los Angeles,California
Claremont,91711,Los Angeles,California
City Of Industry,91714,Los Angeles,California
City Of Industry,91715,Los Angeles,California
City Of Industry,91716,Los Angeles,California
Covina,91722,Los Angeles,California
Covina,91723,Los Angeles,California
Covina,91724,Los Angeles,California
El Monte,91731,Los Angeles,California
El Monte,91732,Los Angeles,California
South El Monte,91733,Los Angeles,California
El Monte,91734,Los Angeles,California
El Monte,91735,Los Angeles,California
Glendora,91740,Los Angeles,California
Glendora,91741,Los Angeles,California
La Puente,91744,Los Angeles,California
Hacienda Heights,91745,Los Angeles,California
La Puente,91746,Los Angeles,California
La Puente,91747,Los Angeles,California
Rowland Heights,91748,Los Angeles,California
La Puente,91749,Los Angeles,California
La Verne,91750,Los Angeles,California
Monterey Park,91754,Los Angeles,California
Monterey Park,91755,Los Angeles,California
Monterey Park,91756,Los Angeles,California
Diamond Bar,91765,Los Angeles,California
Pomona,91766,Los Angeles,California
Pomona,91767,Los Angeles,California
Pomona,91768,Los Angeles,California
Pomona,91769,Los Angeles,California
Rosemead,91770,Los Angeles,California
Rosemead,91771,Los Angeles,California
Rosemead,91772,Los Angeles,California
San Dimas,91773,Los Angeles,California
San Gabriel,91775,Los Angeles,California
San Gabriel,91776,Los Angeles,California
San Gabriel,91778,Los Angeles,California
Temple City,91780,Los Angeles,California
Walnut,91788,Los Angeles,California
Walnut,91789,Los Angeles,California
West Covina,91790,Los Angeles,California
West Covina,91791,Los Angeles,California
West Covina,91792,Los Angeles,California
West Covina,91793,Los Angeles,California
Walnut,91795,Los Angeles,California
Pomona,91797,Los Angeles,California
Pomona,91799,Los Angeles,California
Alhambra,91801,Los Angeles,California
Alhambra,91802,Los Angeles,California
Alhambra,91803,Los Angeles,California
Alhambra,91804,Los Angeles,California
Alhambra,91841,Los Angeles,California
Alhambra,91896,Los Angeles,California
Alhambra,91899,Los Angeles,California
Lebec,93243,Los Angeles,California
Acton,93510,Los Angeles,California
Lake Hughes,93532,Los Angeles,California
Lancaster,93534,Los Angeles,California
Lancaster,93535,Los Angeles,California
Lancaster,93536,Los Angeles,California
Lancaster,93539,Los Angeles,California
Littlerock,93543,Los Angeles,California
Llano,93544,Los Angeles,California
Palmdale,93550,Los Angeles,California
Palmdale,93551,Los Angeles,California
Palmdale,93552,Los Angeles,California
Pearblossom,93553,Los Angeles,California
Valyermo,93563,Los Angeles,California
Lancaster,93584,Los Angeles,California
Lancaster,93586,Los Angeles,California
Palmdale,93590,Los Angeles,California
Palmdale,93591,Los Angeles,California
Palmdale,93599,Los Angeles,California
Ahwahnee,93601,Madera,California
Bass Lake,93604,Madera,California
Chowchilla,93610,Madera,California
Coarsegold,93614,Madera,California
Friant,93626,Madera,California
Madera,93636,Madera,California
Madera,93637,Madera,California
Madera,93638,Madera,California
Madera,93639,Madera,California
North Fork,93643,Madera,California
Oakhurst,93644,Madera,California
O Neals,93645,Madera,California
Raymond,93653,Madera,California
Wishon,93669,Madera,California
San Rafael,94901,Marin,California
San Rafael,94903,Marin,California
Greenbrae,94904,Marin,California
San Rafael,94912,Marin,California
San Rafael,94913,Marin,California
Kentfield,94914,Marin,California
San Rafael,94915,Marin,California
Belvedere Tiburon,94920,Marin,California
Bolinas,94924,Marin,California
Corte Madera,94925,Marin,California
Dillon Beach,94929,Marin,California
Fairfax,94930,Marin,California
Forest Knolls,94933,Marin,California
Inverness,94937,Marin,California
Lagunitas,94938,Marin,California
Larkspur,94939,Marin,California
Marshall,94940,Marin,California
Mill Valley,94941,Marin,California
Mill Valley,94942,Marin,California
Novato,94945,Marin,California
Nicasio,94946,Marin,California
Novato,94947,Marin,California
Novato,94948,Marin,California
Novato,94949,Marin,California
Olema,94950,Marin,California
Point Reyes Station,94956,Marin,California
Ross,94957,Marin,California
San Anselmo,94960,Marin,California
San Geronimo,94963,Marin,California
San Quentin,94964,Marin,California
Sausalito,94965,Marin,California
Sausalito,94966,Marin,California
Stinson Beach,94970,Marin,California
Tomales,94971,Marin,California
Woodacre,94973,Marin,California
San Quentin,94974,Marin,California
Corte Madera,94976,Marin,California
Larkspur,94977,Marin,California
Fairfax,94978,Marin,California
San Anselmo,94979,Marin,California
Novato,94998,Marin,California
Fish Camp,93623,Mariposa,California
Catheys Valley,95306,Mariposa,California
Coulterville,95311,Mariposa,California
El Portal,95318,Mariposa,California
Hornitos,95325,Mariposa,California
La Grange,95329,Mariposa,California
Mariposa,95338,Mariposa,California
Midpines,95345,Mariposa,California
Yosemite National Park,95389,Mariposa,California
Albion,95410,Mendocino,California
Boonville,95415,Mendocino,California
Branscomb,95417,Mendocino,California
Calpella,95418,Mendocino,California
Caspar,95420,Mendocino,California
Comptche,95427,Mendocino,California
Covelo,95428,Mendocino,California
Dos Rios,95429,Mendocino,California
Elk,95432,Mendocino,California
Fort Bragg,95437,Mendocino,California
Gualala,95445,Mendocino,California
Hopland,95449,Mendocino,California
Laytonville,95454,Mendocino,California
Little River,95456,Mendocino,California
Manchester,95459,Mendocino,California
Mendocino,95460,Mendocino,California
Navarro,95463,Mendocino,California
Philo,95466,Mendocino,California
Point Arena,95468,Mendocino,California
Redwood Valley,95470,Mendocino,California
Talmage,95481,Mendocino,California
Ukiah,95482,Mendocino,California
Westport,95488,Mendocino,California
Willits,95490,Mendocino,California
Yorkville,95494,Mendocino,California
Leggett,95585,Mendocino,California
Piercy,95587,Mendocino,California
Dos Palos,93620,Merced,California
Los Banos,93635,Merced,California
Santa Rita Park,93661,Merced,California
South Dos Palos,93665,Merced,California
Atwater,95301,Merced,California
Ballico,95303,Merced,California
Cressey,95312,Merced,California
Delhi,95315,Merced,California
El Nido,95317,Merced,California
Gustine,95322,Merced,California
Hilmar,95324,Merced,California
Le Grand,95333,Merced,California
Livingston,95334,Merced,California
Merced,95340,Merced,California
Merced,95341,Merced,California
Merced,95343,Merced,California
Merced,95344,Merced,California
Merced,95348,Merced,California
Planada,95365,Merced,California
Snelling,95369,Merced,California
Stevinson,95374,Merced,California
Winton,95388,Merced,California
Adin,96006,Modoc,California
Canby,96015,Modoc,California
Lookout,96054,Modoc,California
Alturas,96101,Modoc,California
Cedarville,96104,Modoc,California
Davis Creek,96108,Modoc,California
Eagleville,96110,Modoc,California
Fort Bidwell,96112,Modoc,California
Lake City,96115,Modoc,California
Likely,96116,Modoc,California
Benton,93512,Mono,California
Bridgeport,93517,Mono,California
June Lake,93529,Mono,California
Lee Vining,93541,Mono,California
Mammoth Lakes,93546,Mono,California
Coleville,96107,Mono,California
Topaz,96133,Mono,California
Bradley,93426,Monterey,California
San Ardo,93450,Monterey,California
Salinas,93901,Monterey,California
Salinas,93902,Monterey,California
Salinas,93905,Monterey,California
Salinas,93906,Monterey,California
Salinas,93907,Monterey,California
Salinas,93908,Monterey,California
Salinas,93912,Monterey,California
Salinas,93915,Monterey,California
Big Sur,93920,Monterey,California
Carmel By The Sea,93921,Monterey,California
Carmel,93922,Monterey,California
Carmel,93923,Monterey,California
Carmel Valley,93924,Monterey,California
Chualar,93925,Monterey,California
Gonzales,93926,Monterey,California
Greenfield,93927,Monterey,California
Jolon,93928,Monterey,California
King City,93930,Monterey,California
Lockwood,93932,Monterey,California
Marina,93933,Monterey,California
Monterey,93940,Monterey,California
Monterey,93942,Monterey,California
Monterey,93943,Monterey,California
Monterey,93944,Monterey,California
Pacific Grove,93950,Monterey,California
Pebble Beach,93953,Monterey,California
San Lucas,93954,Monterey,California
Seaside,93955,Monterey,California
Soledad,93960,Monterey,California
Spreckels,93962,Monterey,California
Aromas,95004,Monterey,California
Castroville,95012,Monterey,California
Moss Landing,95039,Monterey,California
American Canyon,94503,Napa,California
Angwin,94508,Napa,California
Calistoga,94515,Napa,California
Napa,94558,Napa,California
Napa,94559,Napa,California
Oakville,94562,Napa,California
Pope Valley,94567,Napa,California
Rutherford,94573,Napa,California
Saint Helena,94574,Napa,California
Deer Park,94576,Napa,California
Napa,94581,Napa,California
Yountville,94599,Napa,California
Chicago Park,95712,Nevada,California
Soda Springs,95728,Nevada,California
Cedar Ridge,95924,Nevada,California
Grass Valley,95945,Nevada,California
Penn Valley,95946,Nevada,California
Grass Valley,95949,Nevada,California
Nevada City,95959,Nevada,California
North San Juan,95960,Nevada,California
Rough And Ready,95975,Nevada,California
Washington,95986,Nevada,California
Floriston,96111,Nevada,California
Truckee,96160,Nevada,California
Truckee,96161,Nevada,California
Buena Park,90620,Orange,California
Buena Park,90621,Orange,California
Buena Park,90622,Orange,California
La Palma,90623,Orange,California
Buena Park,90624,Orange,California
Cypress,90630,Orange,California
La Habra,90631,Orange,California
La Habra,90632,Orange,California
La Habra,90633,Orange,California
Stanton,90680,Orange,California
Los Alamitos,90720,Orange,California
Los Alamitos,90721,Orange,California
Seal Beach,90740,Orange,California
Sunset Beach,90742,Orange,California
Surfside,90743,Orange,California
Irvine,92602,Orange,California
Irvine,92603,Orange,California
Irvine,92604,Orange,California
Huntington Beach,92605,Orange,California
Irvine,92606,Orange,California
Laguna Niguel,92607,Orange,California
El Toro,92609,Orange,California
Foothill Ranch,92610,Orange,California
Irvine,92612,Orange,California
Irvine,92614,Orange,California
Huntington Beach,92615,Orange,California
Irvine,92616,Orange,California
Irvine,92617,Orange,California
Irvine,92618,Orange,California
Irvine,92619,Orange,California
Irvine,92620,Orange,California
Irvine,92623,Orange,California
Capistrano Beach,92624,Orange,California
Corona Del Mar,92625,Orange,California
Costa Mesa,92626,Orange,California
Costa Mesa,92627,Orange,California
Costa Mesa,92628,Orange,California
Dana Point,92629,Orange,California
Lake Forest,92630,Orange,California
Laguna Woods,92637,Orange,California
Huntington Beach,92646,Orange,California
Huntington Beach,92647,Orange,California
Huntington Beach,92648,Orange,California
Huntington Beach,92649,Orange,California
East Irvine,92650,Orange,California
Laguna Beach,92651,Orange,California
Laguna Beach,92652,Orange,California
Laguna Hills,92653,Orange,California
Laguna Hills,92654,Orange,California
Midway City,92655,Orange,California
Aliso Viejo,92656,Orange,California
Newport Coast,92657,Orange,California
Newport Beach,92658,Orange,California
Newport Beach,92659,Orange,California
Newport Beach,92660,Orange,California
Newport Beach,92661,Orange,California
Newport Beach,92662,Orange,California
Newport Beach,92663,Orange,California
San Clemente,92672,Orange,California
San Clemente,92673,Orange,California
San Clemente,92674,Orange,California
San Juan Capistrano,92675,Orange,California
Silverado,92676,Orange,California
Laguna Niguel,92677,Orange,California
Trabuco Canyon,92678,Orange,California
Trabuco Canyon,92679,Orange,California
Westminster,92683,Orange,California
Westminster,92684,Orange,California
Westminster,92685,Orange,California
Rancho Santa Margarita,92688,Orange,California
Mission Viejo,92690,Orange,California
Mission Viejo,92691,Orange,California
Mission Viejo,92692,Orange,California
San Juan Capistrano,92693,Orange,California
Ladera Ranch,92694,Orange,California
Irvine,92697,Orange,California
Aliso Viejo,92698,Orange,California
Santa Ana,92701,Orange,California
Santa Ana,92702,Orange,California
Santa Ana,92703,Orange,California
Santa Ana,92704,Orange,California
Santa Ana,92705,Orange,California
Santa Ana,92706,Orange,California
Santa Ana,92707,Orange,California
Fountain Valley,92708,Orange,California
Irvine,92709,Orange,California
Irvine,92710,Orange,California
Santa Ana,92711,Orange,California
Santa Ana,92712,Orange,California
Santa Ana,92725,Orange,California
Fountain Valley,92728,Orange,California
Santa Ana,92735,Orange,California
Tustin,92780,Orange,California
Tustin,92781,Orange,California
Tustin,92782,Orange,California
Santa Ana,92799,Orange,California
Anaheim,92801,Orange,California
Anaheim,92802,Orange,California
Anaheim,92803,Orange,California
Anaheim,92804,Orange,California
Anaheim,92805,Orange,California
Anaheim,92806,Orange,California
Anaheim,92807,Orange,California
Anaheim,92808,Orange,California
Anaheim,92809,Orange,California
Atwood,92811,Orange,California
Anaheim,92812,Orange,California
Anaheim,92814,Orange,California
Anaheim,92815,Orange,California
Anaheim,92816,Orange,California
Anaheim,92817,Orange,California
Brea,92821,Orange,California
Brea,92822,Orange,California
Brea,92823,Orange,California
Anaheim,92825,Orange,California
Fullerton,92831,Orange,California
Fullerton,92832,Orange,California
Fullerton,92833,Orange,California
Fullerton,92834,Orange,California
Fullerton,92835,Orange,California
Fullerton,92836,Orange,California
Fullerton,92837,Orange,California
Fullerton,92838,Orange,California
Garden Grove,92840,Orange,California
Garden Grove,92841,Orange,California
Garden Grove,92842,Orange,California
Garden Grove,92843,Orange,California
Garden Grove,92844,Orange,California
Garden Grove,92845,Orange,California
Garden Grove,92846,Orange,California
Anaheim,92850,Orange,California
Orange,92856,Orange,California
Orange,92857,Orange,California
Orange,92859,Orange,California
Villa Park,92861,Orange,California
Orange,92862,Orange,California
Orange,92863,Orange,California
Orange,92864,Orange,California
Orange,92865,Orange,California
Orange,92866,Orange,California
Orange,92867,Orange,California
Orange,92868,Orange,California
Orange,92869,Orange,California
Placentia,92870,Orange,California
Placentia,92871,Orange,California
Yorba Linda,92885,Orange,California
Yorba Linda,92886,Orange,California
Yorba Linda,92887,Orange,California
Anaheim,92899,Orange,California
Auburn,95602,Placer,California
Auburn,95603,Placer,California
Auburn,95604,Placer,California
Foresthill,95631,Placer,California
Lincoln,95648,Placer,California
Loomis,95650,Placer,California
Newcastle,95658,Placer,California
Roseville,95661,Placer,California
Penryn,95663,Placer,California
Rocklin,95677,Placer,California
Roseville,95678,Placer,California
Sheridan,95681,Placer,California
Alta,95701,Placer,California
Applegate,95703,Placer,California
Colfax,95713,Placer,California
Dutch Flat,95714,Placer,California
Emigrant Gap,95715,Placer,California
Gold Run,95717,Placer,California
Meadow Vista,95722,Placer,California
Norden,95724,Placer,California
Weimar,95736,Placer,California
Granite Bay,95746,Placer,California
Roseville,95747,Placer,California
Rocklin,95765,Placer,California
Carnelian Bay,96140,Placer,California
Homewood,96141,Placer,California
Kings Beach,96143,Placer,California
Tahoe City,96145,Placer,California
Olympic Valley,96146,Placer,California
Tahoe Vista,96148,Placer,California
Truckee,96162,Placer,California
Belden,95915,Plumas,California
Canyon Dam,95923,Plumas,California
Crescent Mills,95934,Plumas,California
Greenville,95947,Plumas,California
Meadow Valley,95956,Plumas,California
Quincy,95971,Plumas,California
Storrie,95980,Plumas,California
Strawberry Valley,95981,Plumas,California
Taylorsville,95983,Plumas,California
Twain,95984,Plumas,California
Chester,96020,Plumas,California
Blairsden-graeagle,96103,Plumas,California
Chilcoot,96105,Plumas,California
Clio,96106,Plumas,California
Milford,96121,Plumas,California
Portola,96122,Plumas,California
Beckwourth,96129,Plumas,California
Vinton,96135,Plumas,California
Mira Loma,91752,Riverside,California
Indio,92201,Riverside,California
Indio,92202,Riverside,California
Indio,92203,Riverside,California
Indian Wells,92210,Riverside,California
Palm Desert,92211,Riverside,California
Banning,92220,Riverside,California
Beaumont,92223,Riverside,California
Blythe,92225,Riverside,California
Blythe,92226,Riverside,California
Cabazon,92230,Riverside,California
Cathedral City,92234,Riverside,California
Cathedral City,92235,Riverside,California
Coachella,92236,Riverside,California
Desert Center,92239,Riverside,California
Desert Hot Springs,92240,Riverside,California
Desert Hot Springs,92241,Riverside,California
La Quinta,92247,Riverside,California
La Quinta,92248,Riverside,California
La Quinta,92253,Riverside,California
Mecca,92254,Riverside,California
Palm Desert,92255,Riverside,California
North Palm Springs,92258,Riverside,California
Palm Desert,92260,Riverside,California
Palm Desert,92261,Riverside,California
Palm Springs,92262,Riverside,California
Palm Springs,92263,Riverside,California
Palm Springs,92264,Riverside,California
Rancho Mirage,92270,Riverside,California
Thousand Palms,92276,Riverside,California
Whitewater,92282,Riverside,California
Palm Springs,92292,Riverside,California
Calimesa,92320,Riverside,California
Riverside,92501,Riverside,California
Riverside,92502,Riverside,California
Riverside,92503,Riverside,California
Riverside,92504,Riverside,California
Riverside,92505,Riverside,California
Riverside,92506,Riverside,California
Riverside,92507,Riverside,California
Riverside,92508,Riverside,California
Riverside,92509,Riverside,California
Riverside,92513,Riverside,California
Riverside,92514,Riverside,California
Riverside,92515,Riverside,California
Riverside,92516,Riverside,California
Riverside,92517,Riverside,California
March Air Reserve Base,92518,Riverside,California
Riverside,92519,Riverside,California
Riverside,92521,Riverside,California
Riverside,92522,Riverside,California
Lake Elsinore,92530,Riverside,California
Lake Elsinore,92531,Riverside,California
Lake Elsinore,92532,Riverside,California
Aguanga,92536,Riverside,California
Anza,92539,Riverside,California
Hemet,92543,Riverside,California
Hemet,92544,Riverside,California
Hemet,92545,Riverside,California
Hemet,92546,Riverside,California
Homeland,92548,Riverside,California
Idyllwild,92549,Riverside,California
Moreno Valley,92551,Riverside,California
Moreno Valley,92552,Riverside,California
Moreno Valley,92553,Riverside,California
Moreno Valley,92554,Riverside,California
Moreno Valley,92555,Riverside,California
Moreno Valley,92556,Riverside,California
Moreno Valley,92557,Riverside,California
Mountain Center,92561,Riverside,California
Murrieta,92562,Riverside,California
Murrieta,92563,Riverside,California
Murrieta,92564,Riverside,California
Nuevo,92567,Riverside,California
Perris,92570,Riverside,California
Perris,92571,Riverside,California
Perris,92572,Riverside,California
San Jacinto,92581,Riverside,California
San Jacinto,92582,Riverside,California
San Jacinto,92583,Riverside,California
Menifee,92584,Riverside,California
Sun City,92585,Riverside,California
Sun City,92586,Riverside,California
Sun City,92587,Riverside,California
Temecula,92589,Riverside,California
Temecula,92590,Riverside,California
Temecula,92591,Riverside,California
Temecula,92592,Riverside,California
Temecula,92593,Riverside,California
Wildomar,92595,Riverside,California
Winchester,92596,Riverside,California
Perris,92599,Riverside,California
Norco,92860,Riverside,California
Corona,92877,Riverside,California
Corona,92878,Riverside,California
Corona,92879,Riverside,California
Corona,92880,Riverside,California
Corona,92881,Riverside,California
Corona,92882,Riverside,California
Corona,92883,Riverside,California
Sacramento,94203,Sacramento,California
Sacramento,94204,Sacramento,California
Sacramento,94205,Sacramento,California
Sacramento,94206,Sacramento,California
Sacramento,94207,Sacramento,California
Sacramento,94208,Sacramento,California
Sacramento,94209,Sacramento,California
Sacramento,94211,Sacramento,California
Sacramento,94229,Sacramento,California
Sacramento,94230,Sacramento,California
Sacramento,94232,Sacramento,California
Sacramento,94234,Sacramento,California
Sacramento,94235,Sacramento,California
Sacramento,94236,Sacramento,California
Sacramento,94237,Sacramento,California
Sacramento,94239,Sacramento,California
Sacramento,94240,Sacramento,California
Sacramento,94244,Sacramento,California
Sacramento,94245,Sacramento,California
Sacramento,94246,Sacramento,California
Sacramento,94247,Sacramento,California
Sacramento,94248,Sacramento,California
Sacramento,94249,Sacramento,California
Sacramento,94250,Sacramento,California
Sacramento,94252,Sacramento,California
Sacramento,94254,Sacramento,California
Sacramento,94256,Sacramento,California
Sacramento,94257,Sacramento,California
Sacramento,94258,Sacramento,California
Sacramento,94259,Sacramento,California
Sacramento,94261,Sacramento,California
Sacramento,94262,Sacramento,California
Sacramento,94263,Sacramento,California
Sacramento,94267,Sacramento,California
Sacramento,94268,Sacramento,California
Sacramento,94269,Sacramento,California
Sacramento,94271,Sacramento,California
Sacramento,94273,Sacramento,California
Sacramento,94274,Sacramento,California
Sacramento,94277,Sacramento,California
Sacramento,94278,Sacramento,California
Sacramento,94279,Sacramento,California
Sacramento,94280,Sacramento,California
Sacramento,94282,Sacramento,California
Sacramento,94283,Sacramento,California
Sacramento,94284,Sacramento,California
Sacramento,94285,Sacramento,California
Sacramento,94286,Sacramento,California
Sacramento,94287,Sacramento,California
Sacramento,94288,Sacramento,California
Sacramento,94289,Sacramento,California
Sacramento,94290,Sacramento,California
Sacramento,94291,Sacramento,California
Sacramento,94293,Sacramento,California
Sacramento,94294,Sacramento,California
Sacramento,94295,Sacramento,California
Sacramento,94296,Sacramento,California
Sacramento,94297,Sacramento,California
Sacramento,94298,Sacramento,California
Sacramento,94299,Sacramento,California
Carmichael,95608,Sacramento,California
Carmichael,95609,Sacramento,California
Citrus Heights,95610,Sacramento,California
Citrus Heights,95611,Sacramento,California
Courtland,95615,Sacramento,California
Citrus Heights,95621,Sacramento,California
Elk Grove,95624,Sacramento,California
Elverta,95626,Sacramento,California
Fair Oaks,95628,Sacramento,California
Folsom,95630,Sacramento,California
Galt,95632,Sacramento,California
Herald,95638,Sacramento,California
Hood,95639,Sacramento,California
Isleton,95641,Sacramento,California
Mcclellan,95652,Sacramento,California
Mather,95655,Sacramento,California
North Highlands,95660,Sacramento,California
Orangevale,95662,Sacramento,California
Rancho Cordova,95670,Sacramento,California
Represa,95671,Sacramento,California
Rio Linda,95673,Sacramento,California
Ryde,95680,Sacramento,California
Sloughhouse,95683,Sacramento,California
Walnut Grove,95690,Sacramento,California
Wilton,95693,Sacramento,California
Rancho Cordova,95741,Sacramento,California
Rancho Cordova,95742,Sacramento,California
Elk Grove,95757,Sacramento,California
Elk Grove,95758,Sacramento,California
Elk Grove,95759,Sacramento,California
Folsom,95763,Sacramento,California
Sacramento,95811,Sacramento,California
Sacramento,95812,Sacramento,California
Sacramento,95813,Sacramento,California
Sacramento,95814,Sacramento,California
Sacramento,95815,Sacramento,California
Sacramento,95816,Sacramento,California
Sacramento,95817,Sacramento,California
Sacramento,95818,Sacramento,California
Sacramento,95819,Sacramento,California
Sacramento,95820,Sacramento,California
Sacramento,95821,Sacramento,California
Sacramento,95822,Sacramento,California
Sacramento,95823,Sacramento,California
Sacramento,95824,Sacramento,California
Sacramento,95825,Sacramento,California
Sacramento,95826,Sacramento,California
Sacramento,95827,Sacramento,California
Sacramento,95828,Sacramento,California
Sacramento,95829,Sacramento,California
Sacramento,95830,Sacramento,California
Sacramento,95831,Sacramento,California
Sacramento,95832,Sacramento,California
Sacramento,95833,Sacramento,California
Sacramento,95834,Sacramento,California
Sacramento,95835,Sacramento,California
Sacramento,95836,Sacramento,California
Sacramento,95837,Sacramento,California
Sacramento,95838,Sacramento,California
Sacramento,95840,Sacramento,California
Sacramento,95841,Sacramento,California
Sacramento,95842,Sacramento,California
Antelope,95843,Sacramento,California
Sacramento,95851,Sacramento,California
Sacramento,95852,Sacramento,California
Sacramento,95853,Sacramento,California
Sacramento,95860,Sacramento,California
Sacramento,95864,Sacramento,California
Sacramento,95865,Sacramento,California
Sacramento,95866,Sacramento,California
Sacramento,95867,Sacramento,California
Sacramento,95887,Sacramento,California
Sacramento,95894,Sacramento,California
Sacramento,95899,Sacramento,California
Hollister,95023,San Benito,California
Hollister,95024,San Benito,California
Paicines,95043,San Benito,California
San Juan Bautista,95045,San Benito,California
Tres Pinos,95075,San Benito,California
Rancho Cucamonga,91701,San Bernardino,California
Chino,91708,San Bernardino,California
Chino Hills,91709,San Bernardino,California
Chino,91710,San Bernardino,California
Rancho Cucamonga,91729,San Bernardino,California
Rancho Cucamonga,91730,San Bernardino,California
Rancho Cucamonga,91737,San Bernardino,California
Rancho Cucamonga,91739,San Bernardino,California
Guasti,91743,San Bernardino,California
Ontario,91758,San Bernardino,California
Mt Baldy,91759,San Bernardino,California
Ontario,91761,San Bernardino,California
Ontario,91762,San Bernardino,California
Montclair,91763,San Bernardino,California
Ontario,91764,San Bernardino,California
Upland,91784,San Bernardino,California
Upland,91785,San Bernardino,California
Upland,91786,San Bernardino,California
Ontario,91798,San Bernardino,California
Earp,92242,San Bernardino,California
Joshua Tree,92252,San Bernardino,California
Morongo Valley,92256,San Bernardino,California
Parker Dam,92267,San Bernardino,California
Pioneertown,92268,San Bernardino,California
Twentynine Palms,92277,San Bernardino,California
Twentynine Palms,92278,San Bernardino,California
Vidal,92280,San Bernardino,California
Yucca Valley,92284,San Bernardino,California
Landers,92285,San Bernardino,California
Yucca Valley,92286,San Bernardino,California
Adelanto,92301,San Bernardino,California
Amboy,92304,San Bernardino,California
Angelus Oaks,92305,San Bernardino,California
Apple Valley,92307,San Bernardino,California
Apple Valley,92308,San Bernardino,California
Baker,92309,San Bernardino,California
Fort Irwin,92310,San Bernardino,California
Barstow,92311,San Bernardino,California
Barstow,92312,San Bernardino,California
Grand Terrace,92313,San Bernardino,California
Big Bear City,92314,San Bernardino,California
Big Bear Lake,92315,San Bernardino,California
Bloomington,92316,San Bernardino,California
Blue Jay,92317,San Bernardino,California
Bryn Mawr,92318,San Bernardino,California
Cedar Glen,92321,San Bernardino,California
Cedarpines Park,92322,San Bernardino,California
Cima,92323,San Bernardino,California
Colton,92324,San Bernardino,California
Crestline,92325,San Bernardino,California
Crest Park,92326,San Bernardino,California
Daggett,92327,San Bernardino,California
Phelan,92329,San Bernardino,California
Fontana,92331,San Bernardino,California
Essex,92332,San Bernardino,California
Fawnskin,92333,San Bernardino,California
Fontana,92334,San Bernardino,California
Fontana,92335,San Bernardino,California
Fontana,92336,San Bernardino,California
Fontana,92337,San Bernardino,California
Ludlow,92338,San Bernardino,California
Forest Falls,92339,San Bernardino,California
Hesperia,92340,San Bernardino,California
Green Valley Lake,92341,San Bernardino,California
Helendale,92342,San Bernardino,California
Hesperia,92344,San Bernardino,California
Hesperia,92345,San Bernardino,California
Highland,92346,San Bernardino,California
Hinkley,92347,San Bernardino,California
Loma Linda,92350,San Bernardino,California
Lake Arrowhead,92352,San Bernardino,California
Loma Linda,92354,San Bernardino,California
Lucerne Valley,92356,San Bernardino,California
Loma Linda,92357,San Bernardino,California
Lytle Creek,92358,San Bernardino,California
Mentone,92359,San Bernardino,California
Needles,92363,San Bernardino,California
Nipton,92364,San Bernardino,California
Newberry Springs,92365,San Bernardino,California
Mountain Pass,92366,San Bernardino,California
Oro Grande,92368,San Bernardino,California
Patton,92369,San Bernardino,California
Phelan,92371,San Bernardino,California
Pinon Hills,92372,San Bernardino,California
Redlands,92373,San Bernardino,California
Redlands,92374,San Bernardino,California
Redlands,92375,San Bernardino,California
Rialto,92376,San Bernardino,California
Rialto,92377,San Bernardino,California
Rimforest,92378,San Bernardino,California
Running Springs,92382,San Bernardino,California
Skyforest,92385,San Bernardino,California
Sugarloaf,92386,San Bernardino,California
Twin Peaks,92391,San Bernardino,California
Victorville,92392,San Bernardino,California
Victorville,92393,San Bernardino,California
Victorville,92394,San Bernardino,California
Victorville,92395,San Bernardino,California
Wrightwood,92397,San Bernardino,California
Yermo,92398,San Bernardino,California
Yucaipa,92399,San Bernardino,California
San Bernardino,92401,San Bernardino,California
San Bernardino,92402,San Bernardino,California
San Bernardino,92403,San Bernardino,California
San Bernardino,92404,San Bernardino,California
San Bernardino,92405,San Bernardino,California
San Bernardino,92406,San Bernardino,California
San Bernardino,92407,San Bernardino,California
San Bernardino,92408,San Bernardino,California
San Bernardino,92410,San Bernardino,California
San Bernardino,92411,San Bernardino,California
San Bernardino,92412,San Bernardino,California
San Bernardino,92413,San Bernardino,California
San Bernardino,92414,San Bernardino,California
San Bernardino,92415,San Bernardino,California
San Bernardino,92418,San Bernardino,California
San Bernardino,92423,San Bernardino,California
San Bernardino,92424,San Bernardino,California
San Bernardino,92427,San Bernardino,California
Red Mountain,93558,San Bernardino,California
Trona,93592,San Bernardino,California
Alpine,91901,San Diego,California
Bonita,91902,San Diego,California
Alpine,91903,San Diego,California
Boulevard,91905,San Diego,California
Campo,91906,San Diego,California
Bonita,91908,San Diego,California
Chula Vista,91909,San Diego,California
Chula Vista,91910,San Diego,California
Chula Vista,91911,San Diego,California
Chula Vista,91912,San Diego,California
Chula Vista,91913,San Diego,California
Chula Vista,91914,San Diego,California
Chula Vista,91915,San Diego,California
Descanso,91916,San Diego,California
Dulzura,91917,San Diego,California
Chula Vista,91921,San Diego,California
Guatay,91931,San Diego,California
Imperial Beach,91932,San Diego,California
Imperial Beach,91933,San Diego,California
Jacumba,91934,San Diego,California
Jamul,91935,San Diego,California
La Mesa,91941,San Diego,California
La Mesa,91942,San Diego,California
La Mesa,91943,San Diego,California
La Mesa,91944,San Diego,California
Lemon Grove,91945,San Diego,California
Lemon Grove,91946,San Diego,California
Lincoln Acres,91947,San Diego,California
Mount Laguna,91948,San Diego,California
National City,91950,San Diego,California
National City,91951,San Diego,California
Pine Valley,91962,San Diego,California
Potrero,91963,San Diego,California
Spring Valley,91976,San Diego,California
Spring Valley,91977,San Diego,California
Spring Valley,91978,San Diego,California
Spring Valley,91979,San Diego,California
Tecate,91980,San Diego,California
Tecate,91987,San Diego,California
Potrero,91990,San Diego,California
Bonsall,92003,San Diego,California
Borrego Springs,92004,San Diego,California
Cardiff By The Sea,92007,San Diego,California
Carlsbad,92008,San Diego,California
Carlsbad,92009,San Diego,California
Carlsbad,92010,San Diego,California
Carlsbad,92011,San Diego,California
Carlsbad,92013,San Diego,California
Del Mar,92014,San Diego,California
Carlsbad,92018,San Diego,California
El Cajon,92019,San Diego,California
El Cajon,92020,San Diego,California
El Cajon,92021,San Diego,California
El Cajon,92022,San Diego,California
Encinitas,92023,San Diego,California
Encinitas,92024,San Diego,California
Escondido,92025,San Diego,California
Escondido,92026,San Diego,California
Escondido,92027,San Diego,California
Fallbrook,92028,San Diego,California
Escondido,92029,San Diego,California
Escondido,92030,San Diego,California
Escondido,92033,San Diego,California
Julian,92036,San Diego,California
La Jolla,92037,San Diego,California
La Jolla,92038,San Diego,California
La Jolla,92039,San Diego,California
Lakeside,92040,San Diego,California
Escondido,92046,San Diego,California
Oceanside,92049,San Diego,California
Oceanside,92051,San Diego,California
Oceanside,92052,San Diego,California
Oceanside,92054,San Diego,California
Camp Pendleton,92055,San Diego,California
Oceanside,92056,San Diego,California
Oceanside,92057,San Diego,California
Oceanside,92058,San Diego,California
Pala,92059,San Diego,California
Palomar Mountain,92060,San Diego,California
Pauma Valley,92061,San Diego,California
Poway,92064,San Diego,California
Ramona,92065,San Diego,California
Ranchita,92066,San Diego,California
Rancho Santa Fe,92067,San Diego,California
San Luis Rey,92068,San Diego,California
San Marcos,92069,San Diego,California
Santa Ysabel,92070,San Diego,California
Santee,92071,San Diego,California
Santee,92072,San Diego,California
Poway,92074,San Diego,California
Solana Beach,92075,San Diego,California
San Marcos,92078,San Diego,California
San Marcos,92079,San Diego,California
Vista,92081,San Diego,California
Valley Center,92082,San Diego,California
Vista,92083,San Diego,California
Vista,92084,San Diego,California
Vista,92085,San Diego,California
Warner Springs,92086,San Diego,California
Fallbrook,92088,San Diego,California
El Cajon,92090,San Diego,California
Rancho Santa Fe,92091,San Diego,California
La Jolla,92092,San Diego,California
La Jolla,92093,San Diego,California
San Marcos,92096,San Diego,California
San Diego,92101,San Diego,California
San Diego,92102,San Diego,California
San Diego,92103,San Diego,California
San Diego,92104,San Diego,California
San Diego,92105,San Diego,California
San Diego,92106,San Diego,California
San Diego,92107,San Diego,California
San Diego,92108,San Diego,California
San Diego,92109,San Diego,California
San Diego,92110,San Diego,California
San Diego,92111,San Diego,California
San Diego,92112,San Diego,California
San Diego,92113,San Diego,California
San Diego,92114,San Diego,California
San Diego,92115,San Diego,California
San Diego,92116,San Diego,California
San Diego,92117,San Diego,California
Coronado,92118,San Diego,California
San Diego,92119,San Diego,California
San Diego,92120,San Diego,California
San Diego,92121,San Diego,California
San Diego,92122,San Diego,California
San Diego,92123,San Diego,California
San Diego,92124,San Diego,California
San Diego,92126,San Diego,California
San Diego,92127,San Diego,California
San Diego,92128,San Diego,California
San Diego,92129,San Diego,California
San Diego,92130,San Diego,California
San Diego,92131,San Diego,California
San Diego,92132,San Diego,California
San Diego,92133,San Diego,California
San Diego,92134,San Diego,California
San Diego,92135,San Diego,California
San Diego,92136,San Diego,California
San Diego,92137,San Diego,California
San Diego,92138,San Diego,California
San Diego,92139,San Diego,California
San Diego,92140,San Diego,California
San Diego,92142,San Diego,California
San Ysidro,92143,San Diego,California
San Diego,92145,San Diego,California
San Diego,92147,San Diego,California
San Diego,92149,San Diego,California
San Diego,92150,San Diego,California
San Diego,92152,San Diego,California
San Diego,92153,San Diego,California
San Diego,92154,San Diego,California
San Diego,92155,San Diego,California
San Diego,92158,San Diego,California
San Diego,92159,San Diego,California
San Diego,92160,San Diego,California
San Diego,92161,San Diego,California
San Diego,92162,San Diego,California
San Diego,92163,San Diego,California
San Diego,92164,San Diego,California
San Diego,92165,San Diego,California
San Diego,92166,San Diego,California
San Diego,92167,San Diego,California
San Diego,92168,San Diego,California
San Diego,92169,San Diego,California
San Diego,92170,San Diego,California
San Diego,92171,San Diego,California
San Diego,92172,San Diego,California
San Ysidro,92173,San Diego,California
San Diego,92174,San Diego,California
San Diego,92175,San Diego,California
San Diego,92176,San Diego,California
San Diego,92177,San Diego,California
Coronado,92178,San Diego,California
San Diego,92179,San Diego,California
San Diego,92182,San Diego,California
San Diego,92184,San Diego,California
San Diego,92186,San Diego,California
San Diego,92187,San Diego,California
San Diego,92190,San Diego,California
San Diego,92191,San Diego,California
San Diego,92192,San Diego,California
San Diego,92193,San Diego,California
San Diego,92194,San Diego,California
San Diego,92195,San Diego,California
San Diego,92196,San Diego,California
San Diego,92197,San Diego,California
San Diego,92198,San Diego,California
San Diego,92199,San Diego,California
San Francisco,94101,San Francisco,California
San Francisco,94102,San Francisco,California
San Francisco,94103,San Francisco,California
San Francisco,94104,San Francisco,California
San Francisco,94105,San Francisco,California
San Francisco,94106,San Francisco,California
San Francisco,94107,San Francisco,California
San Francisco,94108,San Francisco,California
San Francisco,94109,San Francisco,California
San Francisco,94110,San Francisco,California
San Francisco,94111,San Francisco,California
San Francisco,94112,San Francisco,California
San Francisco,94114,San Francisco,California
San Francisco,94115,San Francisco,California
San Francisco,94116,San Francisco,California
San Francisco,94117,San Francisco,California
San Francisco,94118,San Francisco,California
San Francisco,94119,San Francisco,California
San Francisco,94120,San Francisco,California
San Francisco,94121,San Francisco,California
San Francisco,94122,San Francisco,California
San Francisco,94123,San Francisco,California
San Francisco,94124,San Francisco,California
San Francisco,94125,San Francisco,California
San Francisco,94126,San Francisco,California
San Francisco,94127,San Francisco,California
San Francisco,94128,San Francisco,California
San Francisco,94129,San Francisco,California
San Francisco,94130,San Francisco,California
San Francisco,94131,San Francisco,California
San Francisco,94132,San Francisco,California
San Francisco,94133,San Francisco,California
San Francisco,94134,San Francisco,California
San Francisco,94135,San Francisco,California
San Francisco,94136,San Francisco,California
San Francisco,94137,San Francisco,California
San Francisco,94138,San Francisco,California
San Francisco,94139,San Francisco,California
San Francisco,94140,San Francisco,California
San Francisco,94141,San Francisco,California
San Francisco,94142,San Francisco,California
San Francisco,94143,San Francisco,California
San Francisco,94144,San Francisco,California
San Francisco,94145,San Francisco,California
San Francisco,94146,San Francisco,California
San Francisco,94147,San Francisco,California
San Francisco,94150,San Francisco,California
San Francisco,94151,San Francisco,California
San Francisco,94152,San Francisco,California
San Francisco,94153,San Francisco,California
San Francisco,94154,San Francisco,California
San Francisco,94155,San Francisco,California
San Francisco,94156,San Francisco,California
San Francisco,94158,San Francisco,California
San Francisco,94159,San Francisco,California
San Francisco,94160,San Francisco,California
San Francisco,94161,San Francisco,California
San Francisco,94162,San Francisco,California
San Francisco,94163,San Francisco,California
San Francisco,94164,San Francisco,California
San Francisco,94171,San Francisco,California
San Francisco,94172,San Francisco,California
San Francisco,94175,San Francisco,California
San Francisco,94177,San Francisco,California
San Francisco,94188,San Francisco,California
San Francisco,94199,San Francisco,California
Stockton,95201,San Joaquin,California
Stockton,95202,San Joaquin,California
Stockton,95203,San Joaquin,California
Stockton,95204,San Joaquin,California
Stockton,95205,San Joaquin,California
Stockton,95206,San Joaquin,California
Stockton,95207,San Joaquin,California
Stockton,95208,San Joaquin,California
Stockton,95209,San Joaquin,California
Stockton,95210,San Joaquin,California
Stockton,95211,San Joaquin,California
Stockton,95212,San Joaquin,California
Stockton,95213,San Joaquin,California
Stockton,95215,San Joaquin,California
Stockton,95219,San Joaquin,California
Acampo,95220,San Joaquin,California
Clements,95227,San Joaquin,California
French Camp,95231,San Joaquin,California
Holt,95234,San Joaquin,California
Linden,95236,San Joaquin,California
Lockeford,95237,San Joaquin,California
Lodi,95240,San Joaquin,California
Lodi,95241,San Joaquin,California
Lodi,95242,San Joaquin,California
Victor,95253,San Joaquin,California
Woodbridge,95258,San Joaquin,California
Stockton,95267,San Joaquin,California
Stockton,95269,San Joaquin,California
Stockton,95296,San Joaquin,California
Stockton,95297,San Joaquin,California
Tracy,95304,San Joaquin,California
Escalon,95320,San Joaquin,California
Lathrop,95330,San Joaquin,California
Manteca,95336,San Joaquin,California
Manteca,95337,San Joaquin,California
Ripon,95366,San Joaquin,California
Tracy,95376,San Joaquin,California
Tracy,95377,San Joaquin,California
Tracy,95378,San Joaquin,California
Tracy,95391,San Joaquin,California
Thornton,95686,San Joaquin,California
San Luis Obispo,93401,San Luis Obispo,California
Los Osos,93402,San Luis Obispo,California
San Luis Obispo,93403,San Luis Obispo,California
San Luis Obispo,93405,San Luis Obispo,California
San Luis Obispo,93406,San Luis Obispo,California
San Luis Obispo,93407,San Luis Obispo,California
San Luis Obispo,93408,San Luis Obispo,California
San Luis Obispo,93409,San Luis Obispo,California
San Luis Obispo,93410,San Luis Obispo,California
Los Osos,93412,San Luis Obispo,California
Arroyo Grande,93420,San Luis Obispo,California
Arroyo Grande,93421,San Luis Obispo,California
Atascadero,93422,San Luis Obispo,California
Atascadero,93423,San Luis Obispo,California
Avila Beach,93424,San Luis Obispo,California
Cambria,93428,San Luis Obispo,California
Cayucos,93430,San Luis Obispo,California
Creston,93432,San Luis Obispo,California
Grover Beach,93433,San Luis Obispo,California
Harmony,93435,San Luis Obispo,California
Morro Bay,93442,San Luis Obispo,California
Morro Bay,93443,San Luis Obispo,California
Nipomo,93444,San Luis Obispo,California
Oceano,93445,San Luis Obispo,California
Paso Robles,93446,San Luis Obispo,California
Paso Robles,93447,San Luis Obispo,California
Pismo Beach,93448,San Luis Obispo,California
Pismo Beach,93449,San Luis Obispo,California
San Miguel,93451,San Luis Obispo,California
San Simeon,93452,San Luis Obispo,California
Santa Margarita,93453,San Luis Obispo,California
Shandon,93461,San Luis Obispo,California
Templeton,93465,San Luis Obispo,California
Oceano,93475,San Luis Obispo,California
Grover Beach,93483,San Luis Obispo,California
Belmont,94002,San Mateo,California
Brisbane,94005,San Mateo,California
Burlingame,94010,San Mateo,California
Burlingame,94011,San Mateo,California
Daly City,94013,San Mateo,California
Daly City,94014,San Mateo,California
Daly City,94015,San Mateo,California
Daly City,94016,San Mateo,California
Daly City,94017,San Mateo,California
El Granada,94018,San Mateo,California
Half Moon Bay,94019,San Mateo,California
La Honda,94020,San Mateo,California
Loma Mar,94021,San Mateo,California
Menlo Park,94025,San Mateo,California
Menlo Park,94026,San Mateo,California
Atherton,94027,San Mateo,California
Portola Valley,94028,San Mateo,California
Millbrae,94030,San Mateo,California
Montara,94037,San Mateo,California
Moss Beach,94038,San Mateo,California
Pacifica,94044,San Mateo,California
Pescadero,94060,San Mateo,California
Redwood City,94061,San Mateo,California
Redwood City,94062,San Mateo,California
Redwood City,94063,San Mateo,California
Redwood City,94064,San Mateo,California
Redwood City,94065,San Mateo,California
San Bruno,94066,San Mateo,California
San Carlos,94070,San Mateo,California
San Gregorio,94074,San Mateo,California
South San Francisco,94080,San Mateo,California
South San Francisco,94083,San Mateo,California
San Mateo,94401,San Mateo,California
San Mateo,94402,San Mateo,California
San Mateo,94403,San Mateo,California
San Mateo,94404,San Mateo,California
San Mateo,94497,San Mateo,California
Carpinteria,93013,Santa Barbara,California
Carpinteria,93014,Santa Barbara,California
Summerland,93067,Santa Barbara,California
Santa Barbara,93101,Santa Barbara,California
Santa Barbara,93102,Santa Barbara,California
Santa Barbara,93103,Santa Barbara,California
Santa Barbara,93105,Santa Barbara,California
Santa Barbara,93106,Santa Barbara,California
Santa Barbara,93107,Santa Barbara,California
Santa Barbara,93108,Santa Barbara,California
Santa Barbara,93109,Santa Barbara,California
Santa Barbara,93110,Santa Barbara,California
Santa Barbara,93111,Santa Barbara,California
Goleta,93116,Santa Barbara,California
Goleta,93117,Santa Barbara,California
Goleta,93118,Santa Barbara,California
Santa Barbara,93120,Santa Barbara,California
Santa Barbara,93121,Santa Barbara,California
Santa Barbara,93130,Santa Barbara,California
Santa Barbara,93140,Santa Barbara,California
Santa Barbara,93150,Santa Barbara,California
Santa Barbara,93160,Santa Barbara,California
Santa Barbara,93190,Santa Barbara,California
Goleta,93199,Santa Barbara,California
New Cuyama,93254,Santa Barbara,California
Buellton,93427,Santa Barbara,California
Casmalia,93429,Santa Barbara,California
Guadalupe,93434,Santa Barbara,California
Lompoc,93436,Santa Barbara,California
Lompoc,93437,Santa Barbara,California
Lompoc,93438,Santa Barbara,California
Los Alamos,93440,Santa Barbara,California
Los Olivos,93441,Santa Barbara,California
Santa Maria,93454,Santa Barbara,California
Santa Maria,93455,Santa Barbara,California
Santa Maria,93456,Santa Barbara,California
Santa Maria,93457,Santa Barbara,California
Santa Maria,93458,Santa Barbara,California
Santa Ynez,93460,Santa Barbara,California
Solvang,93463,Santa Barbara,California
Solvang,93464,Santa Barbara,California
Los Altos,94022,Santa Clara,California
Los Altos,94023,Santa Clara,California
Los Altos,94024,Santa Clara,California
Mountain View,94035,Santa Clara,California
Mountain View,94039,Santa Clara,California
Mountain View,94040,Santa Clara,California
Mountain View,94041,Santa Clara,California
Mountain View,94042,Santa Clara,California
Mountain View,94043,Santa Clara,California
Sunnyvale,94085,Santa Clara,California
Sunnyvale,94086,Santa Clara,California
Sunnyvale,94087,Santa Clara,California
Sunnyvale,94088,Santa Clara,California
Sunnyvale,94089,Santa Clara,California
Palo Alto,94301,Santa Clara,California
Palo Alto,94302,Santa Clara,California
Palo Alto,94303,Santa Clara,California
Palo Alto,94304,Santa Clara,California
Stanford,94305,Santa Clara,California
Palo Alto,94306,Santa Clara,California
Palo Alto,94309,Santa Clara,California
Alviso,95002,Santa Clara,California
Campbell,95008,Santa Clara,California
Campbell,95009,Santa Clara,California
Campbell,95011,Santa Clara,California
Coyote,95013,Santa Clara,California
Cupertino,95014,Santa Clara,California
Cupertino,95015,Santa Clara,California
Gilroy,95020,Santa Clara,California
Gilroy,95021,Santa Clara,California
Holy City,95026,Santa Clara,California
Los Gatos,95030,Santa Clara,California
Los Gatos,95031,Santa Clara,California
Los Gatos,95032,Santa Clara,California
Los Gatos,95033,Santa Clara,California
Milpitas,95035,Santa Clara,California
Milpitas,95036,Santa Clara,California
Morgan Hill,95037,Santa Clara,California
Morgan Hill,95038,Santa Clara,California
New Almaden,95042,Santa Clara,California
Redwood Estates,95044,Santa Clara,California
San Martin,95046,Santa Clara,California
Santa Clara,95050,Santa Clara,California
Santa Clara,95051,Santa Clara,California
Santa Clara,95052,Santa Clara,California
Santa Clara,95053,Santa Clara,California
Santa Clara,95054,Santa Clara,California
Santa Clara,95055,Santa Clara,California
Santa Clara,95056,Santa Clara,California
Saratoga,95070,Santa Clara,California
Saratoga,95071,Santa Clara,California
San Jose,95101,Santa Clara,California
San Jose,95103,Santa Clara,California
San Jose,95106,Santa Clara,California
San Jose,95108,Santa Clara,California
San Jose,95109,Santa Clara,California
San Jose,95110,Santa Clara,California
San Jose,95111,Santa Clara,California
San Jose,95112,Santa Clara,California
San Jose,95113,Santa Clara,California
San Jose,95115,Santa Clara,California
San Jose,95116,Santa Clara,California
San Jose,95117,Santa Clara,California
San Jose,95118,Santa Clara,California
San Jose,95119,Santa Clara,California
San Jose,95120,Santa Clara,California
San Jose,95121,Santa Clara,California
San Jose,95122,Santa Clara,California
San Jose,95123,Santa Clara,California
San Jose,95124,Santa Clara,California
San Jose,95125,Santa Clara,California
San Jose,95126,Santa Clara,California
San Jose,95127,Santa Clara,California
San Jose,95128,Santa Clara,California
San Jose,95129,Santa Clara,California
San Jose,95130,Santa Clara,California
San Jose,95131,Santa Clara,California
San Jose,95132,Santa Clara,California
San Jose,95133,Santa Clara,California
San Jose,95134,Santa Clara,California
San Jose,95135,Santa Clara,California
San Jose,95136,Santa Clara,California
San Jose,95138,Santa Clara,California
San Jose,95139,Santa Clara,California
Mount Hamilton,95140,Santa Clara,California
San Jose,95141,Santa Clara,California
San Jose,95148,Santa Clara,California
San Jose,95150,Santa Clara,California
San Jose,95151,Santa Clara,California
San Jose,95152,Santa Clara,California
San Jose,95153,Santa Clara,California
San Jose,95154,Santa Clara,California
San Jose,95155,Santa Clara,California
San Jose,95156,Santa Clara,California
San Jose,95157,Santa Clara,California
San Jose,95158,Santa Clara,California
San Jose,95159,Santa Clara,California
San Jose,95160,Santa Clara,California
San Jose,95161,Santa Clara,California
San Jose,95164,Santa Clara,California
San Jose,95170,Santa Clara,California
San Jose,95172,Santa Clara,California
San Jose,95173,Santa Clara,California
San Jose,95190,Santa Clara,California
San Jose,95191,Santa Clara,California
San Jose,95192,Santa Clara,California
San Jose,95193,Santa Clara,California
San Jose,95194,Santa Clara,California
San Jose,95196,Santa Clara,California
Aptos,95001,Santa Cruz,California
Aptos,95003,Santa Cruz,California
Ben Lomond,95005,Santa Cruz,California
Boulder Creek,95006,Santa Cruz,California
Brookdale,95007,Santa Cruz,California
Capitola,95010,Santa Cruz,California
Davenport,95017,Santa Cruz,California
Felton,95018,Santa Cruz,California
Freedom,95019,Santa Cruz,California
Mount Hermon,95041,Santa Cruz,California
Santa Cruz,95060,Santa Cruz,California
Santa Cruz,95061,Santa Cruz,California
Santa Cruz,95062,Santa Cruz,California
Santa Cruz,95063,Santa Cruz,California
Santa Cruz,95064,Santa Cruz,California
Santa Cruz,95065,Santa Cruz,California
Scotts Valley,95066,Santa Cruz,California
Scotts Valley,95067,Santa Cruz,California
Soquel,95073,Santa Cruz,California
Watsonville,95076,Santa Cruz,California
Watsonville,95077,Santa Cruz,California
Redding,96001,Shasta,California
Redding,96002,Shasta,California
Redding,96003,Shasta,California
Anderson,96007,Shasta,California
Bella Vista,96008,Shasta,California
Big Bend,96011,Shasta,California
Burney,96013,Shasta,California
Cassel,96016,Shasta,California
Castella,96017,Shasta,California
Shasta Lake,96019,Shasta,California
Fall River Mills,96028,Shasta,California
French Gulch,96033,Shasta,California
Hat Creek,96040,Shasta,California
Igo,96047,Shasta,California
Redding,96049,Shasta,California
Lakehead,96051,Shasta,California
Millville,96062,Shasta,California
Montgomery Creek,96065,Shasta,California
Oak Run,96069,Shasta,California
Obrien,96070,Shasta,California
Old Station,96071,Shasta,California
Palo Cedro,96073,Shasta,California
Platina,96076,Shasta,California
Shasta Lake,96079,Shasta,California
Round Mountain,96084,Shasta,California
Shasta,96087,Shasta,California
Shingletown,96088,Shasta,California
Shasta Lake,96089,Shasta,California
Whiskeytown,96095,Shasta,California
Whitmore,96096,Shasta,California
Redding,96099,Shasta,California
Alleghany,95910,Sierra,California
Camptonville,95922,Sierra,California
Downieville,95936,Sierra,California
Goodyears Bar,95944,Sierra,California
Loyalton,96118,Sierra,California
Calpine,96124,Sierra,California
Sierra City,96125,Sierra,California
Sierraville,96126,Sierra,California
Somes Bar,95568,Siskiyou,California
Callahan,96014,Siskiyou,California
Dorris,96023,Siskiyou,California
Dunsmuir,96025,Siskiyou,California
Etna,96027,Siskiyou,California
Forks Of Salmon,96031,Siskiyou,California
Fort Jones,96032,Siskiyou,California
Gazelle,96034,Siskiyou,California
Greenview,96037,Siskiyou,California
Grenada,96038,Siskiyou,California
Happy Camp,96039,Siskiyou,California
Hornbrook,96044,Siskiyou,California
Klamath River,96050,Siskiyou,California
Mccloud,96057,Siskiyou,California
Macdoel,96058,Siskiyou,California
Montague,96064,Siskiyou,California
Mount Shasta,96067,Siskiyou,California
Scott Bar,96085,Siskiyou,California
Seiad Valley,96086,Siskiyou,California
Weed,96094,Siskiyou,California
Yreka,96097,Siskiyou,California
Tulelake,96134,Siskiyou,California
Benicia,94510,Solano,California
Birds Landing,94512,Solano,California
Fairfield,94533,Solano,California
Fairfield,94534,Solano,California
Travis Afb,94535,Solano,California
Rio Vista,94571,Solano,California
Suisun City,94585,Solano,California
Vallejo,94589,Solano,California
Vallejo,94590,Solano,California
Vallejo,94591,Solano,California
Vallejo,94592,Solano,California
Dixon,95620,Solano,California
Elmira,95625,Solano,California
Vacaville,95687,Solano,California
Vacaville,95688,Solano,California
Vacaville,95696,Solano,California
Bodega,94922,Sonoma,California
Bodega Bay,94923,Sonoma,California
Rohnert Park,94926,Sonoma,California
Rohnert Park,94927,Sonoma,California
Rohnert Park,94928,Sonoma,California
Cotati,94931,Sonoma,California
Penngrove,94951,Sonoma,California
Petaluma,94952,Sonoma,California
Petaluma,94953,Sonoma,California
Petaluma,94954,Sonoma,California
Petaluma,94955,Sonoma,California
Valley Ford,94972,Sonoma,California
Petaluma,94975,Sonoma,California
Petaluma,94999,Sonoma,California
Santa Rosa,95401,Sonoma,California
Santa Rosa,95402,Sonoma,California
Santa Rosa,95403,Sonoma,California
Santa Rosa,95404,Sonoma,California
Santa Rosa,95405,Sonoma,California
Santa Rosa,95406,Sonoma,California
Santa Rosa,95407,Sonoma,California
Santa Rosa,95409,Sonoma,California
Annapolis,95412,Sonoma,California
Boyes Hot Springs,95416,Sonoma,California
Camp Meeker,95419,Sonoma,California
Cazadero,95421,Sonoma,California
Cloverdale,95425,Sonoma,California
Duncans Mills,95430,Sonoma,California
Eldridge,95431,Sonoma,California
El Verano,95433,Sonoma,California
Forestville,95436,Sonoma,California
Fulton,95439,Sonoma,California
Geyserville,95441,Sonoma,California
Glen Ellen,95442,Sonoma,California
Graton,95444,Sonoma,California
Guerneville,95446,Sonoma,California
Healdsburg,95448,Sonoma,California
Jenner,95450,Sonoma,California
Kenwood,95452,Sonoma,California
Monte Rio,95462,Sonoma,California
Occidental,95465,Sonoma,California
Rio Nido,95471,Sonoma,California
Sebastopol,95472,Sonoma,California
Sebastopol,95473,Sonoma,California
Sonoma,95476,Sonoma,California
Stewarts Point,95480,Sonoma,California
Villa Grande,95486,Sonoma,California
Vineburg,95487,Sonoma,California
Windsor,95492,Sonoma,California
The Sea Ranch,95497,Sonoma,California
Farmington,95230,Stanislaus,California
Ceres,95307,Stanislaus,California
Crows Landing,95313,Stanislaus,California
Denair,95316,Stanislaus,California
Empire,95319,Stanislaus,California
Hickman,95323,Stanislaus,California
Hughson,95326,Stanislaus,California
Keyes,95328,Stanislaus,California
Modesto,95350,Stanislaus,California
Modesto,95351,Stanislaus,California
Modesto,95352,Stanislaus,California
Modesto,95353,Stanislaus,California
Modesto,95354,Stanislaus,California
Modesto,95355,Stanislaus,California
Modesto,95356,Stanislaus,California
Modesto,95357,Stanislaus,California
Modesto,95358,Stanislaus,California
Newman,95360,Stanislaus,California
Oakdale,95361,Stanislaus,California
Patterson,95363,Stanislaus,California
Riverbank,95367,Stanislaus,California
Salida,95368,Stanislaus,California
Turlock,95380,Stanislaus,California
Turlock,95381,Stanislaus,California
Turlock,95382,Stanislaus,California
Vernalis,95385,Stanislaus,California
Waterford,95386,Stanislaus,California
Westley,95387,Stanislaus,California
Modesto,95397,Stanislaus,California
Knights Landing,95645,Sutter,California
Nicolaus,95659,Sutter,California
Pleasant Grove,95668,Sutter,California
Rio Oso,95674,Sutter,California
Robbins,95676,Sutter,California
Live Oak,95953,Sutter,California
Meridian,95957,Sutter,California
Sutter,95982,Sutter,California
Yuba City,95991,Sutter,California
Yuba City,95992,Sutter,California
Yuba City,95993,Sutter,California
Corning,96021,Tehama,California
Cottonwood,96022,Tehama,California
Flournoy,96029,Tehama,California
Gerber,96035,Tehama,California
Los Molinos,96055,Tehama,California
Manton,96059,Tehama,California
Mill Creek,96061,Tehama,California
Mineral,96063,Tehama,California
Paskenta,96074,Tehama,California
Paynes Creek,96075,Tehama,California
Proberta,96078,Tehama,California
Red Bluff,96080,Tehama,California
Tehama,96090,Tehama,California
Vina,96092,Tehama,California
Burnt Ranch,95527,Trinity,California
Mad River,95552,Trinity,California
Zenia,95595,Trinity,California
Big Bar,96010,Trinity,California
Douglas City,96024,Trinity,California
Hayfork,96041,Trinity,California
Hyampom,96046,Trinity,California
Junction City,96048,Trinity,California
Lewiston,96052,Trinity,California
Trinity Center,96091,Trinity,California
Weaverville,96093,Trinity,California
Alpaugh,93201,Tulare,California
California Hot Springs,93207,Tulare,California
Camp Nelson,93208,Tulare,California
Ducor,93218,Tulare,California
Earlimart,93219,Tulare,California
Exeter,93221,Tulare,California
Farmersville,93223,Tulare,California
Goshen,93227,Tulare,California
Ivanhoe,93235,Tulare,California
Kaweah,93237,Tulare,California
Lemon Cove,93244,Tulare,California
Lindsay,93247,Tulare,California
Pixley,93256,Tulare,California
Porterville,93257,Tulare,California
Porterville,93258,Tulare,California
Posey,93260,Tulare,California
Richgrove,93261,Tulare,California
Sequoia National Park,93262,Tulare,California
Springville,93265,Tulare,California
Strathmore,93267,Tulare,California
Terra Bella,93270,Tulare,California
Three Rivers,93271,Tulare,California
Tipton,93272,Tulare,California
Tulare,93274,Tulare,California
Tulare,93275,Tulare,California
Visalia,93277,Tulare,California
Visalia,93278,Tulare,California
Visalia,93279,Tulare,California
Waukena,93282,Tulare,California
Woodlake,93286,Tulare,California
Visalia,93290,Tulare,California
Visalia,93291,Tulare,California
Visalia,93292,Tulare,California
Badger,93603,Tulare,California
Cutler,93615,Tulare,California
Dinuba,93618,Tulare,California
Kings Canyon National Pk,93633,Tulare,California
Orosi,93647,Tulare,California
Sultana,93666,Tulare,California
Yettem,93670,Tulare,California
Traver,93673,Tulare,California
Big Oak Flat,95305,Tuolumne,California
Chinese Camp,95309,Tuolumne,California
Columbia,95310,Tuolumne,California
Pinecrest,95314,Tuolumne,California
Groveland,95321,Tuolumne,California
Jamestown,95327,Tuolumne,California
Long Barn,95335,Tuolumne,California
Mi Wuk Village,95346,Tuolumne,California
Moccasin,95347,Tuolumne,California
Pinecrest,95364,Tuolumne,California
Sonora,95370,Tuolumne,California
Soulsbyville,95372,Tuolumne,California
Standard,95373,Tuolumne,California
Strawberry,95375,Tuolumne,California
Tuolumne,95379,Tuolumne,California
Twain Harte,95383,Tuolumne,California
Newbury Park,91319,Ventura,California
Newbury Park,91320,Ventura,California
Thousand Oaks,91358,Ventura,California
Thousand Oaks,91360,Ventura,California
Westlake Village,91361,Ventura,California
Thousand Oaks,91362,Ventura,California
Oak Park,91377,Ventura,California
Ventura,93001,Ventura,California
Ventura,93002,Ventura,California
Ventura,93003,Ventura,California
Ventura,93004,Ventura,California
Ventura,93005,Ventura,California
Ventura,93006,Ventura,California
Ventura,93007,Ventura,California
Ventura,93009,Ventura,California
Camarillo,93010,Ventura,California
Camarillo,93011,Ventura,California
Camarillo,93012,Ventura,California
Fillmore,93015,Ventura,California
Fillmore,93016,Ventura,California
Moorpark,93020,Ventura,California
Moorpark,93021,Ventura,California
Oak View,93022,Ventura,California
Ojai,93023,Ventura,California
Ojai,93024,Ventura,California
Oxnard,93030,Ventura,California
Oxnard,93031,Ventura,California
Oxnard,93032,Ventura,California
Oxnard,93033,Ventura,California
Oxnard,93034,Ventura,California
Oxnard,93035,Ventura,California
Oxnard,93036,Ventura,California
Piru,93040,Ventura,California
Port Hueneme,93041,Ventura,California
Point Mugu Nawc,93042,Ventura,California
Port Hueneme Cbc Base,93043,Ventura,California
Port Hueneme,93044,Ventura,California
Santa Paula,93060,Ventura,California
Santa Paula,93061,Ventura,California
Simi Valley,93062,Ventura,California
Simi Valley,93063,Ventura,California
Brandeis,93064,Ventura,California
Simi Valley,93065,Ventura,California
Somis,93066,Ventura,California
Simi Valley,93093,Ventura,California
Simi Valley,93094,Ventura,California
Simi Valley,93099,Ventura,California
West Sacramento,95605,Yolo,California
Brooks,95606,Yolo,California
Capay,95607,Yolo,California
Clarksburg,95612,Yolo,California
Davis,95616,Yolo,California
Davis,95617,Yolo,California
Davis,95618,Yolo,California
Esparto,95627,Yolo,California
Guinda,95637,Yolo,California
Madison,95653,Yolo,California
Rumsey,95679,Yolo,California
West Sacramento,95691,Yolo,California
Winters,95694,Yolo,California
Woodland,95695,Yolo,California
Yolo,95697,Yolo,California
Zamora,95698,Yolo,California
Woodland,95776,Yolo,California
West Sacramento,95798,Yolo,California
West Sacramento,95799,Yolo,California
Dunnigan,95937,Yolo,California
Wheatland,95692,Yuba,California
Marysville,95901,Yuba,California
Beale Afb,95903,Yuba,California
Browns Valley,95918,Yuba,California
Brownsville,95919,Yuba,California
Challenge,95925,Yuba,California
Dobbins,95935,Yuba,California
Olivehurst,95961,Yuba,California
Oregon House,95962,Yuba,California
Rackerby,95972,Yuba,California
Smartsville,95977,Yuba,California
Alameda,94501,Alameda,California
Alameda,94502,Alameda,California
Fremont,94536,Alameda,California
Fremont,94537,Alameda,California
Fremont,94538,Alameda,California
Fremont,94539,Alameda,California
Hayward,94540,Alameda,California
Hayward,94541,Alameda,California
Hayward,94542,Alameda,California
Hayward,94543,Alameda,California
Hayward,94544,Alameda,California
Hayward,94545,Alameda,California
Castro Valley,94546,Alameda,California
Livermore,94550,Alameda,California
Livermore,94551,Alameda,California
Castro Valley,94552,Alameda,California
Fremont,94555,Alameda,California
Hayward,94557,Alameda,California
Newark,94560,Alameda,California
Pleasanton,94566,Alameda,California
Dublin,94568,Alameda,California
San Leandro,94577,Alameda,California
San Leandro,94578,Alameda,California
San Leandro,94579,Alameda,California
San Lorenzo,94580,Alameda,California
Sunol,94586,Alameda,California
Union City,94587,Alameda,California
Pleasanton,94588,Alameda,California
Oakland,94601,Alameda,California
Oakland,94602,Alameda,California
Oakland,94603,Alameda,California
Oakland,94604,Alameda,California
Oakland,94605,Alameda,California
Oakland,94606,Alameda,California
Oakland,94607,Alameda,California
Emeryville,94608,Alameda,California
Oakland,94609,Alameda,California
Oakland,94610,Alameda,California
Oakland,94611,Alameda,California
Oakland,94612,Alameda,California
Oakland,94613,Alameda,California
Oakland,94614,Alameda,California
Oakland,94615,Alameda,California
Oakland,94617,Alameda,California
Oakland,94618,Alameda,California
Oakland,94619,Alameda,California
Piedmont,94620,Alameda,California
Oakland,94621,Alameda,California
Oakland,94622,Alameda,California
Oakland,94623,Alameda,California
Oakland,94624,Alameda,California
Oakland,94625,Alameda,California
Oakland,94649,Alameda,California
Oakland,94659,Alameda,California
Oakland,94660,Alameda,California
Oakland,94661,Alameda,California
Emeryville,94662,Alameda,California
Oakland,94666,Alameda,California
Berkeley,94701,Alameda,California
Berkeley,94702,Alameda,California
Berkeley,94703,Alameda,California
Berkeley,94704,Alameda,California
Berkeley,94705,Alameda,California
Albany,94706,Alameda,California
Berkeley,94707,Alameda,California
Berkeley,94708,Alameda,California
Berkeley,94709,Alameda,California
Berkeley,94710,Alameda,California
Berkeley,94712,Alameda,California
Berkeley,94720,Alameda,California
Markleeville,96120,Alpine,California
South Lake Tahoe,96156,Alpine,California
Amador City,95601,Amador,California
Fiddletown,95629,Amador,California
Ione,95640,Amador,California
Jackson,95642,Amador,California
Kirkwood,95646,Amador,California
Martell,95654,Amador,California
Pine Grove,95665,Amador,California
Pioneer,95666,Amador,California
Plymouth,95669,Amador,California
River Pines,95675,Amador,California
Sutter Creek,95685,Amador,California
Volcano,95689,Amador,California
Drytown,95699,Amador,California
Bangor,95914,Butte,California
Berry Creek,95916,Butte,California
Biggs,95917,Butte,California
Chico,95926,Butte,California
Chico,95927,Butte,California
Chico,95928,Butte,California
Chico,95929,Butte,California
Clipper Mills,95930,Butte,California
Durham,95938,Butte,California
Feather Falls,95940,Butte,California
Forbestown,95941,Butte,California
Forest Ranch,95942,Butte,California
Gridley,95948,Butte,California
Magalia,95954,Butte,California
Nelson,95958,Butte,California
Oroville,95965,Butte,California
Oroville,95966,Butte,California
Paradise,95967,Butte,California
Palermo,95968,Butte,California
Paradise,95969,Butte,California
Chico,95973,Butte,California
Richvale,95974,Butte,California
Chico,95976,Butte,California
Stirling City,95978,Butte,California
Altaville,95221,Calaveras,California
Angels Camp,95222,Calaveras,California
Arnold,95223,Calaveras,California
Avery,95224,Calaveras,California
Burson,95225,Calaveras,California
Campo Seco,95226,Calaveras,California
Copperopolis,95228,Calaveras,California
Douglas Flat,95229,Calaveras,California
Glencoe,95232,Calaveras,California
Hathaway Pines,95233,Calaveras,California
Mokelumne Hill,95245,Calaveras,California
Mountain Ranch,95246,Calaveras,California
Murphys,95247,Calaveras,California
Rail Road Flat,95248,Calaveras,California
San Andreas,95249,Calaveras,California
San Andreas,95250,Calaveras,California
Vallecito,95251,Calaveras,California
Valley Springs,95252,Calaveras,California
Wallace,95254,Calaveras,California
West Point,95255,Calaveras,California
Wilseyville,95257,Calaveras,California
Arbuckle,95912,Colusa,California
Colusa,95932,Colusa,California
Grimes,95950,Colusa,California
Maxwell,95955,Colusa,California
Stonyford,95979,Colusa,California
Williams,95987,Colusa,California
Discovery Bay,94505,Contra Costa,California
Danville,94506,Contra Costa,California
Alamo,94507,Contra Costa,California
Antioch,94509,Contra Costa,California
Bethel Island,94511,Contra Costa,California
Brentwood,94513,Contra Costa,California
Byron,94514,Contra Costa,California
Canyon,94516,Contra Costa,California
Clayton,94517,Contra Costa,California
Concord,94518,Contra Costa,California
Concord,94519,Contra Costa,California
Concord,94520,Contra Costa,California
Concord,94521,Contra Costa,California
Concord,94522,Contra Costa,California
Pleasant Hill,94523,Contra Costa,California
Concord,94524,Contra Costa,California
Crockett,94525,Contra Costa,California
Danville,94526,Contra Costa,California
Concord,94527,Contra Costa,California
Diablo,94528,Contra Costa,California
Concord,94529,Contra Costa,California
El Cerrito,94530,Contra Costa,California
Antioch,94531,Contra Costa,California
Hercules,94547,Contra Costa,California
Knightsen,94548,Contra Costa,California
Lafayette,94549,Contra Costa,California
Martinez,94553,Contra Costa,California
Moraga,94556,Contra Costa,California
Oakley,94561,Contra Costa,California
Orinda,94563,Contra Costa,California
Pinole,94564,Contra Costa,California
Pittsburg,94565,Contra Costa,California
Port Costa,94569,Contra Costa,California
Moraga,94570,Contra Costa,California
Rodeo,94572,Contra Costa,California
Moraga,94575,Contra Costa,California
San Ramon,94582,Contra Costa,California
San Ramon,94583,Contra Costa,California
Walnut Creek,94595,Contra Costa,California
Walnut Creek,94596,Contra Costa,California
Walnut Creek,94597,Contra Costa,California
Walnut Creek,94598,Contra Costa,California
Richmond,94801,Contra Costa,California
Richmond,94802,Contra Costa,California
El Sobrante,94803,Contra Costa,California
Richmond,94804,Contra Costa,California
Richmond,94805,Contra Costa,California
San Pablo,94806,Contra Costa,California
Richmond,94807,Contra Costa,California
Richmond,94808,Contra Costa,California
El Sobrante,94820,Contra Costa,California
Richmond,94850,Contra Costa,California
Crescent City,95531,Del Norte,California
Crescent City,95532,Del Norte,California
Fort Dick,95538,Del Norte,California
Gasquet,95543,Del Norte,California
Klamath,95548,Del Norte,California
Smith River,95567,Del Norte,California
Coloma,95613,El Dorado,California
Cool,95614,El Dorado,California
Diamond Springs,95619,El Dorado,California
El Dorado,95623,El Dorado,California
Garden Valley,95633,El Dorado,California
Georgetown,95634,El Dorado,California
Greenwood,95635,El Dorado,California
Grizzly Flats,95636,El Dorado,California
Kit Carson,95644,El Dorado,California
Lotus,95651,El Dorado,California
Mount Aukum,95656,El Dorado,California
Pilot Hill,95664,El Dorado,California
Placerville,95667,El Dorado,California
Rescue,95672,El Dorado,California
Shingle Springs,95682,El Dorado,California
Somerset,95684,El Dorado,California
Camino,95709,El Dorado,California
Kyburz,95720,El Dorado,California
Echo Lake,95721,El Dorado,California
Pollock Pines,95726,El Dorado,California
Twin Bridges,95735,El Dorado,California
El Dorado Hills,95762,El Dorado,California
Tahoma,96142,El Dorado,California
South Lake Tahoe,96150,El Dorado,California
South Lake Tahoe,96151,El Dorado,California
South Lake Tahoe,96152,El Dorado,California
South Lake Tahoe,96154,El Dorado,California
South Lake Tahoe,96155,El Dorado,California
South Lake Tahoe,96157,El Dorado,California
South Lake Tahoe,96158,El Dorado,California
Coalinga,93210,Fresno,California
Huron,93234,Fresno,California
Laton,93242,Fresno,California
Auberry,93602,Fresno,California
Big Creek,93605,Fresno,California
Biola,93606,Fresno,California
Burrel,93607,Fresno,California
Cantua Creek,93608,Fresno,California
Caruthers,93609,Fresno,California
Clovis,93611,Fresno,California
Clovis,93612,Fresno,California
Clovis,93613,Fresno,California
Del Rey,93616,Fresno,California
Clovis,93619,Fresno,California
Dunlap,93621,Fresno,California
Firebaugh,93622,Fresno,California
Five Points,93624,Fresno,California
Fowler,93625,Fresno,California
Helm,93627,Fresno,California
Hume,93628,Fresno,California
Kerman,93630,Fresno,California
Kingsburg,93631,Fresno,California
Lakeshore,93634,Fresno,California
Mendota,93640,Fresno,California
Miramonte,93641,Fresno,California
Mono Hot Springs,93642,Fresno,California
Orange Cove,93646,Fresno,California
Parlier,93648,Fresno,California
Piedra,93649,Fresno,California
Fresno,93650,Fresno,California
Prather,93651,Fresno,California
Raisin City,93652,Fresno,California
Reedley,93654,Fresno,California
Riverdale,93656,Fresno,California
Sanger,93657,Fresno,California
San Joaquin,93660,Fresno,California
Selma,93662,Fresno,California
Shaver Lake,93664,Fresno,California
Tollhouse,93667,Fresno,California
Tranquillity,93668,Fresno,California
Squaw Valley,93675,Fresno,California
Fresno,93701,Fresno,California
Fresno,93702,Fresno,California
Fresno,93703,Fresno,California
Fresno,93704,Fresno,California
Fresno,93705,Fresno,California
Fresno,93706,Fresno,California
Fresno,93707,Fresno,California
Fresno,93708,Fresno,California
Fresno,93709,Fresno,California
Fresno,93710,Fresno,California
Fresno,93711,Fresno,California
Fresno,93712,Fresno,California
Fresno,93714,Fresno,California
Fresno,93715,Fresno,California
Fresno,93716,Fresno,California
Fresno,93717,Fresno,California
Fresno,93718,Fresno,California
Fresno,93720,Fresno,California
Fresno,93721,Fresno,California
Fresno,93722,Fresno,California
Fresno,93723,Fresno,California
Fresno,93724,Fresno,California
Fresno,93725,Fresno,California
Fresno,93726,Fresno,California
Fresno,93727,Fresno,California
Fresno,93728,Fresno,California
Fresno,93729,Fresno,California
Fresno,93730,Fresno,California
Fresno,93737,Fresno,California
Fresno,93740,Fresno,California
Fresno,93741,Fresno,California
Fresno,93744,Fresno,California
Fresno,93745,Fresno,California
Fresno,93747,Fresno,California
Fresno,93750,Fresno,California
Fresno,93755,Fresno,California
Fresno,93760,Fresno,California
Fresno,93761,Fresno,California
Fresno,93764,Fresno,California
Fresno,93765,Fresno,California
Fresno,93771,Fresno,California
Fresno,93772,Fresno,California
Fresno,93773,Fresno,California
Fresno,93774,Fresno,California
Fresno,93775,Fresno,California
Fresno,93776,Fresno,California
Fresno,93777,Fresno,California
Fresno,93778,Fresno,California
Fresno,93779,Fresno,California
Fresno,93780,Fresno,California
Fresno,93784,Fresno,California
Fresno,93786,Fresno,California
Fresno,93790,Fresno,California
Fresno,93791,Fresno,California
Fresno,93792,Fresno,California
Fresno,93793,Fresno,California
Fresno,93794,Fresno,California
Fresno,93844,Fresno,California
Fresno,93888,Fresno,California
Artois,95913,Glenn,California
Butte City,95920,Glenn,California
Elk Creek,95939,Glenn,California
Glenn,95943,Glenn,California
Hamilton City,95951,Glenn,California
Orland,95963,Glenn,California
Princeton,95970,Glenn,California
Willows,95988,Glenn,California
Eureka,95501,Humboldt,California
Eureka,95502,Humboldt,California
Eureka,95503,Humboldt,California
Alderpoint,95511,Humboldt,California
Blocksburg,95514,Humboldt,California
Arcata,95518,Humboldt,California
Mckinleyville,95519,Humboldt,California
Arcata,95521,Humboldt,California
Bayside,95524,Humboldt,California
Blue Lake,95525,Humboldt,California
Bridgeville,95526,Humboldt,California
Carlotta,95528,Humboldt,California
Cutten,95534,Humboldt,California
Ferndale,95536,Humboldt,California
Fields Landing,95537,Humboldt,California
Fortuna,95540,Humboldt,California
Garberville,95542,Humboldt,California
Honeydew,95545,Humboldt,California
Hoopa,95546,Humboldt,California
Hydesville,95547,Humboldt,California
Kneeland,95549,Humboldt,California
Korbel,95550,Humboldt,California
Loleta,95551,Humboldt,California
Miranda,95553,Humboldt,California
Myers Flat,95554,Humboldt,California
Orick,95555,Humboldt,California
Orleans,95556,Humboldt,California
Petrolia,95558,Humboldt,California
Phillipsville,95559,Humboldt,California
Redway,95560,Humboldt,California
Rio Dell,95562,Humboldt,California
Salyer,95563,Humboldt,California
Samoa,95564,Humboldt,California
Scotia,95565,Humboldt,California
Redcrest,95569,Humboldt,California
Trinidad,95570,Humboldt,California
Weott,95571,Humboldt,California
Willow Creek,95573,Humboldt,California
Whitethorn,95589,Humboldt,California
Bard,92222,Imperial,California
Brawley,92227,Imperial,California
Calexico,92231,Imperial,California
Calexico,92232,Imperial,California
Calipatria,92233,Imperial,California
El Centro,92243,Imperial,California
El Centro,92244,Imperial,California
Heber,92249,Imperial,California
Holtville,92250,Imperial,California
Imperial,92251,Imperial,California
Niland,92257,Imperial,California
Ocotillo,92259,Imperial,California
Palo Verde,92266,Imperial,California
Seeley,92273,Imperial,California
Thermal,92274,Imperial,California
Salton City,92275,Imperial,California
Westmorland,92281,Imperial,California
Winterhaven,92283,Imperial,California
Death Valley,92328,Inyo,California
Shoshone,92384,Inyo,California
Tecopa,92389,Inyo,California
Big Pine,93513,Inyo,California
Bishop,93514,Inyo,California
Bishop,93515,Inyo,California
Darwin,93522,Inyo,California
Independence,93526,Inyo,California
Keeler,93530,Inyo,California
Little Lake,93542,Inyo,California
Lone Pine,93545,Inyo,California
Olancha,93549,Inyo,California
Trona,93562,Inyo,California
Arvin,93203,Kern,California
Bodfish,93205,Kern,California
Buttonwillow,93206,Kern,California
Delano,93215,Kern,California
Delano,93216,Kern,California
Edison,93220,Kern,California
Pine Mountain Club,93222,Kern,California
Fellows,93224,Kern,California
Frazier Park,93225,Kern,California
Glennville,93226,Kern,California
Kernville,93238,Kern,California
Lake Isabella,93240,Kern,California
Lamont,93241,Kern,California
Lost Hills,93249,Kern,California
Mc Farland,93250,Kern,California
Mc Kittrick,93251,Kern,California
Maricopa,93252,Kern,California
Onyx,93255,Kern,California
Shafter,93263,Kern,California
Taft,93268,Kern,California
Tupman,93276,Kern,California
Wasco,93280,Kern,California
Weldon,93283,Kern,California
Wofford Heights,93285,Kern,California
Woody,93287,Kern,California
Bakersfield,93301,Kern,California
Bakersfield,93302,Kern,California
Bakersfield,93303,Kern,California
Bakersfield,93304,Kern,California
Bakersfield,93305,Kern,California
Bakersfield,93306,Kern,California
Bakersfield,93307,Kern,California
Bakersfield,93308,Kern,California
Bakersfield,93309,Kern,California
Bakersfield,93311,Kern,California
Bakersfield,93312,Kern,California
Bakersfield,93313,Kern,California
Bakersfield,93314,Kern,California
Bakersfield,93380,Kern,California
Bakersfield,93381,Kern,California
Bakersfield,93382,Kern,California
Bakersfield,93383,Kern,California
Bakersfield,93384,Kern,California
Bakersfield,93385,Kern,California
Bakersfield,93386,Kern,California
Bakersfield,93387,Kern,California
Bakersfield,93388,Kern,California
Bakersfield,93389,Kern,California
Bakersfield,93390,Kern,California
Mojave,93501,Kern,California
Mojave,93502,Kern,California
California City,93504,Kern,California
California City,93505,Kern,California
Boron,93516,Kern,California
Caliente,93518,Kern,California
Cantil,93519,Kern,California
Edwards,93523,Kern,California
Edwards,93524,Kern,California
Inyokern,93527,Kern,California
Johannesburg,93528,Kern,California
Keene,93531,Kern,California
Randsburg,93554,Kern,California
Ridgecrest,93555,Kern,California
Ridgecrest,93556,Kern,California
Rosamond,93560,Kern,California
Tehachapi,93561,Kern,California
Tehachapi,93581,Kern,California
Boron,93596,Kern,California
Armona,93202,Kings,California
Avenal,93204,Kings,California
Corcoran,93212,Kings,California
Hanford,93230,Kings,California
Hanford,93232,Kings,California
Kettleman City,93239,Kings,California
Lemoore,93245,Kings,California
Lemoore,93246,Kings,California
Stratford,93266,Kings,California
Clearlake,95422,Lake,California
Clearlake Oaks,95423,Lake,California
Clearlake Park,95424,Lake,California
Cobb,95426,Lake,California
Finley,95435,Lake,California
Glenhaven,95443,Lake,California
Kelseyville,95451,Lake,California
Lakeport,95453,Lake,California
Lower Lake,95457,Lake,California
Lucerne,95458,Lake,California
Middletown,95461,Lake,California
Nice,95464,Lake,California
Hidden Valley Lake,95467,Lake,California
Potter Valley,95469,Lake,California
Upper Lake,95485,Lake,California
Witter Springs,95493,Lake,California
Bieber,96009,Lassen,California
Mcarthur,96056,Lassen,California
Nubieber,96068,Lassen,California
Doyle,96109,Lassen,California
Herlong,96113,Lassen,California
Janesville,96114,Lassen,California
Litchfield,96117,Lassen,California
Madeline,96119,Lassen,California
Ravendale,96123,Lassen,California
Susanville,96127,Lassen,California
Standish,96128,Lassen,California
Susanville,96130,Lassen,California
Termo,96132,Lassen,California
Wendel,96136,Lassen,California
Westwood,96137,Lassen,California
Los Angeles,90001,Los Angeles,California
Los Angeles,90002,Los Angeles,California
Los Angeles,90003,Los Angeles,California
Los Angeles,90004,Los Angeles,California
Los Angeles,90005,Los Angeles,California
Los Angeles,90006,Los Angeles,California
Los Angeles,90007,Los Angeles,California
Los Angeles,90008,Los Angeles,California
Los Angeles,90009,Los Angeles,California
Los Angeles,90010,Los Angeles,California
Los Angeles,90011,Los Angeles,California
Los Angeles,90012,Los Angeles,California
Los Angeles,90013,Los Angeles,California
Los Angeles,90014,Los Angeles,California
Los Angeles,90015,Los Angeles,California
Los Angeles,90016,Los Angeles,California
Los Angeles,90017,Los Angeles,California
Los Angeles,90018,Los Angeles,California
Los Angeles,90019,Los Angeles,California
Los Angeles,90020,Los Angeles,California
Los Angeles,90021,Los Angeles,California
Los Angeles,90022,Los Angeles,California
Los Angeles,90023,Los Angeles,California
Los Angeles,90024,Los Angeles,California
Los Angeles,90025,Los Angeles,California
Los Angeles,90026,Los Angeles,California
Los Angeles,90027,Los Angeles,California
Los Angeles,90028,Los Angeles,California
Los Angeles,90029,Los Angeles,California
Los Angeles,90030,Los Angeles,California
Los Angeles,90031,Los Angeles,California
Los Angeles,90032,Los Angeles,California
Los Angeles,90033,Los Angeles,California
Los Angeles,90034,Los Angeles,California
Los Angeles,90035,Los Angeles,California
Los Angeles,90036,Los Angeles,California
Los Angeles,90037,Los Angeles,California
Los Angeles,90038,Los Angeles,California
Los Angeles,90039,Los Angeles,California
Los Angeles,90040,Los Angeles,California
Los Angeles,90041,Los Angeles,California
Los Angeles,90042,Los Angeles,California
Los Angeles,90043,Los Angeles,California
Los Angeles,90044,Los Angeles,California
Los Angeles,90045,Los Angeles,California
Los Angeles,90046,Los Angeles,California
Los Angeles,90047,Los Angeles,California
Los Angeles,90048,Los Angeles,California
Los Angeles,90049,Los Angeles,California
Los Angeles,90050,Los Angeles,California
Los Angeles,90051,Los Angeles,California
Los Angeles,90052,Los Angeles,California
Los Angeles,90053,Los Angeles,California
Los Angeles,90054,Los Angeles,California
Los Angeles,90055,Los Angeles,California
Los Angeles,90056,Los Angeles,California
Los Angeles,90057,Los Angeles,California
Los Angeles,90058,Los Angeles,California
Los Angeles,90059,Los Angeles,California
Los Angeles,90060,Los Angeles,California
Los Angeles,90061,Los Angeles,California
Los Angeles,90062,Los Angeles,California
Los Angeles,90063,Los Angeles,California
Los Angeles,90064,Los Angeles,California
Los Angeles,90065,Los Angeles,California
Los Angeles,90066,Los Angeles,California
Los Angeles,90067,Los Angeles,California
Los Angeles,90068,Los Angeles,California
West Hollywood,90069,Los Angeles,California
Los Angeles,90070,Los Angeles,California
Los Angeles,90071,Los Angeles,California
Los Angeles,90072,Los Angeles,California
Los Angeles,90073,Los Angeles,California
Los Angeles,90074,Los Angeles,California
Los Angeles,90075,Los Angeles,California
Los Angeles,90076,Los Angeles,California
Los Angeles,90077,Los Angeles,California
Los Angeles,90078,Los Angeles,California
Los Angeles,90079,Los Angeles,California
Los Angeles,90080,Los Angeles,California
Los Angeles,90081,Los Angeles,California
Los Angeles,90082,Los Angeles,California
Los Angeles,90083,Los Angeles,California
Los Angeles,90084,Los Angeles,California
Los Angeles,90086,Los Angeles,California
Los Angeles,90087,Los Angeles,California
Los Angeles,90088,Los Angeles,California
Los Angeles,90089,Los Angeles,California
Dodgertown,90090,Los Angeles,California
Los Angeles,90091,Los Angeles,California
Los Angeles,90093,Los Angeles,California
Playa Vista,90094,Los Angeles,California
Los Angeles,90095,Los Angeles,California
Los Angeles,90096,Los Angeles,California
Los Angeles,90099,Los Angeles,California
Los Angeles,90101,Los Angeles,California
Los Angeles,90102,Los Angeles,California
Los Angeles,90103,Los Angeles,California
Los Angeles,90189,Los Angeles,California
Bell Gardens,90201,Los Angeles,California
Bell,90202,Los Angeles,California
Beverly Hills,90209,Los Angeles,California
Beverly Hills,90210,Los Angeles,California
Beverly Hills,90211,Los Angeles,California
Beverly Hills,90212,Los Angeles,California
Beverly Hills,90213,Los Angeles,California
Compton,90220,Los Angeles,California
Compton,90221,Los Angeles,California
Compton,90222,Los Angeles,California
Compton,90223,Los Angeles,California
Compton,90224,Los Angeles,California
Culver City,90230,Los Angeles,California
Culver City,90231,Los Angeles,California
Culver City,90232,Los Angeles,California
Culver City,90233,Los Angeles,California
Downey,90239,Los Angeles,California
Downey,90240,Los Angeles,California
Downey,90241,Los Angeles,California
Downey,90242,Los Angeles,California
El Segundo,90245,Los Angeles,California
Gardena,90247,Los Angeles,California
Gardena,90248,Los Angeles,California
Gardena,90249,Los Angeles,California
Hawthorne,90250,Los Angeles,California
Hawthorne,90251,Los Angeles,California
Hermosa Beach,90254,Los Angeles,California
Huntington Park,90255,Los Angeles,California
Lawndale,90260,Los Angeles,California
Lawndale,90261,Los Angeles,California
Lynwood,90262,Los Angeles,California
Malibu,90263,Los Angeles,California
Malibu,90264,Los Angeles,California
Malibu,90265,Los Angeles,California
Manhattan Beach,90266,Los Angeles,California
Manhattan Beach,90267,Los Angeles,California
Maywood,90270,Los Angeles,California
Pacific Palisades,90272,Los Angeles,California
Palos Verdes Peninsula,90274,Los Angeles,California
Rancho Palos Verdes,90275,Los Angeles,California
Redondo Beach,90277,Los Angeles,California
Redondo Beach,90278,Los Angeles,California
South Gate,90280,Los Angeles,California
Topanga,90290,Los Angeles,California
Venice,90291,Los Angeles,California
Marina Del Rey,90292,Los Angeles,California
Playa Del Rey,90293,Los Angeles,California
Venice,90294,Los Angeles,California
Marina Del Rey,90295,Los Angeles,California
Playa Del Rey,90296,Los Angeles,California
Inglewood,90301,Los Angeles,California
Inglewood,90302,Los Angeles,California
Inglewood,90303,Los Angeles,California
Inglewood,90304,Los Angeles,California
Inglewood,90305,Los Angeles,California
Inglewood,90306,Los Angeles,California
Inglewood,90307,Los Angeles,California
Inglewood,90308,Los Angeles,California
Inglewood,90309,Los Angeles,California
Inglewood,90310,Los Angeles,California
Inglewood,90311,Los Angeles,California
Inglewood,90312,Los Angeles,California
Inglewood,90313,Los Angeles,California
Inglewood,90397,Los Angeles,California
Inglewood,90398,Los Angeles,California
Santa Monica,90401,Los Angeles,California
Santa Monica,90402,Los Angeles,California
Santa Monica,90403,Los Angeles,California
Santa Monica,90404,Los Angeles,California
Santa Monica,90405,Los Angeles,California
Santa Monica,90406,Los Angeles,California
Santa Monica,90407,Los Angeles,California
Santa Monica,90408,Los Angeles,California
Santa Monica,90409,Los Angeles,California
Santa Monica,90410,Los Angeles,California
Santa Monica,90411,Los Angeles,California
Torrance,90501,Los Angeles,California
Torrance,90502,Los Angeles,California
Torrance,90503,Los Angeles,California
Torrance,90504,Los Angeles,California
Torrance,90505,Los Angeles,California
Torrance,90506,Los Angeles,California
Torrance,90507,Los Angeles,California
Torrance,90508,Los Angeles,California
Torrance,90509,Los Angeles,California
Torrance,90510,Los Angeles,California
Whittier,90601,Los Angeles,California
Whittier,90602,Los Angeles,California
Whittier,90603,Los Angeles,California
Whittier,90604,Los Angeles,California
Whittier,90605,Los Angeles,California
Whittier,90606,Los Angeles,California
Whittier,90607,Los Angeles,California
Whittier,90608,Los Angeles,California
Whittier,90609,Los Angeles,California
Whittier,90610,Los Angeles,California
Whittier,90612,Los Angeles,California
La Mirada,90637,Los Angeles,California
La Mirada,90638,Los Angeles,California
La Mirada,90639,Los Angeles,California
Montebello,90640,Los Angeles,California
Norwalk,90650,Los Angeles,California
Norwalk,90651,Los Angeles,California
Norwalk,90652,Los Angeles,California
Norwalk,90659,Los Angeles,California
Pico Rivera,90660,Los Angeles,California
Pico Rivera,90661,Los Angeles,California
Pico Rivera,90662,Los Angeles,California
Santa Fe Springs,90670,Los Angeles,California
Santa Fe Springs,90671,Los Angeles,California
Artesia,90701,Los Angeles,California
Artesia,90702,Los Angeles,California
Cerritos,90703,Los Angeles,California
Avalon,90704,Los Angeles,California
Bellflower,90706,Los Angeles,California
Bellflower,90707,Los Angeles,California
Harbor City,90710,Los Angeles,California
Lakewood,90711,Los Angeles,California
Lakewood,90712,Los Angeles,California
Lakewood,90713,Los Angeles,California
Lakewood,90714,Los Angeles,California
Lakewood,90715,Los Angeles,California
Hawaiian Gardens,90716,Los Angeles,California
Lomita,90717,Los Angeles,California
Paramount,90723,Los Angeles,California
San Pedro,90731,Los Angeles,California
San Pedro,90732,Los Angeles,California
San Pedro,90733,Los Angeles,California
San Pedro,90734,Los Angeles,California
Wilmington,90744,Los Angeles,California
Carson,90745,Los Angeles,California
Carson,90746,Los Angeles,California
Carson,90747,Los Angeles,California
Wilmington,90748,Los Angeles,California
Carson,90749,Los Angeles,California
Signal Hill,90755,Los Angeles,California
Long Beach,90801,Los Angeles,California
Long Beach,90802,Los Angeles,California
Long Beach,90803,Los Angeles,California
Long Beach,90804,Los Angeles,California
Long Beach,90805,Los Angeles,California
Long Beach,90806,Los Angeles,California
Long Beach,90807,Los Angeles,California
Long Beach,90808,Los Angeles,California
Long Beach,90809,Los Angeles,California
Long Beach,90810,Los Angeles,California
Long Beach,90813,Los Angeles,California
Long Beach,90814,Los Angeles,California
Long Beach,90815,Los Angeles,California
Long Beach,90822,Los Angeles,California
Long Beach,90831,Los Angeles,California
Long Beach,90832,Los Angeles,California
Long Beach,90833,Los Angeles,California
Long Beach,90834,Los Angeles,California
Long Beach,90835,Los Angeles,California
Long Beach,90840,Los Angeles,California
Long Beach,90842,Los Angeles,California
Long Beach,90844,Los Angeles,California
Long Beach,90845,Los Angeles,California
Long Beach,90846,Los Angeles,California
Long Beach,90847,Los Angeles,California
Long Beach,90848,Los Angeles,California
Long Beach,90853,Los Angeles,California
Long Beach,90888,Los Angeles,California
Carson,90895,Los Angeles,California
Long Beach,90899,Los Angeles,California
Altadena,91001,Los Angeles,California
Altadena,91003,Los Angeles,California
Arcadia,91006,Los Angeles,California
Arcadia,91007,Los Angeles,California
Duarte,91008,Los Angeles,California
Duarte,91009,Los Angeles,California
Duarte,91010,Los Angeles,California
La Canada Flintridge,91011,Los Angeles,California
La Canada Flintridge,91012,Los Angeles,California
Monrovia,91016,Los Angeles,California
Monrovia,91017,Los Angeles,California
Montrose,91020,Los Angeles,California
Montrose,91021,Los Angeles,California
Mount Wilson,91023,Los Angeles,California
Sierra Madre,91024,Los Angeles,California
Sierra Madre,91025,Los Angeles,California
South Pasadena,91030,Los Angeles,California
South Pasadena,91031,Los Angeles,California
Sunland,91040,Los Angeles,California
Sunland,91041,Los Angeles,California
Tujunga,91042,Los Angeles,California
Tujunga,91043,Los Angeles,California
Verdugo City,91046,Los Angeles,California
Arcadia,91066,Los Angeles,California
Arcadia,91077,Los Angeles,California
Pasadena,91101,Los Angeles,California
Pasadena,91102,Los Angeles,California
Pasadena,91103,Los Angeles,California
Pasadena,91104,Los Angeles,California
Pasadena,91105,Los Angeles,California
Pasadena,91106,Los Angeles,California
Pasadena,91107,Los Angeles,California
San Marino,91108,Los Angeles,California
Pasadena,91109,Los Angeles,California
Pasadena,91110,Los Angeles,California
Pasadena,91114,Los Angeles,California
Pasadena,91115,Los Angeles,California
Pasadena,91116,Los Angeles,California
Pasadena,91117,Los Angeles,California
San Marino,91118,Los Angeles,California
Pasadena,91121,Los Angeles,California
Pasadena,91123,Los Angeles,California
Pasadena,91124,Los Angeles,California
Pasadena,91125,Los Angeles,California
Pasadena,91126,Los Angeles,California
Pasadena,91129,Los Angeles,California
Pasadena,91131,Los Angeles,California
Pasadena,91182,Los Angeles,California
Pasadena,91184,Los Angeles,California
Pasadena,91185,Los Angeles,California
Pasadena,91188,Los Angeles,California
Pasadena,91189,Los Angeles,California
Pasadena,91191,Los Angeles,California
Pasadena,91199,Los Angeles,California
Glendale,91201,Los Angeles,California
Glendale,91202,Los Angeles,California
Glendale,91203,Los Angeles,California
Glendale,91204,Los Angeles,California
Glendale,91205,Los Angeles,California
Glendale,91206,Los Angeles,California
Glendale,91207,Los Angeles,California
Glendale,91208,Los Angeles,California
Glendale,91209,Los Angeles,California
Glendale,91210,Los Angeles,California
La Crescenta,91214,Los Angeles,California
Glendale,91221,Los Angeles,California
Glendale,91222,Los Angeles,California
La Crescenta,91224,Los Angeles,California
Glendale,91225,Los Angeles,California
Glendale,91226,Los Angeles,California
Agoura Hills,91301,Los Angeles,California
Calabasas,91302,Los Angeles,California
Canoga Park,91303,Los Angeles,California
Canoga Park,91304,Los Angeles,California
Canoga Park,91305,Los Angeles,California
Winnetka,91306,Los Angeles,California
West Hills,91307,Los Angeles,California
West Hills,91308,Los Angeles,California
Canoga Park,91309,Los Angeles,California
Castaic,91310,Los Angeles,California
Chatsworth,91311,Los Angeles,California
Chatsworth,91313,Los Angeles,California
Encino,91316,Los Angeles,California
Newhall,91321,Los Angeles,California
Newhall,91322,Los Angeles,California
Northridge,91324,Los Angeles,California
Northridge,91325,Los Angeles,California
Porter Ranch,91326,Los Angeles,California
Northridge,91327,Los Angeles,California
Northridge,91328,Los Angeles,California
Northridge,91329,Los Angeles,California
Northridge,91330,Los Angeles,California
Pacoima,91331,Los Angeles,California
Pacoima,91333,Los Angeles,California
Pacoima,91334,Los Angeles,California
Reseda,91335,Los Angeles,California
Reseda,91337,Los Angeles,California
San Fernando,91340,Los Angeles,California
San Fernando,91341,Los Angeles,California
Sylmar,91342,Los Angeles,California
North Hills,91343,Los Angeles,California
Granada Hills,91344,Los Angeles,California
Mission Hills,91345,Los Angeles,California
Mission Hills,91346,Los Angeles,California
Santa Clarita,91350,Los Angeles,California
Canyon Country,91351,Los Angeles,California
Sun Valley,91352,Los Angeles,California
Sun Valley,91353,Los Angeles,California
Valencia,91354,Los Angeles,California
Valencia,91355,Los Angeles,California
Tarzana,91356,Los Angeles,California
Tarzana,91357,Los Angeles,California
Westlake Village,91359,Los Angeles,California
Thousand Oaks,91363,Los Angeles,California
Woodland Hills,91364,Los Angeles,California
Woodland Hills,91365,Los Angeles,California
Woodland Hills,91367,Los Angeles,California
Woodland Hills,91371,Los Angeles,California
Calabasas,91372,Los Angeles,California
Agoura Hills,91376,Los Angeles,California
Santa Clarita,91380,Los Angeles,California
Stevenson Ranch,91381,Los Angeles,California
Santa Clarita,91382,Los Angeles,California
Santa Clarita,91383,Los Angeles,California
Castaic,91384,Los Angeles,California
Valencia,91385,Los Angeles,California
Canyon Country,91386,Los Angeles,California
Canyon Country,91387,Los Angeles,California
Van Nuys,91388,Los Angeles,California
Santa Clarita,91390,Los Angeles,California
Sylmar,91392,Los Angeles,California
North Hills,91393,Los Angeles,California
Granada Hills,91394,Los Angeles,California
Mission Hills,91395,Los Angeles,California
Winnetka,91396,Los Angeles,California
Woodland Hills,91399,Los Angeles,California
Van Nuys,91401,Los Angeles,California
Panorama City,91402,Los Angeles,California
Sherman Oaks,91403,Los Angeles,California
Van Nuys,91404,Los Angeles,California
Van Nuys,91405,Los Angeles,California
Van Nuys,91406,Los Angeles,California
Van Nuys,91407,Los Angeles,California
Van Nuys,91408,Los Angeles,California
Van Nuys,91409,Los Angeles,California
Van Nuys,91410,Los Angeles,California
Van Nuys,91411,Los Angeles,California
Panorama City,91412,Los Angeles,California
Sherman Oaks,91413,Los Angeles,California
Encino,91416,Los Angeles,California
Sherman Oaks,91423,Los Angeles,California
Encino,91426,Los Angeles,California
Encino,91436,Los Angeles,California
Van Nuys,91470,Los Angeles,California
Van Nuys,91482,Los Angeles,California
Sherman Oaks,91495,Los Angeles,California
Van Nuys,91496,Los Angeles,California
Van Nuys,91497,Los Angeles,California
Van Nuys,91499,Los Angeles,California
Burbank,91501,Los Angeles,California
Burbank,91502,Los Angeles,California
Burbank,91503,Los Angeles,California
Burbank,91504,Los Angeles,California
Burbank,91505,Los Angeles,California
Burbank,91506,Los Angeles,California
Burbank,91507,Los Angeles,California
Burbank,91508,Los Angeles,California
Burbank,91510,Los Angeles,California
Burbank,91521,Los Angeles,California
Burbank,91522,Los Angeles,California
Burbank,91523,Los Angeles,California
Burbank,91526,Los Angeles,California
North Hollywood,91601,Los Angeles,California
North Hollywood,91602,Los Angeles,California
North Hollywood,91603,Los Angeles,California
Studio City,91604,Los Angeles,California
North Hollywood,91605,Los Angeles,California
North Hollywood,91606,Los Angeles,California
Valley Village,91607,Los Angeles,California
Universal City,91608,Los Angeles,California
North Hollywood,91609,Los Angeles,California
Toluca Lake,91610,Los Angeles,California
North Hollywood,91611,Los Angeles,California
North Hollywood,91612,Los Angeles,California
Studio City,91614,Los Angeles,California
North Hollywood,91615,Los Angeles,California
North Hollywood,91616,Los Angeles,California
Valley Village,91617,Los Angeles,California
North Hollywood,91618,Los Angeles,California
Azusa,91702,Los Angeles,California
Baldwin Park,91706,Los Angeles,California
Claremont,91711,Los Angeles,California
City Of Industry,91714,Los Angeles,California
City Of Industry,91715,Los Angeles,California
City Of Industry,91716,Los Angeles,California
Covina,91722,Los Angeles,California
Covina,91723,Los Angeles,California
Covina,91724,Los Angeles,California
El Monte,91731,Los Angeles,California
El Monte,91732,Los Angeles,California
South El Monte,91733,Los Angeles,California
El Monte,91734,Los Angeles,California
El Monte,91735,Los Angeles,California
Glendora,91740,Los Angeles,California
Glendora,91741,Los Angeles,California
La Puente,91744,Los Angeles,California
Hacienda Heights,91745,Los Angeles,California
La Puente,91746,Los Angeles,California
La Puente,91747,Los Angeles,California
Rowland Heights,91748,Los Angeles,California
La Puente,91749,Los Angeles,California
La Verne,91750,Los Angeles,California
Monterey Park,91754,Los Angeles,California
Monterey Park,91755,Los Angeles,California
Monterey Park,91756,Los Angeles,California
Diamond Bar,91765,Los Angeles,California
Pomona,91766,Los Angeles,California
Pomona,91767,Los Angeles,California
Pomona,91768,Los Angeles,California
Pomona,91769,Los Angeles,California
Rosemead,91770,Los Angeles,California
Rosemead,91771,Los Angeles,California
Rosemead,91772,Los Angeles,California
San Dimas,91773,Los Angeles,California
San Gabriel,91775,Los Angeles,California
San Gabriel,91776,Los Angeles,California
San Gabriel,91778,Los Angeles,California
Temple City,91780,Los Angeles,California
Walnut,91788,Los Angeles,California
Walnut,91789,Los Angeles,California
West Covina,91790,Los Angeles,California
West Covina,91791,Los Angeles,California
West Covina,91792,Los Angeles,California
West Covina,91793,Los Angeles,California
Walnut,91795,Los Angeles,California
Pomona,91797,Los Angeles,California
Pomona,91799,Los Angeles,California
Alhambra,91801,Los Angeles,California
Alhambra,91802,Los Angeles,California
Alhambra,91803,Los Angeles,California
Alhambra,91804,Los Angeles,California
Alhambra,91841,Los Angeles,California
Alhambra,91896,Los Angeles,California
Alhambra,91899,Los Angeles,California
Lebec,93243,Los Angeles,California
Acton,93510,Los Angeles,California
Lake Hughes,93532,Los Angeles,California
Lancaster,93534,Los Angeles,California
Lancaster,93535,Los Angeles,California
Lancaster,93536,Los Angeles,California
Lancaster,93539,Los Angeles,California
Littlerock,93543,Los Angeles,California
Llano,93544,Los Angeles,California
Palmdale,93550,Los Angeles,California
Palmdale,93551,Los Angeles,California
Palmdale,93552,Los Angeles,California
Pearblossom,93553,Los Angeles,California
Valyermo,93563,Los Angeles,California
Lancaster,93584,Los Angeles,California
Lancaster,93586,Los Angeles,California
Palmdale,93590,Los Angeles,California
Palmdale,93591,Los Angeles,California
Palmdale,93599,Los Angeles,California
Ahwahnee,93601,Madera,California
Bass Lake,93604,Madera,California
Chowchilla,93610,Madera,California
Coarsegold,93614,Madera,California
Friant,93626,Madera,California
Madera,93636,Madera,California
Madera,93637,Madera,California
Madera,93638,Madera,California
Madera,93639,Madera,California
North Fork,93643,Madera,California
Oakhurst,93644,Madera,California
O Neals,93645,Madera,California
Raymond,93653,Madera,California
Wishon,93669,Madera,California
San Rafael,94901,Marin,California
San Rafael,94903,Marin,California
Greenbrae,94904,Marin,California
San Rafael,94912,Marin,California
San Rafael,94913,Marin,California
Kentfield,94914,Marin,California
San Rafael,94915,Marin,California
Belvedere Tiburon,94920,Marin,California
Bolinas,94924,Marin,California
Corte Madera,94925,Marin,California
Dillon Beach,94929,Marin,California
Fairfax,94930,Marin,California
Forest Knolls,94933,Marin,California
Inverness,94937,Marin,California
Lagunitas,94938,Marin,California
Larkspur,94939,Marin,California
Marshall,94940,Marin,California
Mill Valley,94941,Marin,California
Mill Valley,94942,Marin,California
Novato,94945,Marin,California
Nicasio,94946,Marin,California
Novato,94947,Marin,California
Novato,94948,Marin,California
Novato,94949,Marin,California
Olema,94950,Marin,California
Point Reyes Station,94956,Marin,California
Ross,94957,Marin,California
San Anselmo,94960,Marin,California
San Geronimo,94963,Marin,California
San Quentin,94964,Marin,California
Sausalito,94965,Marin,California
Sausalito,94966,Marin,California
Stinson Beach,94970,Marin,California
Tomales,94971,Marin,California
Woodacre,94973,Marin,California
San Quentin,94974,Marin,California
Corte Madera,94976,Marin,California
Larkspur,94977,Marin,California
Fairfax,94978,Marin,California
San Anselmo,94979,Marin,California
Novato,94998,Marin,California
Fish Camp,93623,Mariposa,California
Catheys Valley,95306,Mariposa,California
Coulterville,95311,Mariposa,California
El Portal,95318,Mariposa,California
Hornitos,95325,Mariposa,California
La Grange,95329,Mariposa,California
Mariposa,95338,Mariposa,California
Midpines,95345,Mariposa,California
Yosemite National Park,95389,Mariposa,California
Albion,95410,Mendocino,California
Boonville,95415,Mendocino,California
Branscomb,95417,Mendocino,California
Calpella,95418,Mendocino,California
Caspar,95420,Mendocino,California
Comptche,95427,Mendocino,California
Covelo,95428,Mendocino,California
Dos Rios,95429,Mendocino,California
Elk,95432,Mendocino,California
Fort Bragg,95437,Mendocino,California
Gualala,95445,Mendocino,California
Hopland,95449,Mendocino,California
Laytonville,95454,Mendocino,California
Little River,95456,Mendocino,California
Manchester,95459,Mendocino,California
Mendocino,95460,Mendocino,California
Navarro,95463,Mendocino,California
Philo,95466,Mendocino,California
Point Arena,95468,Mendocino,California
Redwood Valley,95470,Mendocino,California
Talmage,95481,Mendocino,California
Ukiah,95482,Mendocino,California
Westport,95488,Mendocino,California
Willits,95490,Mendocino,California
Yorkville,95494,Mendocino,California
Leggett,95585,Mendocino,California
Piercy,95587,Mendocino,California
Dos Palos,93620,Merced,California
Los Banos,93635,Merced,California
Santa Rita Park,93661,Merced,California
South Dos Palos,93665,Merced,California
Atwater,95301,Merced,California
Ballico,95303,Merced,California
Cressey,95312,Merced,California
Delhi,95315,Merced,California
El Nido,95317,Merced,California
Gustine,95322,Merced,California
Hilmar,95324,Merced,California
Le Grand,95333,Merced,California
Livingston,95334,Merced,California
Merced,95340,Merced,California
Merced,95341,Merced,California
Merced,95343,Merced,California
Merced,95344,Merced,California
Merced,95348,Merced,California
Planada,95365,Merced,California
Snelling,95369,Merced,California
Stevinson,95374,Merced,California
Winton,95388,Merced,California
Adin,96006,Modoc,California
Canby,96015,Modoc,California
Lookout,96054,Modoc,California
Alturas,96101,Modoc,California
Cedarville,96104,Modoc,California
Davis Creek,96108,Modoc,California
Eagleville,96110,Modoc,California
Fort Bidwell,96112,Modoc,California
Lake City,96115,Modoc,California
Likely,96116,Modoc,California
Benton,93512,Mono,California
Bridgeport,93517,Mono,California
June Lake,93529,Mono,California
Lee Vining,93541,Mono,California
Mammoth Lakes,93546,Mono,California
Coleville,96107,Mono,California
Topaz,96133,Mono,California
Bradley,93426,Monterey,California
San Ardo,93450,Monterey,California
Salinas,93901,Monterey,California
Salinas,93902,Monterey,California
Salinas,93905,Monterey,California
Salinas,93906,Monterey,California
Salinas,93907,Monterey,California
Salinas,93908,Monterey,California
Salinas,93912,Monterey,California
Salinas,93915,Monterey,California
Big Sur,93920,Monterey,California
Carmel By The Sea,93921,Monterey,California
Carmel,93922,Monterey,California
Carmel,93923,Monterey,California
Carmel Valley,93924,Monterey,California
Chualar,93925,Monterey,California
Gonzales,93926,Monterey,California
Greenfield,93927,Monterey,California
Jolon,93928,Monterey,California
King City,93930,Monterey,California
Lockwood,93932,Monterey,California
Marina,93933,Monterey,California
Monterey,93940,Monterey,California
Monterey,93942,Monterey,California
Monterey,93943,Monterey,California
Monterey,93944,Monterey,California
Pacific Grove,93950,Monterey,California
Pebble Beach,93953,Monterey,California
San Lucas,93954,Monterey,California
Seaside,93955,Monterey,California
Soledad,93960,Monterey,California
Spreckels,93962,Monterey,California
Aromas,95004,Monterey,California
Castroville,95012,Monterey,California
Moss Landing,95039,Monterey,California
American Canyon,94503,Napa,California
Angwin,94508,Napa,California
Calistoga,94515,Napa,California
Napa,94558,Napa,California
Napa,94559,Napa,California
Oakville,94562,Napa,California
Pope Valley,94567,Napa,California
Rutherford,94573,Napa,California
Saint Helena,94574,Napa,California
Deer Park,94576,Napa,California
Napa,94581,Napa,California
Yountville,94599,Napa,California
Chicago Park,95712,Nevada,California
Soda Springs,95728,Nevada,California
Cedar Ridge,95924,Nevada,California
Grass Valley,95945,Nevada,California
Penn Valley,95946,Nevada,California
Grass Valley,95949,Nevada,California
Nevada City,95959,Nevada,California
North San Juan,95960,Nevada,California
Rough And Ready,95975,Nevada,California
Washington,95986,Nevada,California
Floriston,96111,Nevada,California
Truckee,96160,Nevada,California
Truckee,96161,Nevada,California
Buena Park,90620,Orange,California
Buena Park,90621,Orange,California
Buena Park,90622,Orange,California
La Palma,90623,Orange,California
Buena Park,90624,Orange,California
Cypress,90630,Orange,California
La Habra,90631,Orange,California
La Habra,90632,Orange,California
La Habra,90633,Orange,California
Stanton,90680,Orange,California
Los Alamitos,90720,Orange,California
Los Alamitos,90721,Orange,California
Seal Beach,90740,Orange,California
Sunset Beach,90742,Orange,California
Surfside,90743,Orange,California
Irvine,92602,Orange,California
Irvine,92603,Orange,California
Irvine,92604,Orange,California
Huntington Beach,92605,Orange,California
Irvine,92606,Orange,California
Laguna Niguel,92607,Orange,California
El Toro,92609,Orange,California
Foothill Ranch,92610,Orange,California
Irvine,92612,Orange,California
Irvine,92614,Orange,California
Huntington Beach,92615,Orange,California
Irvine,92616,Orange,California
Irvine,92617,Orange,California
Irvine,92618,Orange,California
Irvine,92619,Orange,California
Irvine,92620,Orange,California
Irvine,92623,Orange,California
Capistrano Beach,92624,Orange,California
Corona Del Mar,92625,Orange,California
Costa Mesa,92626,Orange,California
Costa Mesa,92627,Orange,California
Costa Mesa,92628,Orange,California
Dana Point,92629,Orange,California
Lake Forest,92630,Orange,California
Laguna Woods,92637,Orange,California
Huntington Beach,92646,Orange,California
Huntington Beach,92647,Orange,California
Huntington Beach,92648,Orange,California
Huntington Beach,92649,Orange,California
East Irvine,92650,Orange,California
Laguna Beach,92651,Orange,California
Laguna Beach,92652,Orange,California
Laguna Hills,92653,Orange,California
Laguna Hills,92654,Orange,California
Midway City,92655,Orange,California
Aliso Viejo,92656,Orange,California
Newport Coast,92657,Orange,California
Newport Beach,92658,Orange,California
Newport Beach,92659,Orange,California
Newport Beach,92660,Orange,California
Newport Beach,92661,Orange,California
Newport Beach,92662,Orange,California
Newport Beach,92663,Orange,California
San Clemente,92672,Orange,California
San Clemente,92673,Orange,California
San Clemente,92674,Orange,California
San Juan Capistrano,92675,Orange,California
Silverado,92676,Orange,California
Laguna Niguel,92677,Orange,California
Trabuco Canyon,92678,Orange,California
Trabuco Canyon,92679,Orange,California
Westminster,92683,Orange,California
Westminster,92684,Orange,California
Westminster,92685,Orange,California
Rancho Santa Margarita,92688,Orange,California
Mission Viejo,92690,Orange,California
Mission Viejo,92691,Orange,California
Mission Viejo,92692,Orange,California
San Juan Capistrano,92693,Orange,California
Ladera Ranch,92694,Orange,California
Irvine,92697,Orange,California
Aliso Viejo,92698,Orange,California
Santa Ana,92701,Orange,California
Santa Ana,92702,Orange,California
Santa Ana,92703,Orange,California
Santa Ana,92704,Orange,California
Santa Ana,92705,Orange,California
Santa Ana,92706,Orange,California
Santa Ana,92707,Orange,California
Fountain Valley,92708,Orange,California
Irvine,92709,Orange,California
Irvine,92710,Orange,California
Santa Ana,92711,Orange,California
Santa Ana,92712,Orange,California
Santa Ana,92725,Orange,California
Fountain Valley,92728,Orange,California
Santa Ana,92735,Orange,California
Tustin,92780,Orange,California
Tustin,92781,Orange,California
Tustin,92782,Orange,California
Santa Ana,92799,Orange,California
Anaheim,92801,Orange,California
Anaheim,92802,Orange,California
Anaheim,92803,Orange,California
Anaheim,92804,Orange,California
Anaheim,92805,Orange,California
Anaheim,92806,Orange,California
Anaheim,92807,Orange,California
Anaheim,92808,Orange,California
Anaheim,92809,Orange,California
Atwood,92811,Orange,California
Anaheim,92812,Orange,California
Anaheim,92814,Orange,California
Anaheim,92815,Orange,California
Anaheim,92816,Orange,California
Anaheim,92817,Orange,California
Brea,92821,Orange,California
Brea,92822,Orange,California
Brea,92823,Orange,California
Anaheim,92825,Orange,California
Fullerton,92831,Orange,California
Fullerton,92832,Orange,California
Fullerton,92833,Orange,California
Fullerton,92834,Orange,California
Fullerton,92835,Orange,California
Fullerton,92836,Orange,California
Fullerton,92837,Orange,California
Fullerton,92838,Orange,California
Garden Grove,92840,Orange,California
Garden Grove,92841,Orange,California
Garden Grove,92842,Orange,California
Garden Grove,92843,Orange,California
Garden Grove,92844,Orange,California
Garden Grove,92845,Orange,California
Garden Grove,92846,Orange,California
Anaheim,92850,Orange,California
Orange,92856,Orange,California
Orange,92857,Orange,California
Orange,92859,Orange,California
Villa Park,92861,Orange,California
Orange,92862,Orange,California
Orange,92863,Orange,California
Orange,92864,Orange,California
Orange,92865,Orange,California
Orange,92866,Orange,California
Orange,92867,Orange,California
Orange,92868,Orange,California
Orange,92869,Orange,California
Placentia,92870,Orange,California
Placentia,92871,Orange,California
Yorba Linda,92885,Orange,California
Yorba Linda,92886,Orange,California
Yorba Linda,92887,Orange,California
Anaheim,92899,Orange,California
Auburn,95602,Placer,California
Auburn,95603,Placer,California
Auburn,95604,Placer,California
Foresthill,95631,Placer,California
Lincoln,95648,Placer,California
Loomis,95650,Placer,California
Newcastle,95658,Placer,California
Roseville,95661,Placer,California
Penryn,95663,Placer,California
Rocklin,95677,Placer,California
Roseville,95678,Placer,California
Sheridan,95681,Placer,California
Alta,95701,Placer,California
Applegate,95703,Placer,California
Colfax,95713,Placer,California
Dutch Flat,95714,Placer,California
Emigrant Gap,95715,Placer,California
Gold Run,95717,Placer,California
Meadow Vista,95722,Placer,California
Norden,95724,Placer,California
Weimar,95736,Placer,California
Granite Bay,95746,Placer,California
Roseville,95747,Placer,California
Rocklin,95765,Placer,California
Carnelian Bay,96140,Placer,California
Homewood,96141,Placer,California
Kings Beach,96143,Placer,California
Tahoe City,96145,Placer,California
Olympic Valley,96146,Placer,California
Tahoe Vista,96148,Placer,California
Truckee,96162,Placer,California
Belden,95915,Plumas,California
Canyon Dam,95923,Plumas,California
Crescent Mills,95934,Plumas,California
Greenville,95947,Plumas,California
Meadow Valley,95956,Plumas,California
Quincy,95971,Plumas,California
Storrie,95980,Plumas,California
Strawberry Valley,95981,Plumas,California
Taylorsville,95983,Plumas,California
Twain,95984,Plumas,California
Chester,96020,Plumas,California
Blairsden-graeagle,96103,Plumas,California
Chilcoot,96105,Plumas,California
Clio,96106,Plumas,California
Milford,96121,Plumas,California
Portola,96122,Plumas,California
Beckwourth,96129,Plumas,California
Vinton,96135,Plumas,California
Mira Loma,91752,Riverside,California
Indio,92201,Riverside,California
Indio,92202,Riverside,California
Indio,92203,Riverside,California
Indian Wells,92210,Riverside,California
Palm Desert,92211,Riverside,California
Banning,92220,Riverside,California
Beaumont,92223,Riverside,California
Blythe,92225,Riverside,California
Blythe,92226,Riverside,California
Cabazon,92230,Riverside,California
Cathedral City,92234,Riverside,California
Cathedral City,92235,Riverside,California
Coachella,92236,Riverside,California
Desert Center,92239,Riverside,California
Desert Hot Springs,92240,Riverside,California
Desert Hot Springs,92241,Riverside,California
La Quinta,92247,Riverside,California
La Quinta,92248,Riverside,California
La Quinta,92253,Riverside,California
Mecca,92254,Riverside,California
Palm Desert,92255,Riverside,California
North Palm Springs,92258,Riverside,California
Palm Desert,92260,Riverside,California
Palm Desert,92261,Riverside,California
Palm Springs,92262,Riverside,California
Palm Springs,92263,Riverside,California
Palm Springs,92264,Riverside,California
Rancho Mirage,92270,Riverside,California
Thousand Palms,92276,Riverside,California
Whitewater,92282,Riverside,California
Palm Springs,92292,Riverside,California
Calimesa,92320,Riverside,California
Riverside,92501,Riverside,California
Riverside,92502,Riverside,California
Riverside,92503,Riverside,California
Riverside,92504,Riverside,California
Riverside,92505,Riverside,California
Riverside,92506,Riverside,California
Riverside,92507,Riverside,California
Riverside,92508,Riverside,California
Riverside,92509,Riverside,California
Riverside,92513,Riverside,California
Riverside,92514,Riverside,California
Riverside,92515,Riverside,California
Riverside,92516,Riverside,California
Riverside,92517,Riverside,California
March Air Reserve Base,92518,Riverside,California
Riverside,92519,Riverside,California
Riverside,92521,Riverside,California
Riverside,92522,Riverside,California
Lake Elsinore,92530,Riverside,California
Lake Elsinore,92531,Riverside,California
Lake Elsinore,92532,Riverside,California
Aguanga,92536,Riverside,California
Anza,92539,Riverside,California
Hemet,92543,Riverside,California
Hemet,92544,Riverside,California
Hemet,92545,Riverside,California
Hemet,92546,Riverside,California
Homeland,92548,Riverside,California
Idyllwild,92549,Riverside,California
Moreno Valley,92551,Riverside,California
Moreno Valley,92552,Riverside,California
Moreno Valley,92553,Riverside,California
Moreno Valley,92554,Riverside,California
Moreno Valley,92555,Riverside,California
Moreno Valley,92556,Riverside,California
Moreno Valley,92557,Riverside,California
Mountain Center,92561,Riverside,California
Murrieta,92562,Riverside,California
Murrieta,92563,Riverside,California
Murrieta,92564,Riverside,California
Nuevo,92567,Riverside,California
Perris,92570,Riverside,California
Perris,92571,Riverside,California
Perris,92572,Riverside,California
San Jacinto,92581,Riverside,California
San Jacinto,92582,Riverside,California
San Jacinto,92583,Riverside,California
Menifee,92584,Riverside,California
Sun City,92585,Riverside,California
Sun City,92586,Riverside,California
Sun City,92587,Riverside,California
Temecula,92589,Riverside,California
Temecula,92590,Riverside,California
Temecula,92591,Riverside,California
Temecula,92592,Riverside,California
Temecula,92593,Riverside,California
Wildomar,92595,Riverside,California
Winchester,92596,Riverside,California
Perris,92599,Riverside,California
Norco,92860,Riverside,California
Corona,92877,Riverside,California
Corona,92878,Riverside,California
Corona,92879,Riverside,California
Corona,92880,Riverside,California
Corona,92881,Riverside,California
Corona,92882,Riverside,California
Corona,92883,Riverside,California
Sacramento,94203,Sacramento,California
Sacramento,94204,Sacramento,California
Sacramento,94205,Sacramento,California
Sacramento,94206,Sacramento,California
Sacramento,94207,Sacramento,California
Sacramento,94208,Sacramento,California
Sacramento,94209,Sacramento,California
Sacramento,94211,Sacramento,California
Sacramento,94229,Sacramento,California
Sacramento,94230,Sacramento,California
Sacramento,94232,Sacramento,California
Sacramento,94234,Sacramento,California
Sacramento,94235,Sacramento,California
Sacramento,94236,Sacramento,California
Sacramento,94237,Sacramento,California
Sacramento,94239,Sacramento,California
Sacramento,94240,Sacramento,California
Sacramento,94244,Sacramento,California
Sacramento,94245,Sacramento,California
Sacramento,94246,Sacramento,California
Sacramento,94247,Sacramento,California
Sacramento,94248,Sacramento,California
Sacramento,94249,Sacramento,California
Sacramento,94250,Sacramento,California
Sacramento,94252,Sacramento,California
Sacramento,94254,Sacramento,California
Sacramento,94256,Sacramento,California
Sacramento,94257,Sacramento,California
Sacramento,94258,Sacramento,California
Sacramento,94259,Sacramento,California
Sacramento,94261,Sacramento,California
Sacramento,94262,Sacramento,California
Sacramento,94263,Sacramento,California
Sacramento,94267,Sacramento,California
Sacramento,94268,Sacramento,California
Sacramento,94269,Sacramento,California
Sacramento,94271,Sacramento,California
Sacramento,94273,Sacramento,California
Sacramento,94274,Sacramento,California
Sacramento,94277,Sacramento,California
Sacramento,94278,Sacramento,California
Sacramento,94279,Sacramento,California
Sacramento,94280,Sacramento,California
Sacramento,94282,Sacramento,California
Sacramento,94283,Sacramento,California
Sacramento,94284,Sacramento,California
Sacramento,94285,Sacramento,California
Sacramento,94286,Sacramento,California
Sacramento,94287,Sacramento,California
Sacramento,94288,Sacramento,California
Sacramento,94289,Sacramento,California
Sacramento,94290,Sacramento,California
Sacramento,94291,Sacramento,California
Sacramento,94293,Sacramento,California
Sacramento,94294,Sacramento,California
Sacramento,94295,Sacramento,California
Sacramento,94296,Sacramento,California
Sacramento,94297,Sacramento,California
Sacramento,94298,Sacramento,California
Sacramento,94299,Sacramento,California
Carmichael,95608,Sacramento,California
Carmichael,95609,Sacramento,California
Citrus Heights,95610,Sacramento,California
Citrus Heights,95611,Sacramento,California
Courtland,95615,Sacramento,California
Citrus Heights,95621,Sacramento,California
Elk Grove,95624,Sacramento,California
Elverta,95626,Sacramento,California
Fair Oaks,95628,Sacramento,California
Folsom,95630,Sacramento,California
Galt,95632,Sacramento,California
Herald,95638,Sacramento,California
Hood,95639,Sacramento,California
Isleton,95641,Sacramento,California
Mcclellan,95652,Sacramento,California
Mather,95655,Sacramento,California
North Highlands,95660,Sacramento,California
Orangevale,95662,Sacramento,California
Rancho Cordova,95670,Sacramento,California
Represa,95671,Sacramento,California
Rio Linda,95673,Sacramento,California
Ryde,95680,Sacramento,California
Sloughhouse,95683,Sacramento,California
Walnut Grove,95690,Sacramento,California
Wilton,95693,Sacramento,California
Rancho Cordova,95741,Sacramento,California
Rancho Cordova,95742,Sacramento,California
Elk Grove,95757,Sacramento,California
Elk Grove,95758,Sacramento,California
Elk Grove,95759,Sacramento,California
Folsom,95763,Sacramento,California
Sacramento,95811,Sacramento,California
Sacramento,95812,Sacramento,California
Sacramento,95813,Sacramento,California
Sacramento,95814,Sacramento,California
Sacramento,95815,Sacramento,California
Sacramento,95816,Sacramento,California
Sacramento,95817,Sacramento,California
Sacramento,95818,Sacramento,California
Sacramento,95819,Sacramento,California
Sacramento,95820,Sacramento,California
Sacramento,95821,Sacramento,California
Sacramento,95822,Sacramento,California
Sacramento,95823,Sacramento,California
Sacramento,95824,Sacramento,California
Sacramento,95825,Sacramento,California
Sacramento,95826,Sacramento,California
Sacramento,95827,Sacramento,California
Sacramento,95828,Sacramento,California
Sacramento,95829,Sacramento,California
Sacramento,95830,Sacramento,California
Sacramento,95831,Sacramento,California
Sacramento,95832,Sacramento,California
Sacramento,95833,Sacramento,California
Sacramento,95834,Sacramento,California
Sacramento,95835,Sacramento,California
Sacramento,95836,Sacramento,California
Sacramento,95837,Sacramento,California
Sacramento,95838,Sacramento,California
Sacramento,95840,Sacramento,California
Sacramento,95841,Sacramento,California
Sacramento,95842,Sacramento,California
Antelope,95843,Sacramento,California
Sacramento,95851,Sacramento,California
Sacramento,95852,Sacramento,California
Sacramento,95853,Sacramento,California
Sacramento,95860,Sacramento,California
Sacramento,95864,Sacramento,California
Sacramento,95865,Sacramento,California
Sacramento,95866,Sacramento,California
Sacramento,95867,Sacramento,California
Sacramento,95887,Sacramento,California
Sacramento,95894,Sacramento,California
Sacramento,95899,Sacramento,California
Hollister,95023,San Benito,California
Hollister,95024,San Benito,California
Paicines,95043,San Benito,California
San Juan Bautista,95045,San Benito,California
Tres Pinos,95075,San Benito,California
Rancho Cucamonga,91701,San Bernardino,California
Chino,91708,San Bernardino,California
Chino Hills,91709,San Bernardino,California
Chino,91710,San Bernardino,California
Rancho Cucamonga,91729,San Bernardino,California
Rancho Cucamonga,91730,San Bernardino,California
Rancho Cucamonga,91737,San Bernardino,California
Rancho Cucamonga,91739,San Bernardino,California
Guasti,91743,San Bernardino,California
Ontario,91758,San Bernardino,California
Mt Baldy,91759,San Bernardino,California
Ontario,91761,San Bernardino,California
Ontario,91762,San Bernardino,California
Montclair,91763,San Bernardino,California
Ontario,91764,San Bernardino,California
Upland,91784,San Bernardino,California
Upland,91785,San Bernardino,California
Upland,91786,San Bernardino,California
Ontario,91798,San Bernardino,California
Earp,92242,San Bernardino,California
Joshua Tree,92252,San Bernardino,California
Morongo Valley,92256,San Bernardino,California
Parker Dam,92267,San Bernardino,California
Pioneertown,92268,San Bernardino,California
Twentynine Palms,92277,San Bernardino,California
Twentynine Palms,92278,San Bernardino,California
Vidal,92280,San Bernardino,California
Yucca Valley,92284,San Bernardino,California
Landers,92285,San Bernardino,California
Yucca Valley,92286,San Bernardino,California
Adelanto,92301,San Bernardino,California
Amboy,92304,San Bernardino,California
Angelus Oaks,92305,San Bernardino,California
Apple Valley,92307,San Bernardino,California
Apple Valley,92308,San Bernardino,California
Baker,92309,San Bernardino,California
Fort Irwin,92310,San Bernardino,California
Barstow,92311,San Bernardino,California
Barstow,92312,San Bernardino,California
Grand Terrace,92313,San Bernardino,California
Big Bear City,92314,San Bernardino,California
Big Bear Lake,92315,San Bernardino,California
Bloomington,92316,San Bernardino,California
Blue Jay,92317,San Bernardino,California
Bryn Mawr,92318,San Bernardino,California
Cedar Glen,92321,San Bernardino,California
Cedarpines Park,92322,San Bernardino,California
Cima,92323,San Bernardino,California
Colton,92324,San Bernardino,California
Crestline,92325,San Bernardino,California
Crest Park,92326,San Bernardino,California
Daggett,92327,San Bernardino,California
Phelan,92329,San Bernardino,California
Fontana,92331,San Bernardino,California
Essex,92332,San Bernardino,California
Fawnskin,92333,San Bernardino,California
Fontana,92334,San Bernardino,California
Fontana,92335,San Bernardino,California
Fontana,92336,San Bernardino,California
Fontana,92337,San Bernardino,California
Ludlow,92338,San Bernardino,California
Forest Falls,92339,San Bernardino,California
Hesperia,92340,San Bernardino,California
Green Valley Lake,92341,San Bernardino,California
Helendale,92342,San Bernardino,California
Hesperia,92344,San Bernardino,California
Hesperia,92345,San Bernardino,California
Highland,92346,San Bernardino,California
Hinkley,92347,San Bernardino,California
Loma Linda,92350,San Bernardino,California
Lake Arrowhead,92352,San Bernardino,California
Loma Linda,92354,San Bernardino,California
Lucerne Valley,92356,San Bernardino,California
Loma Linda,92357,San Bernardino,California
Lytle Creek,92358,San Bernardino,California
Mentone,92359,San Bernardino,California
Needles,92363,San Bernardino,California
Nipton,92364,San Bernardino,California
Newberry Springs,92365,San Bernardino,California
Mountain Pass,92366,San Bernardino,California
Oro Grande,92368,San Bernardino,California
Patton,92369,San Bernardino,California
Phelan,92371,San Bernardino,California
Pinon Hills,92372,San Bernardino,California
Redlands,92373,San Bernardino,California
Redlands,92374,San Bernardino,California
Redlands,92375,San Bernardino,California
Rialto,92376,San Bernardino,California
Rialto,92377,San Bernardino,California
Rimforest,92378,San Bernardino,California
Running Springs,92382,San Bernardino,California
Skyforest,92385,San Bernardino,California
Sugarloaf,92386,San Bernardino,California
Twin Peaks,92391,San Bernardino,California
Victorville,92392,San Bernardino,California
Victorville,92393,San Bernardino,California
Victorville,92394,San Bernardino,California
Victorville,92395,San Bernardino,California
Wrightwood,92397,San Bernardino,California
Yermo,92398,San Bernardino,California
Yucaipa,92399,San Bernardino,California
San Bernardino,92401,San Bernardino,California
San Bernardino,92402,San Bernardino,California
San Bernardino,92403,San Bernardino,California
San Bernardino,92404,San Bernardino,California
San Bernardino,92405,San Bernardino,California
San Bernardino,92406,San Bernardino,California
San Bernardino,92407,San Bernardino,California
San Bernardino,92408,San Bernardino,California
San Bernardino,92410,San Bernardino,California
San Bernardino,92411,San Bernardino,California
San Bernardino,92412,San Bernardino,California
San Bernardino,92413,San Bernardino,California
San Bernardino,92414,San Bernardino,California
San Bernardino,92415,San Bernardino,California
San Bernardino,92418,San Bernardino,California
San Bernardino,92423,San Bernardino,California
San Bernardino,92424,San Bernardino,California
San Bernardino,92427,San Bernardino,California
Red Mountain,93558,San Bernardino,California
Trona,93592,San Bernardino,California
Alpine,91901,San Diego,California
Bonita,91902,San Diego,California
Alpine,91903,San Diego,California
Boulevard,91905,San Diego,California
Campo,91906,San Diego,California
Bonita,91908,San Diego,California
Chula Vista,91909,San Diego,California
Chula Vista,91910,San Diego,California
Chula Vista,91911,San Diego,California
Chula Vista,91912,San Diego,California
Chula Vista,91913,San Diego,California
Chula Vista,91914,San Diego,California
Chula Vista,91915,San Diego,California
Descanso,91916,San Diego,California
Dulzura,91917,San Diego,California
Chula Vista,91921,San Diego,California
Guatay,91931,San Diego,California
Imperial Beach,91932,San Diego,California
Imperial Beach,91933,San Diego,California
Jacumba,91934,San Diego,California
Jamul,91935,San Diego,California
La Mesa,91941,San Diego,California
La Mesa,91942,San Diego,California
La Mesa,91943,San Diego,California
La Mesa,91944,San Diego,California
Lemon Grove,91945,San Diego,California
Lemon Grove,91946,San Diego,California
Lincoln Acres,91947,San Diego,California
Mount Laguna,91948,San Diego,California
National City,91950,San Diego,California
National City,91951,San Diego,California
Pine Valley,91962,San Diego,California
Potrero,91963,San Diego,California
Spring Valley,91976,San Diego,California
Spring Valley,91977,San Diego,California
Spring Valley,91978,San Diego,California
Spring Valley,91979,San Diego,California
Tecate,91980,San Diego,California
Tecate,91987,San Diego,California
Potrero,91990,San Diego,California
Bonsall,92003,San Diego,California
Borrego Springs,92004,San Diego,California
Cardiff By The Sea,92007,San Diego,California
Carlsbad,92008,San Diego,California
Carlsbad,92009,San Diego,California
Carlsbad,92010,San Diego,California
Carlsbad,92011,San Diego,California
Carlsbad,92013,San Diego,California
Del Mar,92014,San Diego,California
Carlsbad,92018,San Diego,California
El Cajon,92019,San Diego,California
El Cajon,92020,San Diego,California
El Cajon,92021,San Diego,California
El Cajon,92022,San Diego,California
Encinitas,92023,San Diego,California
Encinitas,92024,San Diego,California
Escondido,92025,San Diego,California
Escondido,92026,San Diego,California
Escondido,92027,San Diego,California
Fallbrook,92028,San Diego,California
Escondido,92029,San Diego,California
Escondido,92030,San Diego,California
Escondido,92033,San Diego,California
Julian,92036,San Diego,California
La Jolla,92037,San Diego,California
La Jolla,92038,San Diego,California
La Jolla,92039,San Diego,California
Lakeside,92040,San Diego,California
Escondido,92046,San Diego,California
Oceanside,92049,San Diego,California
Oceanside,92051,San Diego,California
Oceanside,92052,San Diego,California
Oceanside,92054,San Diego,California
Camp Pendleton,92055,San Diego,California
Oceanside,92056,San Diego,California
Oceanside,92057,San Diego,California
Oceanside,92058,San Diego,California
Pala,92059,San Diego,California
Palomar Mountain,92060,San Diego,California
Pauma Valley,92061,San Diego,California
Poway,92064,San Diego,California
Ramona,92065,San Diego,California
Ranchita,92066,San Diego,California
Rancho Santa Fe,92067,San Diego,California
San Luis Rey,92068,San Diego,California
San Marcos,92069,San Diego,California
Santa Ysabel,92070,San Diego,California
Santee,92071,San Diego,California
Santee,92072,San Diego,California
Poway,92074,San Diego,California
Solana Beach,92075,San Diego,California
San Marcos,92078,San Diego,California
San Marcos,92079,San Diego,California
Vista,92081,San Diego,California
Valley Center,92082,San Diego,California
Vista,92083,San Diego,California
Vista,92084,San Diego,California
Vista,92085,San Diego,California
Warner Springs,92086,San Diego,California
Fallbrook,92088,San Diego,California
El Cajon,92090,San Diego,California
Rancho Santa Fe,92091,San Diego,California
La Jolla,92092,San Diego,California
La Jolla,92093,San Diego,California
San Marcos,92096,San Diego,California
San Diego,92101,San Diego,California
San Diego,92102,San Diego,California
San Diego,92103,San Diego,California
San Diego,92104,San Diego,California
San Diego,92105,San Diego,California
San Diego,92106,San Diego,California
San Diego,92107,San Diego,California
San Diego,92108,San Diego,California
San Diego,92109,San Diego,California
San Diego,92110,San Diego,California
San Diego,92111,San Diego,California
San Diego,92112,San Diego,California
San Diego,92113,San Diego,California
San Diego,92114,San Diego,California
San Diego,92115,San Diego,California
San Diego,92116,San Diego,California
San Diego,92117,San Diego,California
Coronado,92118,San Diego,California
San Diego,92119,San Diego,California
San Diego,92120,San Diego,California
San Diego,92121,San Diego,California
San Diego,92122,San Diego,California
San Diego,92123,San Diego,California
San Diego,92124,San Diego,California
San Diego,92126,San Diego,California
San Diego,92127,San Diego,California
San Diego,92128,San Diego,California
San Diego,92129,San Diego,California
San Diego,92130,San Diego,California
San Diego,92131,San Diego,California
San Diego,92132,San Diego,California
San Diego,92133,San Diego,California
San Diego,92134,San Diego,California
San Diego,92135,San Diego,California
San Diego,92136,San Diego,California
San Diego,92137,San Diego,California
San Diego,92138,San Diego,California
San Diego,92139,San Diego,California
San Diego,92140,San Diego,California
San Diego,92142,San Diego,California
San Ysidro,92143,San Diego,California
San Diego,92145,San Diego,California
San Diego,92147,San Diego,California
San Diego,92149,San Diego,California
San Diego,92150,San Diego,California
San Diego,92152,San Diego,California
San Diego,92153,San Diego,California
San Diego,92154,San Diego,California
San Diego,92155,San Diego,California
San Diego,92158,San Diego,California
San Diego,92159,San Diego,California
San Diego,92160,San Diego,California
San Diego,92161,San Diego,California
San Diego,92162,San Diego,California
San Diego,92163,San Diego,California
San Diego,92164,San Diego,California
San Diego,92165,San Diego,California
San Diego,92166,San Diego,California
San Diego,92167,San Diego,California
San Diego,92168,San Diego,California
San Diego,92169,San Diego,California
San Diego,92170,San Diego,California
San Diego,92171,San Diego,California
San Diego,92172,San Diego,California
San Ysidro,92173,San Diego,California
San Diego,92174,San Diego,California
San Diego,92175,San Diego,California
San Diego,92176,San Diego,California
San Diego,92177,San Diego,California
Coronado,92178,San Diego,California
San Diego,92179,San Diego,California
San Diego,92182,San Diego,California
San Diego,92184,San Diego,California
San Diego,92186,San Diego,California
San Diego,92187,San Diego,California
San Diego,92190,San Diego,California
San Diego,92191,San Diego,California
San Diego,92192,San Diego,California
San Diego,92193,San Diego,California
San Diego,92194,San Diego,California
San Diego,92195,San Diego,California
San Diego,92196,San Diego,California
San Diego,92197,San Diego,California
San Diego,92198,San Diego,California
San Diego,92199,San Diego,California
San Francisco,94101,San Francisco,California
San Francisco,94102,San Francisco,California
San Francisco,94103,San Francisco,California
San Francisco,94104,San Francisco,California
San Francisco,94105,San Francisco,California
San Francisco,94106,San Francisco,California
San Francisco,94107,San Francisco,California
San Francisco,94108,San Francisco,California
San Francisco,94109,San Francisco,California
San Francisco,94110,San Francisco,California
San Francisco,94111,San Francisco,California
San Francisco,94112,San Francisco,California
San Francisco,94114,San Francisco,California
San Francisco,94115,San Francisco,California
San Francisco,94116,San Francisco,California
San Francisco,94117,San Francisco,California
San Francisco,94118,San Francisco,California
San Francisco,94119,San Francisco,California
San Francisco,94120,San Francisco,California
San Francisco,94121,San Francisco,California
San Francisco,94122,San Francisco,California
San Francisco,94123,San Francisco,California
San Francisco,94124,San Francisco,California
San Francisco,94125,San Francisco,California
San Francisco,94126,San Francisco,California
San Francisco,94127,San Francisco,California
San Francisco,94128,San Francisco,California
San Francisco,94129,San Francisco,California
San Francisco,94130,San Francisco,California
San Francisco,94131,San Francisco,California
San Francisco,94132,San Francisco,California
San Francisco,94133,San Francisco,California
San Francisco,94134,San Francisco,California
San Francisco,94135,San Francisco,California
San Francisco,94136,San Francisco,California
San Francisco,94137,San Francisco,California
San Francisco,94138,San Francisco,California
San Francisco,94139,San Francisco,California
San Francisco,94140,San Francisco,California
San Francisco,94141,San Francisco,California
San Francisco,94142,San Francisco,California
San Francisco,94143,San Francisco,California
San Francisco,94144,San Francisco,California
San Francisco,94145,San Francisco,California
San Francisco,94146,San Francisco,California
San Francisco,94147,San Francisco,California
San Francisco,94150,San Francisco,California
San Francisco,94151,San Francisco,California
San Francisco,94152,San Francisco,California
San Francisco,94153,San Francisco,California
San Francisco,94154,San Francisco,California
San Francisco,94155,San Francisco,California
San Francisco,94156,San Francisco,California
San Francisco,94158,San Francisco,California
San Francisco,94159,San Francisco,California
San Francisco,94160,San Francisco,California
San Francisco,94161,San Francisco,California
San Francisco,94162,San Francisco,California
San Francisco,94163,San Francisco,California
San Francisco,94164,San Francisco,California
San Francisco,94171,San Francisco,California
San Francisco,94172,San Francisco,California
San Francisco,94175,San Francisco,California
San Francisco,94177,San Francisco,California
San Francisco,94188,San Francisco,California
San Francisco,94199,San Francisco,California
Stockton,95201,San Joaquin,California
Stockton,95202,San Joaquin,California
Stockton,95203,San Joaquin,California
Stockton,95204,San Joaquin,California
Stockton,95205,San Joaquin,California
Stockton,95206,San Joaquin,California
Stockton,95207,San Joaquin,California
Stockton,95208,San Joaquin,California
Stockton,95209,San Joaquin,California
Stockton,95210,San Joaquin,California
Stockton,95211,San Joaquin,California
Stockton,95212,San Joaquin,California
Stockton,95213,San Joaquin,California
Stockton,95215,San Joaquin,California
Stockton,95219,San Joaquin,California
Acampo,95220,San Joaquin,California
Clements,95227,San Joaquin,California
French Camp,95231,San Joaquin,California
Holt,95234,San Joaquin,California
Linden,95236,San Joaquin,California
Lockeford,95237,San Joaquin,California
Lodi,95240,San Joaquin,California
Lodi,95241,San Joaquin,California
Lodi,95242,San Joaquin,California
Victor,95253,San Joaquin,California
Woodbridge,95258,San Joaquin,California
Stockton,95267,San Joaquin,California
Stockton,95269,San Joaquin,California
Stockton,95296,San Joaquin,California
Stockton,95297,San Joaquin,California
Tracy,95304,San Joaquin,California
Escalon,95320,San Joaquin,California
Lathrop,95330,San Joaquin,California
Manteca,95336,San Joaquin,California
Manteca,95337,San Joaquin,California
Ripon,95366,San Joaquin,California
Tracy,95376,San Joaquin,California
Tracy,95377,San Joaquin,California
Tracy,95378,San Joaquin,California
Tracy,95391,San Joaquin,California
Thornton,95686,San Joaquin,California
San Luis Obispo,93401,San Luis Obispo,California
Los Osos,93402,San Luis Obispo,California
San Luis Obispo,93403,San Luis Obispo,California
San Luis Obispo,93405,San Luis Obispo,California
San Luis Obispo,93406,San Luis Obispo,California
San Luis Obispo,93407,San Luis Obispo,California
San Luis Obispo,93408,San Luis Obispo,California
San Luis Obispo,93409,San Luis Obispo,California
San Luis Obispo,93410,San Luis Obispo,California
Los Osos,93412,San Luis Obispo,California
Arroyo Grande,93420,San Luis Obispo,California
Arroyo Grande,93421,San Luis Obispo,California
Atascadero,93422,San Luis Obispo,California
Atascadero,93423,San Luis Obispo,California
Avila Beach,93424,San Luis Obispo,California
Cambria,93428,San Luis Obispo,California
Cayucos,93430,San Luis Obispo,California
Creston,93432,San Luis Obispo,California
Grover Beach,93433,San Luis Obispo,California
Harmony,93435,San Luis Obispo,California
Morro Bay,93442,San Luis Obispo,California
Morro Bay,93443,San Luis Obispo,California
Nipomo,93444,San Luis Obispo,California
Oceano,93445,San Luis Obispo,California
Paso Robles,93446,San Luis Obispo,California
Paso Robles,93447,San Luis Obispo,California
Pismo Beach,93448,San Luis Obispo,California
Pismo Beach,93449,San Luis Obispo,California
San Miguel,93451,San Luis Obispo,California
San Simeon,93452,San Luis Obispo,California
Santa Margarita,93453,San Luis Obispo,California
Shandon,93461,San Luis Obispo,California
Templeton,93465,San Luis Obispo,California
Oceano,93475,San Luis Obispo,California
Grover Beach,93483,San Luis Obispo,California
Belmont,94002,San Mateo,California
Brisbane,94005,San Mateo,California
Burlingame,94010,San Mateo,California
Burlingame,94011,San Mateo,California
Daly City,94013,San Mateo,California
Daly City,94014,San Mateo,California
Daly City,94015,San Mateo,California
Daly City,94016,San Mateo,California
Daly City,94017,San Mateo,California
El Granada,94018,San Mateo,California
Half Moon Bay,94019,San Mateo,California
La Honda,94020,San Mateo,California
Loma Mar,94021,San Mateo,California
Menlo Park,94025,San Mateo,California
Menlo Park,94026,San Mateo,California
Atherton,94027,San Mateo,California
Portola Valley,94028,San Mateo,California
Millbrae,94030,San Mateo,California
Montara,94037,San Mateo,California
Moss Beach,94038,San Mateo,California
Pacifica,94044,San Mateo,California
Pescadero,94060,San Mateo,California
Redwood City,94061,San Mateo,California
Redwood City,94062,San Mateo,California
Redwood City,94063,San Mateo,California
Redwood City,94064,San Mateo,California
Redwood City,94065,San Mateo,California
San Bruno,94066,San Mateo,California
San Carlos,94070,San Mateo,California
San Gregorio,94074,San Mateo,California
South San Francisco,94080,San Mateo,California
South San Francisco,94083,San Mateo,California
San Mateo,94401,San Mateo,California
San Mateo,94402,San Mateo,California
San Mateo,94403,San Mateo,California
San Mateo,94404,San Mateo,California
San Mateo,94497,San Mateo,California
Carpinteria,93013,Santa Barbara,California
Carpinteria,93014,Santa Barbara,California
Summerland,93067,Santa Barbara,California
Santa Barbara,93101,Santa Barbara,California
Santa Barbara,93102,Santa Barbara,California
Santa Barbara,93103,Santa Barbara,California
Santa Barbara,93105,Santa Barbara,California
Santa Barbara,93106,Santa Barbara,California
Santa Barbara,93107,Santa Barbara,California
Santa Barbara,93108,Santa Barbara,California
Santa Barbara,93109,Santa Barbara,California
Santa Barbara,93110,Santa Barbara,California
Santa Barbara,93111,Santa Barbara,California
Goleta,93116,Santa Barbara,California
Goleta,93117,Santa Barbara,California
Goleta,93118,Santa Barbara,California
Santa Barbara,93120,Santa Barbara,California
Santa Barbara,93121,Santa Barbara,California
Santa Barbara,93130,Santa Barbara,California
Santa Barbara,93140,Santa Barbara,California
Santa Barbara,93150,Santa Barbara,California
Santa Barbara,93160,Santa Barbara,California
Santa Barbara,93190,Santa Barbara,California
Goleta,93199,Santa Barbara,California
New Cuyama,93254,Santa Barbara,California
Buellton,93427,Santa Barbara,California
Casmalia,93429,Santa Barbara,California
Guadalupe,93434,Santa Barbara,California
Lompoc,93436,Santa Barbara,California
Lompoc,93437,Santa Barbara,California
Lompoc,93438,Santa Barbara,California
Los Alamos,93440,Santa Barbara,California
Los Olivos,93441,Santa Barbara,California
Santa Maria,93454,Santa Barbara,California
Santa Maria,93455,Santa Barbara,California
Santa Maria,93456,Santa Barbara,California
Santa Maria,93457,Santa Barbara,California
Santa Maria,93458,Santa Barbara,California
Santa Ynez,93460,Santa Barbara,California
Solvang,93463,Santa Barbara,California
Solvang,93464,Santa Barbara,California
Los Altos,94022,Santa Clara,California
Los Altos,94023,Santa Clara,California
Los Altos,94024,Santa Clara,California
Mountain View,94035,Santa Clara,California
Mountain View,94039,Santa Clara,California
Mountain View,94040,Santa Clara,California
Mountain View,94041,Santa Clara,California
Mountain View,94042,Santa Clara,California
Mountain View,94043,Santa Clara,California
Sunnyvale,94085,Santa Clara,California
Sunnyvale,94086,Santa Clara,California
Sunnyvale,94087,Santa Clara,California
Sunnyvale,94088,Santa Clara,California
Sunnyvale,94089,Santa Clara,California
Palo Alto,94301,Santa Clara,California
Palo Alto,94302,Santa Clara,California
Palo Alto,94303,Santa Clara,California
Palo Alto,94304,Santa Clara,California
Stanford,94305,Santa Clara,California
Palo Alto,94306,Santa Clara,California
Palo Alto,94309,Santa Clara,California
Alviso,95002,Santa Clara,California
Campbell,95008,Santa Clara,California
Campbell,95009,Santa Clara,California
Campbell,95011,Santa Clara,California
Coyote,95013,Santa Clara,California
Cupertino,95014,Santa Clara,California
Cupertino,95015,Santa Clara,California
Gilroy,95020,Santa Clara,California
Gilroy,95021,Santa Clara,California
Holy City,95026,Santa Clara,California
Los Gatos,95030,Santa Clara,California
Los Gatos,95031,Santa Clara,California
Los Gatos,95032,Santa Clara,California
Los Gatos,95033,Santa Clara,California
Milpitas,95035,Santa Clara,California
Milpitas,95036,Santa Clara,California
Morgan Hill,95037,Santa Clara,California
Morgan Hill,95038,Santa Clara,California
New Almaden,95042,Santa Clara,California
Redwood Estates,95044,Santa Clara,California
San Martin,95046,Santa Clara,California
Santa Clara,95050,Santa Clara,California
Santa Clara,95051,Santa Clara,California
Santa Clara,95052,Santa Clara,California
Santa Clara,95053,Santa Clara,California
Santa Clara,95054,Santa Clara,California
Santa Clara,95055,Santa Clara,California
Santa Clara,95056,Santa Clara,California
Saratoga,95070,Santa Clara,California
Saratoga,95071,Santa Clara,California
San Jose,95101,Santa Clara,California
San Jose,95103,Santa Clara,California
San Jose,95106,Santa Clara,California
San Jose,95108,Santa Clara,California
San Jose,95109,Santa Clara,California
San Jose,95110,Santa Clara,California
San Jose,95111,Santa Clara,California
San Jose,95112,Santa Clara,California
San Jose,95113,Santa Clara,California
San Jose,95115,Santa Clara,California
San Jose,95116,Santa Clara,California
San Jose,95117,Santa Clara,California
San Jose,95118,Santa Clara,California
San Jose,95119,Santa Clara,California
San Jose,95120,Santa Clara,California
San Jose,95121,Santa Clara,California
San Jose,95122,Santa Clara,California
San Jose,95123,Santa Clara,California
San Jose,95124,Santa Clara,California
San Jose,95125,Santa Clara,California
San Jose,95126,Santa Clara,California
San Jose,95127,Santa Clara,California
San Jose,95128,Santa Clara,California
San Jose,95129,Santa Clara,California
San Jose,95130,Santa Clara,California
San Jose,95131,Santa Clara,California
San Jose,95132,Santa Clara,California
San Jose,95133,Santa Clara,California
San Jose,95134,Santa Clara,California
San Jose,95135,Santa Clara,California
San Jose,95136,Santa Clara,California
San Jose,95138,Santa Clara,California
San Jose,95139,Santa Clara,California
Mount Hamilton,95140,Santa Clara,California
San Jose,95141,Santa Clara,California
San Jose,95148,Santa Clara,California
San Jose,95150,Santa Clara,California
San Jose,95151,Santa Clara,California
San Jose,95152,Santa Clara,California
San Jose,95153,Santa Clara,California
San Jose,95154,Santa Clara,California
San Jose,95155,Santa Clara,California
San Jose,95156,Santa Clara,California
San Jose,95157,Santa Clara,California
San Jose,95158,Santa Clara,California
San Jose,95159,Santa Clara,California
San Jose,95160,Santa Clara,California
San Jose,95161,Santa Clara,California
San Jose,95164,Santa Clara,California
San Jose,95170,Santa Clara,California
San Jose,95172,Santa Clara,California
San Jose,95173,Santa Clara,California
San Jose,95190,Santa Clara,California
San Jose,95191,Santa Clara,California
San Jose,95192,Santa Clara,California
San Jose,95193,Santa Clara,California
San Jose,95194,Santa Clara,California
San Jose,95196,Santa Clara,California
Aptos,95001,Santa Cruz,California
Aptos,95003,Santa Cruz,California
Ben Lomond,95005,Santa Cruz,California
Boulder Creek,95006,Santa Cruz,California
Brookdale,95007,Santa Cruz,California
Capitola,95010,Santa Cruz,California
Davenport,95017,Santa Cruz,California
Felton,95018,Santa Cruz,California
Freedom,95019,Santa Cruz,California
Mount Hermon,95041,Santa Cruz,California
Santa Cruz,95060,Santa Cruz,California
Santa Cruz,95061,Santa Cruz,California
Santa Cruz,95062,Santa Cruz,California
Santa Cruz,95063,Santa Cruz,California
Santa Cruz,95064,Santa Cruz,California
Santa Cruz,95065,Santa Cruz,California
Scotts Valley,95066,Santa Cruz,California
Scotts Valley,95067,Santa Cruz,California
Soquel,95073,Santa Cruz,California
Watsonville,95076,Santa Cruz,California
Watsonville,95077,Santa Cruz,California
Redding,96001,Shasta,California
Redding,96002,Shasta,California
Redding,96003,Shasta,California
Anderson,96007,Shasta,California
Bella Vista,96008,Shasta,California
Big Bend,96011,Shasta,California
Burney,96013,Shasta,California
Cassel,96016,Shasta,California
Castella,96017,Shasta,California
Shasta Lake,96019,Shasta,California
Fall River Mills,96028,Shasta,California
French Gulch,96033,Shasta,California
Hat Creek,96040,Shasta,California
Igo,96047,Shasta,California
Redding,96049,Shasta,California
Lakehead,96051,Shasta,California
Millville,96062,Shasta,California
Montgomery Creek,96065,Shasta,California
Oak Run,96069,Shasta,California
Obrien,96070,Shasta,California
Old Station,96071,Shasta,California
Palo Cedro,96073,Shasta,California
Platina,96076,Shasta,California
Shasta Lake,96079,Shasta,California
Round Mountain,96084,Shasta,California
Shasta,96087,Shasta,California
Shingletown,96088,Shasta,California
Shasta Lake,96089,Shasta,California
Whiskeytown,96095,Shasta,California
Whitmore,96096,Shasta,California
Redding,96099,Shasta,California
Alleghany,95910,Sierra,California
Camptonville,95922,Sierra,California
Downieville,95936,Sierra,California
Goodyears Bar,95944,Sierra,California
Loyalton,96118,Sierra,California
Calpine,96124,Sierra,California
Sierra City,96125,Sierra,California
Sierraville,96126,Sierra,California
Somes Bar,95568,Siskiyou,California
Callahan,96014,Siskiyou,California
Dorris,96023,Siskiyou,California
Dunsmuir,96025,Siskiyou,California
Etna,96027,Siskiyou,California
Forks Of Salmon,96031,Siskiyou,California
Fort Jones,96032,Siskiyou,California
Gazelle,96034,Siskiyou,California
Greenview,96037,Siskiyou,California
Grenada,96038,Siskiyou,California
Happy Camp,96039,Siskiyou,California
Hornbrook,96044,Siskiyou,California
Klamath River,96050,Siskiyou,California
Mccloud,96057,Siskiyou,California
Macdoel,96058,Siskiyou,California
Montague,96064,Siskiyou,California
Mount Shasta,96067,Siskiyou,California
Scott Bar,96085,Siskiyou,California
Seiad Valley,96086,Siskiyou,California
Weed,96094,Siskiyou,California
Yreka,96097,Siskiyou,California
Tulelake,96134,Siskiyou,California
Benicia,94510,Solano,California
Birds Landing,94512,Solano,California
Fairfield,94533,Solano,California
Fairfield,94534,Solano,California
Travis Afb,94535,Solano,California
Rio Vista,94571,Solano,California
Suisun City,94585,Solano,California
Vallejo,94589,Solano,California
Vallejo,94590,Solano,California
Vallejo,94591,Solano,California
Vallejo,94592,Solano,California
Dixon,95620,Solano,California
Elmira,95625,Solano,California
Vacaville,95687,Solano,California
Vacaville,95688,Solano,California
Vacaville,95696,Solano,California
Bodega,94922,Sonoma,California
Bodega Bay,94923,Sonoma,California
Rohnert Park,94926,Sonoma,California
Rohnert Park,94927,Sonoma,California
Rohnert Park,94928,Sonoma,California
Cotati,94931,Sonoma,California
Penngrove,94951,Sonoma,California
Petaluma,94952,Sonoma,California
Petaluma,94953,Sonoma,California
Petaluma,94954,Sonoma,California
Petaluma,94955,Sonoma,California
Valley Ford,94972,Sonoma,California
Petaluma,94975,Sonoma,California
Petaluma,94999,Sonoma,California
Santa Rosa,95401,Sonoma,California
Santa Rosa,95402,Sonoma,California
Santa Rosa,95403,Sonoma,California
Santa Rosa,95404,Sonoma,California
Santa Rosa,95405,Sonoma,California
Santa Rosa,95406,Sonoma,California
Santa Rosa,95407,Sonoma,California
Santa Rosa,95409,Sonoma,California
Annapolis,95412,Sonoma,California
Boyes Hot Springs,95416,Sonoma,California
Camp Meeker,95419,Sonoma,California
Cazadero,95421,Sonoma,California
Cloverdale,95425,Sonoma,California
Duncans Mills,95430,Sonoma,California
Eldridge,95431,Sonoma,California
El Verano,95433,Sonoma,California
Forestville,95436,Sonoma,California
Fulton,95439,Sonoma,California
Geyserville,95441,Sonoma,California
Glen Ellen,95442,Sonoma,California
Graton,95444,Sonoma,California
Guerneville,95446,Sonoma,California
Healdsburg,95448,Sonoma,California
Jenner,95450,Sonoma,California
Kenwood,95452,Sonoma,California
Monte Rio,95462,Sonoma,California
Occidental,95465,Sonoma,California
Rio Nido,95471,Sonoma,California
Sebastopol,95472,Sonoma,California
Sebastopol,95473,Sonoma,California
Sonoma,95476,Sonoma,California
Stewarts Point,95480,Sonoma,California
Villa Grande,95486,Sonoma,California
Vineburg,95487,Sonoma,California
Windsor,95492,Sonoma,California
The Sea Ranch,95497,Sonoma,California
Farmington,95230,Stanislaus,California
Ceres,95307,Stanislaus,California
Crows Landing,95313,Stanislaus,California
Denair,95316,Stanislaus,California
Empire,95319,Stanislaus,California
Hickman,95323,Stanislaus,California
Hughson,95326,Stanislaus,California
Keyes,95328,Stanislaus,California
Modesto,95350,Stanislaus,California
Modesto,95351,Stanislaus,California
Modesto,95352,Stanislaus,California
Modesto,95353,Stanislaus,California
Modesto,95354,Stanislaus,California
Modesto,95355,Stanislaus,California
Modesto,95356,Stanislaus,California
Modesto,95357,Stanislaus,California
Modesto,95358,Stanislaus,California
Newman,95360,Stanislaus,California
Oakdale,95361,Stanislaus,California
Patterson,95363,Stanislaus,California
Riverbank,95367,Stanislaus,California
Salida,95368,Stanislaus,California
Turlock,95380,Stanislaus,California
Turlock,95381,Stanislaus,California
Turlock,95382,Stanislaus,California
Vernalis,95385,Stanislaus,California
Waterford,95386,Stanislaus,California
Westley,95387,Stanislaus,California
Modesto,95397,Stanislaus,California
Knights Landing,95645,Sutter,California
Nicolaus,95659,Sutter,California
Pleasant Grove,95668,Sutter,California
Rio Oso,95674,Sutter,California
Robbins,95676,Sutter,California
Live Oak,95953,Sutter,California
Meridian,95957,Sutter,California
Sutter,95982,Sutter,California
Yuba City,95991,Sutter,California
Yuba City,95992,Sutter,California
Yuba City,95993,Sutter,California
Corning,96021,Tehama,California
Cottonwood,96022,Tehama,California
Flournoy,96029,Tehama,California
Gerber,96035,Tehama,California
Los Molinos,96055,Tehama,California
Manton,96059,Tehama,California
Mill Creek,96061,Tehama,California
Mineral,96063,Tehama,California
Paskenta,96074,Tehama,California
Paynes Creek,96075,Tehama,California
Proberta,96078,Tehama,California
Red Bluff,96080,Tehama,California
Tehama,96090,Tehama,California
Vina,96092,Tehama,California
Burnt Ranch,95527,Trinity,California
Mad River,95552,Trinity,California
Zenia,95595,Trinity,California
Big Bar,96010,Trinity,California
Douglas City,96024,Trinity,California
Hayfork,96041,Trinity,California
Hyampom,96046,Trinity,California
Junction City,96048,Trinity,California
Lewiston,96052,Trinity,California
Trinity Center,96091,Trinity,California
Weaverville,96093,Trinity,California
Alpaugh,93201,Tulare,California
California Hot Springs,93207,Tulare,California
Camp Nelson,93208,Tulare,California
Ducor,93218,Tulare,California
Earlimart,93219,Tulare,California
Exeter,93221,Tulare,California
Farmersville,93223,Tulare,California
Goshen,93227,Tulare,California
Ivanhoe,93235,Tulare,California
Kaweah,93237,Tulare,California
Lemon Cove,93244,Tulare,California
Lindsay,93247,Tulare,California
Pixley,93256,Tulare,California
Porterville,93257,Tulare,California
Porterville,93258,Tulare,California
Posey,93260,Tulare,California
Richgrove,93261,Tulare,California
Sequoia National Park,93262,Tulare,California
Springville,93265,Tulare,California
Strathmore,93267,Tulare,California
Terra Bella,93270,Tulare,California
Three Rivers,93271,Tulare,California
Tipton,93272,Tulare,California
Tulare,93274,Tulare,California
Tulare,93275,Tulare,California
Visalia,93277,Tulare,California
Visalia,93278,Tulare,California
Visalia,93279,Tulare,California
Waukena,93282,Tulare,California
Woodlake,93286,Tulare,California
Visalia,93290,Tulare,California
Visalia,93291,Tulare,California
Visalia,93292,Tulare,California
Badger,93603,Tulare,California
Cutler,93615,Tulare,California
Dinuba,93618,Tulare,California
Kings Canyon National Pk,93633,Tulare,California
Orosi,93647,Tulare,California
Sultana,93666,Tulare,California
Yettem,93670,Tulare,California
Traver,93673,Tulare,California
Big Oak Flat,95305,Tuolumne,California
Chinese Camp,95309,Tuolumne,California
Columbia,95310,Tuolumne,California
Pinecrest,95314,Tuolumne,California
Groveland,95321,Tuolumne,California
Jamestown,95327,Tuolumne,California
Long Barn,95335,Tuolumne,California
Mi Wuk Village,95346,Tuolumne,California
Moccasin,95347,Tuolumne,California
Pinecrest,95364,Tuolumne,California
Sonora,95370,Tuolumne,California
Soulsbyville,95372,Tuolumne,California
Standard,95373,Tuolumne,California
Strawberry,95375,Tuolumne,California
Tuolumne,95379,Tuolumne,California
Twain Harte,95383,Tuolumne,California
Newbury Park,91319,Ventura,California
Newbury Park,91320,Ventura,California
Thousand Oaks,91358,Ventura,California
Thousand Oaks,91360,Ventura,California
Westlake Village,91361,Ventura,California
Thousand Oaks,91362,Ventura,California
Oak Park,91377,Ventura,California
Ventura,93001,Ventura,California
Ventura,93002,Ventura,California
Ventura,93003,Ventura,California
Ventura,93004,Ventura,California
Ventura,93005,Ventura,California
Ventura,93006,Ventura,California
Ventura,93007,Ventura,California
Ventura,93009,Ventura,California
Camarillo,93010,Ventura,California
Camarillo,93011,Ventura,California
Camarillo,93012,Ventura,California
Fillmore,93015,Ventura,California
Fillmore,93016,Ventura,California
Moorpark,93020,Ventura,California
Moorpark,93021,Ventura,California
Oak View,93022,Ventura,California
Ojai,93023,Ventura,California
Ojai,93024,Ventura,California
Oxnard,93030,Ventura,California
Oxnard,93031,Ventura,California
Oxnard,93032,Ventura,California
Oxnard,93033,Ventura,California
Oxnard,93034,Ventura,California
Oxnard,93035,Ventura,California
Oxnard,93036,Ventura,California
Piru,93040,Ventura,California
Port Hueneme,93041,Ventura,California
Point Mugu Nawc,93042,Ventura,California
Port Hueneme Cbc Base,93043,Ventura,California
Port Hueneme,93044,Ventura,California
Santa Paula,93060,Ventura,California
Santa Paula,93061,Ventura,California
Simi Valley,93062,Ventura,California
Simi Valley,93063,Ventura,California
Brandeis,93064,Ventura,California
Simi Valley,93065,Ventura,California
Somis,93066,Ventura,California
Simi Valley,93093,Ventura,California
Simi Valley,93094,Ventura,California
Simi Valley,93099,Ventura,California
West Sacramento,95605,Yolo,California
Brooks,95606,Yolo,California
Capay,95607,Yolo,California
Clarksburg,95612,Yolo,California
Davis,95616,Yolo,California
Davis,95617,Yolo,California
Davis,95618,Yolo,California
Esparto,95627,Yolo,California
Guinda,95637,Yolo,California
Madison,95653,Yolo,California
Rumsey,95679,Yolo,California
West Sacramento,95691,Yolo,California
Winters,95694,Yolo,California
Woodland,95695,Yolo,California
Yolo,95697,Yolo,California
Zamora,95698,Yolo,California
Woodland,95776,Yolo,California
West Sacramento,95798,Yolo,California
West Sacramento,95799,Yolo,California
Dunnigan,95937,Yolo,California
Wheatland,95692,Yuba,California
Marysville,95901,Yuba,California
Beale Afb,95903,Yuba,California
Browns Valley,95918,Yuba,California
Brownsville,95919,Yuba,California
Challenge,95925,Yuba,California
Dobbins,95935,Yuba,California
Olivehurst,95961,Yuba,California
Oregon House,95962,Yuba,California
Rackerby,95972,Yuba,California
Smartsville,95977,Yuba,California
Alameda,94501,Alameda,California
Alameda,94502,Alameda,California
Fremont,94536,Alameda,California
Fremont,94537,Alameda,California
Fremont,94538,Alameda,California
Fremont,94539,Alameda,California
Hayward,94540,Alameda,California
Hayward,94541,Alameda,California
Hayward,94542,Alameda,California
Hayward,94543,Alameda,California
Hayward,94544,Alameda,California
Hayward,94545,Alameda,California
Castro Valley,94546,Alameda,California
Livermore,94550,Alameda,California
Livermore,94551,Alameda,California
Castro Valley,94552,Alameda,California
Fremont,94555,Alameda,California
Hayward,94557,Alameda,California
Newark,94560,Alameda,California
Pleasanton,94566,Alameda,California
Dublin,94568,Alameda,California
San Leandro,94577,Alameda,California
San Leandro,94578,Alameda,California
San Leandro,94579,Alameda,California
San Lorenzo,94580,Alameda,California
Sunol,94586,Alameda,California
Union City,94587,Alameda,California
Pleasanton,94588,Alameda,California
Oakland,94601,Alameda,California
Oakland,94602,Alameda,California
Oakland,94603,Alameda,California
Oakland,94604,Alameda,California
Oakland,94605,Alameda,California
Oakland,94606,Alameda,California
Oakland,94607,Alameda,California
Emeryville,94608,Alameda,California
Oakland,94609,Alameda,California
Oakland,94610,Alameda,California
Oakland,94611,Alameda,California
Oakland,94612,Alameda,California
Oakland,94613,Alameda,California
Oakland,94614,Alameda,California
Oakland,94615,Alameda,California
Oakland,94617,Alameda,California
Oakland,94618,Alameda,California
Oakland,94619,Alameda,California
Piedmont,94620,Alameda,California
Oakland,94621,Alameda,California
Oakland,94622,Alameda,California
Oakland,94623,Alameda,California
Oakland,94624,Alameda,California
Oakland,94625,Alameda,California
Oakland,94649,Alameda,California
Oakland,94659,Alameda,California
Oakland,94660,Alameda,California
Oakland,94661,Alameda,California
Emeryville,94662,Alameda,California
Oakland,94666,Alameda,California
Berkeley,94701,Alameda,California
Berkeley,94702,Alameda,California
Berkeley,94703,Alameda,California
Berkeley,94704,Alameda,California
Berkeley,94705,Alameda,California
Albany,94706,Alameda,California
Berkeley,94707,Alameda,California
Berkeley,94708,Alameda,California
Berkeley,94709,Alameda,California
Berkeley,94710,Alameda,California
Berkeley,94712,Alameda,California
Berkeley,94720,Alameda,California
Markleeville,96120,Alpine,California
South Lake Tahoe,96156,Alpine,California
Amador City,95601,Amador,California
Fiddletown,95629,Amador,California
Ione,95640,Amador,California
Jackson,95642,Amador,California
Kirkwood,95646,Amador,California
Martell,95654,Amador,California
Pine Grove,95665,Amador,California
Pioneer,95666,Amador,California
Plymouth,95669,Amador,California
River Pines,95675,Amador,California
Sutter Creek,95685,Amador,California
Volcano,95689,Amador,California
Drytown,95699,Amador,California
Bangor,95914,Butte,California
Berry Creek,95916,Butte,California
Biggs,95917,Butte,California
Chico,95926,Butte,California
Chico,95927,Butte,California
Chico,95928,Butte,California
Chico,95929,Butte,California
Clipper Mills,95930,Butte,California
Durham,95938,Butte,California
Feather Falls,95940,Butte,California
Forbestown,95941,Butte,California
Forest Ranch,95942,Butte,California
Gridley,95948,Butte,California
Magalia,95954,Butte,California
Nelson,95958,Butte,California
Oroville,95965,Butte,California
Oroville,95966,Butte,California
Paradise,95967,Butte,California
Palermo,95968,Butte,California
Paradise,95969,Butte,California
Chico,95973,Butte,California
Richvale,95974,Butte,California
Chico,95976,Butte,California
Stirling City,95978,Butte,California
Altaville,95221,Calaveras,California
Angels Camp,95222,Calaveras,California
Arnold,95223,Calaveras,California
Avery,95224,Calaveras,California
Burson,95225,Calaveras,California
Campo Seco,95226,Calaveras,California
Copperopolis,95228,Calaveras,California
Douglas Flat,95229,Calaveras,California
Glencoe,95232,Calaveras,California
Hathaway Pines,95233,Calaveras,California
Mokelumne Hill,95245,Calaveras,California
Mountain Ranch,95246,Calaveras,California
Murphys,95247,Calaveras,California
Rail Road Flat,95248,Calaveras,California
San Andreas,95249,Calaveras,California
San Andreas,95250,Calaveras,California
Vallecito,95251,Calaveras,California
Valley Springs,95252,Calaveras,California
Wallace,95254,Calaveras,California
West Point,95255,Calaveras,California
Wilseyville,95257,Calaveras,California
Arbuckle,95912,Colusa,California
Colusa,95932,Colusa,California
Grimes,95950,Colusa,California
Maxwell,95955,Colusa,California
Stonyford,95979,Colusa,California
Williams,95987,Colusa,California
Discovery Bay,94505,Contra Costa,California
Danville,94506,Contra Costa,California
Alamo,94507,Contra Costa,California
Antioch,94509,Contra Costa,California
Bethel Island,94511,Contra Costa,California
Brentwood,94513,Contra Costa,California
Byron,94514,Contra Costa,California
Canyon,94516,Contra Costa,California
Clayton,94517,Contra Costa,California
Concord,94518,Contra Costa,California
Concord,94519,Contra Costa,California
Concord,94520,Contra Costa,California
Concord,94521,Contra Costa,California
Concord,94522,Contra Costa,California
Pleasant Hill,94523,Contra Costa,California
Concord,94524,Contra Costa,California
Crockett,94525,Contra Costa,California
Danville,94526,Contra Costa,California
Concord,94527,Contra Costa,California
Diablo,94528,Contra Costa,California
Concord,94529,Contra Costa,California
El Cerrito,94530,Contra Costa,California
Antioch,94531,Contra Costa,California
Hercules,94547,Contra Costa,California
Knightsen,94548,Contra Costa,California
Lafayette,94549,Contra Costa,California
Martinez,94553,Contra Costa,California
Moraga,94556,Contra Costa,California
Oakley,94561,Contra Costa,California
Orinda,94563,Contra Costa,California
Pinole,94564,Contra Costa,California
Pittsburg,94565,Contra Costa,California
Port Costa,94569,Contra Costa,California
Moraga,94570,Contra Costa,California
Rodeo,94572,Contra Costa,California
Moraga,94575,Contra Costa,California
San Ramon,94582,Contra Costa,California
San Ramon,94583,Contra Costa,California
Walnut Creek,94595,Contra Costa,California
Walnut Creek,94596,Contra Costa,California
Walnut Creek,94597,Contra Costa,California
Walnut Creek,94598,Contra Costa,California
Richmond,94801,Contra Costa,California
Richmond,94802,Contra Costa,California
El Sobrante,94803,Contra Costa,California
Richmond,94804,Contra Costa,California
Richmond,94805,Contra Costa,California
San Pablo,94806,Contra Costa,California
Richmond,94807,Contra Costa,California
Richmond,94808,Contra Costa,California
El Sobrante,94820,Contra Costa,California
Richmond,94850,Contra Costa,California
Crescent City,95531,Del Norte,California
Crescent City,95532,Del Norte,California
Fort Dick,95538,Del Norte,California
Gasquet,95543,Del Norte,California
Klamath,95548,Del Norte,California
Smith River,95567,Del Norte,California
Coloma,95613,El Dorado,California
Cool,95614,El Dorado,California
Diamond Springs,95619,El Dorado,California
El Dorado,95623,El Dorado,California
Garden Valley,95633,El Dorado,California
Georgetown,95634,El Dorado,California
Greenwood,95635,El Dorado,California
Grizzly Flats,95636,El Dorado,California
Kit Carson,95644,El Dorado,California
Lotus,95651,El Dorado,California
Mount Aukum,95656,El Dorado,California
Pilot Hill,95664,El Dorado,California
Placerville,95667,El Dorado,California
Rescue,95672,El Dorado,California
Shingle Springs,95682,El Dorado,California
Somerset,95684,El Dorado,California
Camino,95709,El Dorado,California
Kyburz,95720,El Dorado,California
Echo Lake,95721,El Dorado,California
Pollock Pines,95726,El Dorado,California
Twin Bridges,95735,El Dorado,California
El Dorado Hills,95762,El Dorado,California
Tahoma,96142,El Dorado,California
South Lake Tahoe,96150,El Dorado,California
South Lake Tahoe,96151,El Dorado,California
South Lake Tahoe,96152,El Dorado,California
South Lake Tahoe,96154,El Dorado,California
South Lake Tahoe,96155,El Dorado,California
South Lake Tahoe,96157,El Dorado,California
South Lake Tahoe,96158,El Dorado,California
Coalinga,93210,Fresno,California
Huron,93234,Fresno,California
Laton,93242,Fresno,California
Auberry,93602,Fresno,California
Big Creek,93605,Fresno,California
Biola,93606,Fresno,California
Burrel,93607,Fresno,California
Cantua Creek,93608,Fresno,California
Caruthers,93609,Fresno,California
Clovis,93611,Fresno,California
Clovis,93612,Fresno,California
Clovis,93613,Fresno,California
Del Rey,93616,Fresno,California
Clovis,93619,Fresno,California
Dunlap,93621,Fresno,California
Firebaugh,93622,Fresno,California
Five Points,93624,Fresno,California
Fowler,93625,Fresno,California
Helm,93627,Fresno,California
Hume,93628,Fresno,California
Kerman,93630,Fresno,California
Kingsburg,93631,Fresno,California
Lakeshore,93634,Fresno,California
Mendota,93640,Fresno,California
Miramonte,93641,Fresno,California
Mono Hot Springs,93642,Fresno,California
Orange Cove,93646,Fresno,California
Parlier,93648,Fresno,California
Piedra,93649,Fresno,California
Fresno,93650,Fresno,California
Prather,93651,Fresno,California
Raisin City,93652,Fresno,California
Reedley,93654,Fresno,California
Riverdale,93656,Fresno,California
Sanger,93657,Fresno,California
San Joaquin,93660,Fresno,California
Selma,93662,Fresno,California
Shaver Lake,93664,Fresno,California
Tollhouse,93667,Fresno,California
Tranquillity,93668,Fresno,California
Squaw Valley,93675,Fresno,California
Fresno,93701,Fresno,California
Fresno,93702,Fresno,California
Fresno,93703,Fresno,California
Fresno,93704,Fresno,California
Fresno,93705,Fresno,California
Fresno,93706,Fresno,California
Fresno,93707,Fresno,California
Fresno,93708,Fresno,California
Fresno,93709,Fresno,California
Fresno,93710,Fresno,California
Fresno,93711,Fresno,California
Fresno,93712,Fresno,California
Fresno,93714,Fresno,California
Fresno,93715,Fresno,California
Fresno,93716,Fresno,California
Fresno,93717,Fresno,California
Fresno,93718,Fresno,California
Fresno,93720,Fresno,California
Fresno,93721,Fresno,California
Fresno,93722,Fresno,California
Fresno,93723,Fresno,California
Fresno,93724,Fresno,California
Fresno,93725,Fresno,California
Fresno,93726,Fresno,California
Fresno,93727,Fresno,California
Fresno,93728,Fresno,California
Fresno,93729,Fresno,California
Fresno,93730,Fresno,California
Fresno,93737,Fresno,California
Fresno,93740,Fresno,California
Fresno,93741,Fresno,California
Fresno,93744,Fresno,California
Fresno,93745,Fresno,California
Fresno,93747,Fresno,California
Fresno,93750,Fresno,California
Fresno,93755,Fresno,California
Fresno,93760,Fresno,California
Fresno,93761,Fresno,California
Fresno,93764,Fresno,California
Fresno,93765,Fresno,California
Fresno,93771,Fresno,California
Fresno,93772,Fresno,California
Fresno,93773,Fresno,California
Fresno,93774,Fresno,California
Fresno,93775,Fresno,California
Fresno,93776,Fresno,California
Fresno,93777,Fresno,California
Fresno,93778,Fresno,California
Fresno,93779,Fresno,California
Fresno,93780,Fresno,California
Fresno,93784,Fresno,California
Fresno,93786,Fresno,California
Fresno,93790,Fresno,California
Fresno,93791,Fresno,California
Fresno,93792,Fresno,California
Fresno,93793,Fresno,California
Fresno,93794,Fresno,California
Fresno,93844,Fresno,California
Fresno,93888,Fresno,California
Artois,95913,Glenn,California
Butte City,95920,Glenn,California
Elk Creek,95939,Glenn,California
Glenn,95943,Glenn,California
Hamilton City,95951,Glenn,California
Orland,95963,Glenn,California
Princeton,95970,Glenn,California
Willows,95988,Glenn,California
Eureka,95501,Humboldt,California
Eureka,95502,Humboldt,California
Eureka,95503,Humboldt,California
Alderpoint,95511,Humboldt,California
Blocksburg,95514,Humboldt,California
Arcata,95518,Humboldt,California
Mckinleyville,95519,Humboldt,California
Arcata,95521,Humboldt,California
Bayside,95524,Humboldt,California
Blue Lake,95525,Humboldt,California
Bridgeville,95526,Humboldt,California
Carlotta,95528,Humboldt,California
Cutten,95534,Humboldt,California
Ferndale,95536,Humboldt,California
Fields Landing,95537,Humboldt,California
Fortuna,95540,Humboldt,California
Garberville,95542,Humboldt,California
Honeydew,95545,Humboldt,California
Hoopa,95546,Humboldt,California
Hydesville,95547,Humboldt,California
Kneeland,95549,Humboldt,California
Korbel,95550,Humboldt,California
Loleta,95551,Humboldt,California
Miranda,95553,Humboldt,California
Myers Flat,95554,Humboldt,California
Orick,95555,Humboldt,California
Orleans,95556,Humboldt,California
Petrolia,95558,Humboldt,California
Phillipsville,95559,Humboldt,California
Redway,95560,Humboldt,California
Rio Dell,95562,Humboldt,California
Salyer,95563,Humboldt,California
Samoa,95564,Humboldt,California
Scotia,95565,Humboldt,California
Redcrest,95569,Humboldt,California
Trinidad,95570,Humboldt,California
Weott,95571,Humboldt,California
Willow Creek,95573,Humboldt,California
Whitethorn,95589,Humboldt,California
Bard,92222,Imperial,California
Brawley,92227,Imperial,California
Calexico,92231,Imperial,California
Calexico,92232,Imperial,California
Calipatria,92233,Imperial,California
El Centro,92243,Imperial,California
El Centro,92244,Imperial,California
Heber,92249,Imperial,California
Holtville,92250,Imperial,California
Imperial,92251,Imperial,California
Niland,92257,Imperial,California
Ocotillo,92259,Imperial,California
Palo Verde,92266,Imperial,California
Seeley,92273,Imperial,California
Thermal,92274,Imperial,California
Salton City,92275,Imperial,California
Westmorland,92281,Imperial,California
Winterhaven,92283,Imperial,California
Death Valley,92328,Inyo,California
Shoshone,92384,Inyo,California
Tecopa,92389,Inyo,California
Big Pine,93513,Inyo,California
Bishop,93514,Inyo,California
Bishop,93515,Inyo,California
Darwin,93522,Inyo,California
Independence,93526,Inyo,California
Keeler,93530,Inyo,California
Little Lake,93542,Inyo,California
Lone Pine,93545,Inyo,California
Olancha,93549,Inyo,California
Trona,93562,Inyo,California
Arvin,93203,Kern,California
Bodfish,93205,Kern,California
Buttonwillow,93206,Kern,California
Delano,93215,Kern,California
Delano,93216,Kern,California
Edison,93220,Kern,California
Pine Mountain Club,93222,Kern,California
Fellows,93224,Kern,California
Frazier Park,93225,Kern,California
Glennville,93226,Kern,California
Kernville,93238,Kern,California
Lake Isabella,93240,Kern,California
Lamont,93241,Kern,California
Lost Hills,93249,Kern,California
Mc Farland,93250,Kern,California
Mc Kittrick,93251,Kern,California
Maricopa,93252,Kern,California
Onyx,93255,Kern,California
Shafter,93263,Kern,California
Taft,93268,Kern,California
Tupman,93276,Kern,California
Wasco,93280,Kern,California
Weldon,93283,Kern,California
Wofford Heights,93285,Kern,California
Woody,93287,Kern,California
Bakersfield,93301,Kern,California
Bakersfield,93302,Kern,California
Bakersfield,93303,Kern,California
Bakersfield,93304,Kern,California
Bakersfield,93305,Kern,California
Bakersfield,93306,Kern,California
Bakersfield,93307,Kern,California
Bakersfield,93308,Kern,California
Bakersfield,93309,Kern,California
Bakersfield,93311,Kern,California
Bakersfield,93312,Kern,California
Bakersfield,93313,Kern,California
Bakersfield,93314,Kern,California
Bakersfield,93380,Kern,California
Bakersfield,93381,Kern,California
Bakersfield,93382,Kern,California
Bakersfield,93383,Kern,California
Bakersfield,93384,Kern,California
Bakersfield,93385,Kern,California
Bakersfield,93386,Kern,California
Bakersfield,93387,Kern,California
Bakersfield,93388,Kern,California
Bakersfield,93389,Kern,California
Bakersfield,93390,Kern,California
Mojave,93501,Kern,California
Mojave,93502,Kern,California
California City,93504,Kern,California
California City,93505,Kern,California
Boron,93516,Kern,California
Caliente,93518,Kern,California
Cantil,93519,Kern,California
Edwards,93523,Kern,California
Edwards,93524,Kern,California
Inyokern,93527,Kern,California
Johannesburg,93528,Kern,California
Keene,93531,Kern,California
Randsburg,93554,Kern,California
Ridgecrest,93555,Kern,California
Ridgecrest,93556,Kern,California
Rosamond,93560,Kern,California
Tehachapi,93561,Kern,California
Tehachapi,93581,Kern,California
Boron,93596,Kern,California
Armona,93202,Kings,California
Avenal,93204,Kings,California
Corcoran,93212,Kings,California
Hanford,93230,Kings,California
Hanford,93232,Kings,California
Kettleman City,93239,Kings,California
Lemoore,93245,Kings,California
Lemoore,93246,Kings,California
Stratford,93266,Kings,California
Clearlake,95422,Lake,California
Clearlake Oaks,95423,Lake,California
Clearlake Park,95424,Lake,California
Cobb,95426,Lake,California
Finley,95435,Lake,California
Glenhaven,95443,Lake,California
Kelseyville,95451,Lake,California
Lakeport,95453,Lake,California
Lower Lake,95457,Lake,California
Lucerne,95458,Lake,California
Middletown,95461,Lake,California
Nice,95464,Lake,California
Hidden Valley Lake,95467,Lake,California
Potter Valley,95469,Lake,California
Upper Lake,95485,Lake,California
Witter Springs,95493,Lake,California
Bieber,96009,Lassen,California
Mcarthur,96056,Lassen,California
Nubieber,96068,Lassen,California
Doyle,96109,Lassen,California
Herlong,96113,Lassen,California
Janesville,96114,Lassen,California
Litchfield,96117,Lassen,California
Madeline,96119,Lassen,California
Ravendale,96123,Lassen,California
Susanville,96127,Lassen,California
Standish,96128,Lassen,California
Susanville,96130,Lassen,California
Termo,96132,Lassen,California
Wendel,96136,Lassen,California
Westwood,96137,Lassen,California
Los Angeles,90001,Los Angeles,California
Los Angeles,90002,Los Angeles,California
Los Angeles,90003,Los Angeles,California
Los Angeles,90004,Los Angeles,California
Los Angeles,90005,Los Angeles,California
Los Angeles,90006,Los Angeles,California
Los Angeles,90007,Los Angeles,California
Los Angeles,90008,Los Angeles,California
Los Angeles,90009,Los Angeles,California
Los Angeles,90010,Los Angeles,California
Los Angeles,90011,Los Angeles,California
Los Angeles,90012,Los Angeles,California
Los Angeles,90013,Los Angeles,California
Los Angeles,90014,Los Angeles,California
Los Angeles,90015,Los Angeles,California
Los Angeles,90016,Los Angeles,California
Los Angeles,90017,Los Angeles,California
Los Angeles,90018,Los Angeles,California
Los Angeles,90019,Los Angeles,California
Los Angeles,90020,Los Angeles,California
Los Angeles,90021,Los Angeles,California
Los Angeles,90022,Los Angeles,California
Los Angeles,90023,Los Angeles,California
Los Angeles,90024,Los Angeles,California
Los Angeles,90025,Los Angeles,California
Los Angeles,90026,Los Angeles,California
Los Angeles,90027,Los Angeles,California
Los Angeles,90028,Los Angeles,California
Los Angeles,90029,Los Angeles,California
Los Angeles,90030,Los Angeles,California
Los Angeles,90031,Los Angeles,California
Los Angeles,90032,Los Angeles,California
Los Angeles,90033,Los Angeles,California
Los Angeles,90034,Los Angeles,California
Los Angeles,90035,Los Angeles,California
Los Angeles,90036,Los Angeles,California
Los Angeles,90037,Los Angeles,California
Los Angeles,90038,Los Angeles,California
Los Angeles,90039,Los Angeles,California
Los Angeles,90040,Los Angeles,California
Los Angeles,90041,Los Angeles,California
Los Angeles,90042,Los Angeles,California
Los Angeles,90043,Los Angeles,California
Los Angeles,90044,Los Angeles,California
Los Angeles,90045,Los Angeles,California
Los Angeles,90046,Los Angeles,California
Los Angeles,90047,Los Angeles,California
Los Angeles,90048,Los Angeles,California
Los Angeles,90049,Los Angeles,California
Los Angeles,90050,Los Angeles,California
Los Angeles,90051,Los Angeles,California
Los Angeles,90052,Los Angeles,California
Los Angeles,90053,Los Angeles,California
Los Angeles,90054,Los Angeles,California
Los Angeles,90055,Los Angeles,California
Los Angeles,90056,Los Angeles,California
Los Angeles,90057,Los Angeles,California
Los Angeles,90058,Los Angeles,California
Los Angeles,90059,Los Angeles,California
Los Angeles,90060,Los Angeles,California
Los Angeles,90061,Los Angeles,California
Los Angeles,90062,Los Angeles,California
Los Angeles,90063,Los Angeles,California
Los Angeles,90064,Los Angeles,California
Los Angeles,90065,Los Angeles,California
Los Angeles,90066,Los Angeles,California
Los Angeles,90067,Los Angeles,California
Los Angeles,90068,Los Angeles,California
West Hollywood,90069,Los Angeles,California
Los Angeles,90070,Los Angeles,California
Los Angeles,90071,Los Angeles,California
Los Angeles,90072,Los Angeles,California
Los Angeles,90073,Los Angeles,California
Los Angeles,90074,Los Angeles,California
Los Angeles,90075,Los Angeles,California
Los Angeles,90076,Los Angeles,California
Los Angeles,90077,Los Angeles,California
Los Angeles,90078,Los Angeles,California
Los Angeles,90079,Los Angeles,California
Los Angeles,90080,Los Angeles,California
Los Angeles,90081,Los Angeles,California
Los Angeles,90082,Los Angeles,California
Los Angeles,90083,Los Angeles,California
Los Angeles,90084,Los Angeles,California
Los Angeles,90086,Los Angeles,California
Los Angeles,90087,Los Angeles,California
Los Angeles,90088,Los Angeles,California
Los Angeles,90089,Los Angeles,California
Dodgertown,90090,Los Angeles,California
Los Angeles,90091,Los Angeles,California
Los Angeles,90093,Los Angeles,California
Playa Vista,90094,Los Angeles,California
Los Angeles,90095,Los Angeles,California
Los Angeles,90096,Los Angeles,California
Los Angeles,90099,Los Angeles,California
Los Angeles,90101,Los Angeles,California
Los Angeles,90102,Los Angeles,California
Los Angeles,90103,Los Angeles,California
Los Angeles,90189,Los Angeles,California
Bell Gardens,90201,Los Angeles,California
Bell,90202,Los Angeles,California
Beverly Hills,90209,Los Angeles,California
Beverly Hills,90210,Los Angeles,California
Beverly Hills,90211,Los Angeles,California
Beverly Hills,90212,Los Angeles,California
Beverly Hills,90213,Los Angeles,California
Compton,90220,Los Angeles,California
Compton,90221,Los Angeles,California
Compton,90222,Los Angeles,California
Compton,90223,Los Angeles,California
Compton,90224,Los Angeles,California
Culver City,90230,Los Angeles,California
Culver City,90231,Los Angeles,California
Culver City,90232,Los Angeles,California
Culver City,90233,Los Angeles,California
Downey,90239,Los Angeles,California
Downey,90240,Los Angeles,California
Downey,90241,Los Angeles,California
Downey,90242,Los Angeles,California
El Segundo,90245,Los Angeles,California
Gardena,90247,Los Angeles,California
Gardena,90248,Los Angeles,California
Gardena,90249,Los Angeles,California
Hawthorne,90250,Los Angeles,California
Hawthorne,90251,Los Angeles,California
Hermosa Beach,90254,Los Angeles,California
Huntington Park,90255,Los Angeles,California
Lawndale,90260,Los Angeles,California
Lawndale,90261,Los Angeles,California
Lynwood,90262,Los Angeles,California
Malibu,90263,Los Angeles,California
Malibu,90264,Los Angeles,California
Malibu,90265,Los Angeles,California
Manhattan Beach,90266,Los Angeles,California
Manhattan Beach,90267,Los Angeles,California
Maywood,90270,Los Angeles,California
Pacific Palisades,90272,Los Angeles,California
Palos Verdes Peninsula,90274,Los Angeles,California
Rancho Palos Verdes,90275,Los Angeles,California
Redondo Beach,90277,Los Angeles,California
Redondo Beach,90278,Los Angeles,California
South Gate,90280,Los Angeles,California
Topanga,90290,Los Angeles,California
Venice,90291,Los Angeles,California
Marina Del Rey,90292,Los Angeles,California
Playa Del Rey,90293,Los Angeles,California
Venice,90294,Los Angeles,California
Marina Del Rey,90295,Los Angeles,California
Playa Del Rey,90296,Los Angeles,California
Inglewood,90301,Los Angeles,California
Inglewood,90302,Los Angeles,California
Inglewood,90303,Los Angeles,California
Inglewood,90304,Los Angeles,California
Inglewood,90305,Los Angeles,California
Inglewood,90306,Los Angeles,California
Inglewood,90307,Los Angeles,California
Inglewood,90308,Los Angeles,California
Inglewood,90309,Los Angeles,California
Inglewood,90310,Los Angeles,California
Inglewood,90311,Los Angeles,California
Inglewood,90312,Los Angeles,California
Inglewood,90313,Los Angeles,California
Inglewood,90397,Los Angeles,California
Inglewood,90398,Los Angeles,California
Santa Monica,90401,Los Angeles,California
Santa Monica,90402,Los Angeles,California
Santa Monica,90403,Los Angeles,California
Santa Monica,90404,Los Angeles,California
Santa Monica,90405,Los Angeles,California
Santa Monica,90406,Los Angeles,California
Santa Monica,90407,Los Angeles,California
Santa Monica,90408,Los Angeles,California
Santa Monica,90409,Los Angeles,California
Santa Monica,90410,Los Angeles,California
Santa Monica,90411,Los Angeles,California
Torrance,90501,Los Angeles,California
Torrance,90502,Los Angeles,California
Torrance,90503,Los Angeles,California
Torrance,90504,Los Angeles,California
Torrance,90505,Los Angeles,California
Torrance,90506,Los Angeles,California
Torrance,90507,Los Angeles,California
Torrance,90508,Los Angeles,California
Torrance,90509,Los Angeles,California
Torrance,90510,Los Angeles,California
Whittier,90601,Los Angeles,California
Whittier,90602,Los Angeles,California
Whittier,90603,Los Angeles,California
Whittier,90604,Los Angeles,California
Whittier,90605,Los Angeles,California
Whittier,90606,Los Angeles,California
Whittier,90607,Los Angeles,California
Whittier,90608,Los Angeles,California
Whittier,90609,Los Angeles,California
Whittier,90610,Los Angeles,California
Whittier,90612,Los Angeles,California
La Mirada,90637,Los Angeles,California
La Mirada,90638,Los Angeles,California
La Mirada,90639,Los Angeles,California
Montebello,90640,Los Angeles,California
Norwalk,90650,Los Angeles,California
Norwalk,90651,Los Angeles,California
Norwalk,90652,Los Angeles,California
Norwalk,90659,Los Angeles,California
Pico Rivera,90660,Los Angeles,California
Pico Rivera,90661,Los Angeles,California
Pico Rivera,90662,Los Angeles,California
Santa Fe Springs,90670,Los Angeles,California
Santa Fe Springs,90671,Los Angeles,California
Artesia,90701,Los Angeles,California
Artesia,90702,Los Angeles,California
Cerritos,90703,Los Angeles,California
Avalon,90704,Los Angeles,California
Bellflower,90706,Los Angeles,California
Bellflower,90707,Los Angeles,California
Harbor City,90710,Los Angeles,California
Lakewood,90711,Los Angeles,California
Lakewood,90712,Los Angeles,California
Lakewood,90713,Los Angeles,California
Lakewood,90714,Los Angeles,California
Lakewood,90715,Los Angeles,California
Hawaiian Gardens,90716,Los Angeles,California
Lomita,90717,Los Angeles,California
Paramount,90723,Los Angeles,California
San Pedro,90731,Los Angeles,California
San Pedro,90732,Los Angeles,California
San Pedro,90733,Los Angeles,California
San Pedro,90734,Los Angeles,California
Wilmington,90744,Los Angeles,California
Carson,90745,Los Angeles,California
Carson,90746,Los Angeles,California
Carson,90747,Los Angeles,California
Wilmington,90748,Los Angeles,California
Carson,90749,Los Angeles,California
Signal Hill,90755,Los Angeles,California
Long Beach,90801,Los Angeles,California
Long Beach,90802,Los Angeles,California
Long Beach,90803,Los Angeles,California
Long Beach,90804,Los Angeles,California
Long Beach,90805,Los Angeles,California
Long Beach,90806,Los Angeles,California
Long Beach,90807,Los Angeles,California
Long Beach,90808,Los Angeles,California
Long Beach,90809,Los Angeles,California
Long Beach,90810,Los Angeles,California
Long Beach,90813,Los Angeles,California
Long Beach,90814,Los Angeles,California
Long Beach,90815,Los Angeles,California
Long Beach,90822,Los Angeles,California
Long Beach,90831,Los Angeles,California
Long Beach,90832,Los Angeles,California
Long Beach,90833,Los Angeles,California
Long Beach,90834,Los Angeles,California
Long Beach,90835,Los Angeles,California
Long Beach,90840,Los Angeles,California
Long Beach,90842,Los Angeles,California
Long Beach,90844,Los Angeles,California
Long Beach,90845,Los Angeles,California
Long Beach,90846,Los Angeles,California
Long Beach,90847,Los Angeles,California
Long Beach,90848,Los Angeles,California
Long Beach,90853,Los Angeles,California
Long Beach,90888,Los Angeles,California
Carson,90895,Los Angeles,California
Long Beach,90899,Los Angeles,California
Altadena,91001,Los Angeles,California
Altadena,91003,Los Angeles,California
Arcadia,91006,Los Angeles,California
Arcadia,91007,Los Angeles,California
Duarte,91008,Los Angeles,California
Duarte,91009,Los Angeles,California
Duarte,91010,Los Angeles,California
La Canada Flintridge,91011,Los Angeles,California
La Canada Flintridge,91012,Los Angeles,California
Monrovia,91016,Los Angeles,California
Monrovia,91017,Los Angeles,California
Montrose,91020,Los Angeles,California
Montrose,91021,Los Angeles,California
Mount Wilson,91023,Los Angeles,California
Sierra Madre,91024,Los Angeles,California
Sierra Madre,91025,Los Angeles,California
South Pasadena,91030,Los Angeles,California
South Pasadena,91031,Los Angeles,California
Sunland,91040,Los Angeles,California
Sunland,91041,Los Angeles,California
Tujunga,91042,Los Angeles,California
Tujunga,91043,Los Angeles,California
Verdugo City,91046,Los Angeles,California
Arcadia,91066,Los Angeles,California
Arcadia,91077,Los Angeles,California
Pasadena,91101,Los Angeles,California
Pasadena,91102,Los Angeles,California
Pasadena,91103,Los Angeles,California
Pasadena,91104,Los Angeles,California
Pasadena,91105,Los Angeles,California
Pasadena,91106,Los Angeles,California
Pasadena,91107,Los Angeles,California
San Marino,91108,Los Angeles,California
Pasadena,91109,Los Angeles,California
Pasadena,91110,Los Angeles,California
Pasadena,91114,Los Angeles,California
Pasadena,91115,Los Angeles,California
Pasadena,91116,Los Angeles,California
Pasadena,91117,Los Angeles,California
San Marino,91118,Los Angeles,California
Pasadena,91121,Los Angeles,California
Pasadena,91123,Los Angeles,California
Pasadena,91124,Los Angeles,California
Pasadena,91125,Los Angeles,California
Pasadena,91126,Los Angeles,California
Pasadena,91129,Los Angeles,California
Pasadena,91131,Los Angeles,California
Pasadena,91182,Los Angeles,California
Pasadena,91184,Los Angeles,California
Pasadena,91185,Los Angeles,California
Pasadena,91188,Los Angeles,California
Pasadena,91189,Los Angeles,California
Pasadena,91191,Los Angeles,California
Pasadena,91199,Los Angeles,California
Glendale,91201,Los Angeles,California
Glendale,91202,Los Angeles,California
Glendale,91203,Los Angeles,California
Glendale,91204,Los Angeles,California
Glendale,91205,Los Angeles,California
Glendale,91206,Los Angeles,California
Glendale,91207,Los Angeles,California
Glendale,91208,Los Angeles,California
Glendale,91209,Los Angeles,California
Glendale,91210,Los Angeles,California
La Crescenta,91214,Los Angeles,California
Glendale,91221,Los Angeles,California
Glendale,91222,Los Angeles,California
La Crescenta,91224,Los Angeles,California
Glendale,91225,Los Angeles,California
Glendale,91226,Los Angeles,California
Agoura Hills,91301,Los Angeles,California
Calabasas,91302,Los Angeles,California
Canoga Park,91303,Los Angeles,California
Canoga Park,91304,Los Angeles,California
Canoga Park,91305,Los Angeles,California
Winnetka,91306,Los Angeles,California
West Hills,91307,Los Angeles,California
West Hills,91308,Los Angeles,California
Canoga Park,91309,Los Angeles,California
Castaic,91310,Los Angeles,California
Chatsworth,91311,Los Angeles,California
Chatsworth,91313,Los Angeles,California
Encino,91316,Los Angeles,California
Newhall,91321,Los Angeles,California
Newhall,91322,Los Angeles,California
Northridge,91324,Los Angeles,California
Northridge,91325,Los Angeles,California
Porter Ranch,91326,Los Angeles,California
Northridge,91327,Los Angeles,California
Northridge,91328,Los Angeles,California
Northridge,91329,Los Angeles,California
Northridge,91330,Los Angeles,California
Pacoima,91331,Los Angeles,California
Pacoima,91333,Los Angeles,California
Pacoima,91334,Los Angeles,California
Reseda,91335,Los Angeles,California
Reseda,91337,Los Angeles,California
San Fernando,91340,Los Angeles,California
San Fernando,91341,Los Angeles,California
Sylmar,91342,Los Angeles,California
North Hills,91343,Los Angeles,California
Granada Hills,91344,Los Angeles,California
Mission Hills,91345,Los Angeles,California
Mission Hills,91346,Los Angeles,California
Santa Clarita,91350,Los Angeles,California
Canyon Country,91351,Los Angeles,California
Sun Valley,91352,Los Angeles,California
Sun Valley,91353,Los Angeles,California
Valencia,91354,Los Angeles,California
Valencia,91355,Los Angeles,California
Tarzana,91356,Los Angeles,California
Tarzana,91357,Los Angeles,California
Westlake Village,91359,Los Angeles,California
Thousand Oaks,91363,Los Angeles,California
Woodland Hills,91364,Los Angeles,California
Woodland Hills,91365,Los Angeles,California
Woodland Hills,91367,Los Angeles,California
Woodland Hills,91371,Los Angeles,California
Calabasas,91372,Los Angeles,California
Agoura Hills,91376,Los Angeles,California
Santa Clarita,91380,Los Angeles,California
Stevenson Ranch,91381,Los Angeles,California
Santa Clarita,91382,Los Angeles,California
Santa Clarita,91383,Los Angeles,California
Castaic,91384,Los Angeles,California
Valencia,91385,Los Angeles,California
Canyon Country,91386,Los Angeles,California
Canyon Country,91387,Los Angeles,California
Van Nuys,91388,Los Angeles,California
Santa Clarita,91390,Los Angeles,California
Sylmar,91392,Los Angeles,California
North Hills,91393,Los Angeles,California
Granada Hills,91394,Los Angeles,California
Mission Hills,91395,Los Angeles,California
Winnetka,91396,Los Angeles,California
Woodland Hills,91399,Los Angeles,California
Van Nuys,91401,Los Angeles,California
Panorama City,91402,Los Angeles,California
Sherman Oaks,91403,Los Angeles,California
Van Nuys,91404,Los Angeles,California
Van Nuys,91405,Los Angeles,California
Van Nuys,91406,Los Angeles,California
Van Nuys,91407,Los Angeles,California
Van Nuys,91408,Los Angeles,California
Van Nuys,91409,Los Angeles,California
Van Nuys,91410,Los Angeles,California
Van Nuys,91411,Los Angeles,California
Panorama City,91412,Los Angeles,California
Sherman Oaks,91413,Los Angeles,California
Encino,91416,Los Angeles,California
Sherman Oaks,91423,Los Angeles,California
Encino,91426,Los Angeles,California
Encino,91436,Los Angeles,California
Van Nuys,91470,Los Angeles,California
Van Nuys,91482,Los Angeles,California
Sherman Oaks,91495,Los Angeles,California
Van Nuys,91496,Los Angeles,California
Van Nuys,91497,Los Angeles,California
Van Nuys,91499,Los Angeles,California
Burbank,91501,Los Angeles,California
Burbank,91502,Los Angeles,California
Burbank,91503,Los Angeles,California
Burbank,91504,Los Angeles,California
Burbank,91505,Los Angeles,California
Burbank,91506,Los Angeles,California
Burbank,91507,Los Angeles,California
Burbank,91508,Los Angeles,California
Burbank,91510,Los Angeles,California
Burbank,91521,Los Angeles,California
Burbank,91522,Los Angeles,California
Burbank,91523,Los Angeles,California
Burbank,91526,Los Angeles,California
North Hollywood,91601,Los Angeles,California
North Hollywood,91602,Los Angeles,California
North Hollywood,91603,Los Angeles,California
Studio City,91604,Los Angeles,California
North Hollywood,91605,Los Angeles,California
North Hollywood,91606,Los Angeles,California
Valley Village,91607,Los Angeles,California
Universal City,91608,Los Angeles,California
North Hollywood,91609,Los Angeles,California
Toluca Lake,91610,Los Angeles,California
North Hollywood,91611,Los Angeles,California
North Hollywood,91612,Los Angeles,California
Studio City,91614,Los Angeles,California
North Hollywood,91615,Los Angeles,California
North Hollywood,91616,Los Angeles,California
Valley Village,91617,Los Angeles,California
North Hollywood,91618,Los Angeles,California
Azusa,91702,Los Angeles,California
Baldwin Park,91706,Los Angeles,California
Claremont,91711,Los Angeles,California
City Of Industry,91714,Los Angeles,California
City Of Industry,91715,Los Angeles,California
City Of Industry,91716,Los Angeles,California
Covina,91722,Los Angeles,California
Covina,91723,Los Angeles,California
Covina,91724,Los Angeles,California
El Monte,91731,Los Angeles,California
El Monte,91732,Los Angeles,California
South El Monte,91733,Los Angeles,California
El Monte,91734,Los Angeles,California
El Monte,91735,Los Angeles,California
Glendora,91740,Los Angeles,California
Glendora,91741,Los Angeles,California
La Puente,91744,Los Angeles,California
Hacienda Heights,91745,Los Angeles,California
La Puente,91746,Los Angeles,California
La Puente,91747,Los Angeles,California
Rowland Heights,91748,Los Angeles,California
La Puente,91749,Los Angeles,California
La Verne,91750,Los Angeles,California
Monterey Park,91754,Los Angeles,California
Monterey Park,91755,Los Angeles,California
Monterey Park,91756,Los Angeles,California
Diamond Bar,91765,Los Angeles,California
Pomona,91766,Los Angeles,California
Pomona,91767,Los Angeles,California
Pomona,91768,Los Angeles,California
Pomona,91769,Los Angeles,California
Rosemead,91770,Los Angeles,California
Rosemead,91771,Los Angeles,California
Rosemead,91772,Los Angeles,California
San Dimas,91773,Los Angeles,California
San Gabriel,91775,Los Angeles,California
San Gabriel,91776,Los Angeles,California
San Gabriel,91778,Los Angeles,California
Temple City,91780,Los Angeles,California
Walnut,91788,Los Angeles,California
Walnut,91789,Los Angeles,California
West Covina,91790,Los Angeles,California
West Covina,91791,Los Angeles,California
West Covina,91792,Los Angeles,California
West Covina,91793,Los Angeles,California
Walnut,91795,Los Angeles,California
Pomona,91797,Los Angeles,California
Pomona,91799,Los Angeles,California
Alhambra,91801,Los Angeles,California
Alhambra,91802,Los Angeles,California
Alhambra,91803,Los Angeles,California
Alhambra,91804,Los Angeles,California
Alhambra,91841,Los Angeles,California
Alhambra,91896,Los Angeles,California
Alhambra,91899,Los Angeles,California
Lebec,93243,Los Angeles,California
Acton,93510,Los Angeles,California
Lake Hughes,93532,Los Angeles,California
Lancaster,93534,Los Angeles,California
Lancaster,93535,Los Angeles,California
Lancaster,93536,Los Angeles,California
Lancaster,93539,Los Angeles,California
Littlerock,93543,Los Angeles,California
Llano,93544,Los Angeles,California
Palmdale,93550,Los Angeles,California
Palmdale,93551,Los Angeles,California
Palmdale,93552,Los Angeles,California
Pearblossom,93553,Los Angeles,California
Valyermo,93563,Los Angeles,California
Lancaster,93584,Los Angeles,California
Lancaster,93586,Los Angeles,California
Palmdale,93590,Los Angeles,California
Palmdale,93591,Los Angeles,California
Palmdale,93599,Los Angeles,California
Ahwahnee,93601,Madera,California
Bass Lake,93604,Madera,California
Chowchilla,93610,Madera,California
Coarsegold,93614,Madera,California
Friant,93626,Madera,California
Madera,93636,Madera,California
Madera,93637,Madera,California
Madera,93638,Madera,California
Madera,93639,Madera,California
North Fork,93643,Madera,California
Oakhurst,93644,Madera,California
O Neals,93645,Madera,California
Raymond,93653,Madera,California
Wishon,93669,Madera,California
San Rafael,94901,Marin,California
San Rafael,94903,Marin,California
Greenbrae,94904,Marin,California
San Rafael,94912,Marin,California
San Rafael,94913,Marin,California
Kentfield,94914,Marin,California
San Rafael,94915,Marin,California
Belvedere Tiburon,94920,Marin,California
Bolinas,94924,Marin,California
Corte Madera,94925,Marin,California
Dillon Beach,94929,Marin,California
Fairfax,94930,Marin,California
Forest Knolls,94933,Marin,California
Inverness,94937,Marin,California
Lagunitas,94938,Marin,California
Larkspur,94939,Marin,California
Marshall,94940,Marin,California
Mill Valley,94941,Marin,California
Mill Valley,94942,Marin,California
Novato,94945,Marin,California
Nicasio,94946,Marin,California
Novato,94947,Marin,California
Novato,94948,Marin,California
Novato,94949,Marin,California
Olema,94950,Marin,California
Point Reyes Station,94956,Marin,California
Ross,94957,Marin,California
San Anselmo,94960,Marin,California
San Geronimo,94963,Marin,California
San Quentin,94964,Marin,California
Sausalito,94965,Marin,California
Sausalito,94966,Marin,California
Stinson Beach,94970,Marin,California
Tomales,94971,Marin,California
Woodacre,94973,Marin,California
San Quentin,94974,Marin,California
Corte Madera,94976,Marin,California
Larkspur,94977,Marin,California
Fairfax,94978,Marin,California
San Anselmo,94979,Marin,California
Novato,94998,Marin,California
Fish Camp,93623,Mariposa,California
Catheys Valley,95306,Mariposa,California
Coulterville,95311,Mariposa,California
El Portal,95318,Mariposa,California
Hornitos,95325,Mariposa,California
La Grange,95329,Mariposa,California
Mariposa,95338,Mariposa,California
Midpines,95345,Mariposa,California
Yosemite National Park,95389,Mariposa,California
Albion,95410,Mendocino,California
Boonville,95415,Mendocino,California
Branscomb,95417,Mendocino,California
Calpella,95418,Mendocino,California
Caspar,95420,Mendocino,California
Comptche,95427,Mendocino,California
Covelo,95428,Mendocino,California
Dos Rios,95429,Mendocino,California
Elk,95432,Mendocino,California
Fort Bragg,95437,Mendocino,California
Gualala,95445,Mendocino,California
Hopland,95449,Mendocino,California
Laytonville,95454,Mendocino,California
Little River,95456,Mendocino,California
Manchester,95459,Mendocino,California
Mendocino,95460,Mendocino,California
Navarro,95463,Mendocino,California
Philo,95466,Mendocino,California
Point Arena,95468,Mendocino,California
Redwood Valley,95470,Mendocino,California
Talmage,95481,Mendocino,California
Ukiah,95482,Mendocino,California
Westport,95488,Mendocino,California
Willits,95490,Mendocino,California
Yorkville,95494,Mendocino,California
Leggett,95585,Mendocino,California
Piercy,95587,Mendocino,California
Dos Palos,93620,Merced,California
Los Banos,93635,Merced,California
Santa Rita Park,93661,Merced,California
South Dos Palos,93665,Merced,California
Atwater,95301,Merced,California
Ballico,95303,Merced,California
Cressey,95312,Merced,California
Delhi,95315,Merced,California
El Nido,95317,Merced,California
Gustine,95322,Merced,California
Hilmar,95324,Merced,California
Le Grand,95333,Merced,California
Livingston,95334,Merced,California
Merced,95340,Merced,California
Merced,95341,Merced,California
Merced,95343,Merced,California
Merced,95344,Merced,California
Merced,95348,Merced,California
Planada,95365,Merced,California
Snelling,95369,Merced,California
Stevinson,95374,Merced,California
Winton,95388,Merced,California
Adin,96006,Modoc,California
Canby,96015,Modoc,California
Lookout,96054,Modoc,California
Alturas,96101,Modoc,California
Cedarville,96104,Modoc,California
Davis Creek,96108,Modoc,California
Eagleville,96110,Modoc,California
Fort Bidwell,96112,Modoc,California
Lake City,96115,Modoc,California
Likely,96116,Modoc,California
Benton,93512,Mono,California
Bridgeport,93517,Mono,California
June Lake,93529,Mono,California
Lee Vining,93541,Mono,California
Mammoth Lakes,93546,Mono,California
Coleville,96107,Mono,California
Topaz,96133,Mono,California
Bradley,93426,Monterey,California
San Ardo,93450,Monterey,California
Salinas,93901,Monterey,California
Salinas,93902,Monterey,California
Salinas,93905,Monterey,California
Salinas,93906,Monterey,California
Salinas,93907,Monterey,California
Salinas,93908,Monterey,California
Salinas,93912,Monterey,California
Salinas,93915,Monterey,California
Big Sur,93920,Monterey,California
Carmel By The Sea,93921,Monterey,California
Carmel,93922,Monterey,California
Carmel,93923,Monterey,California
Carmel Valley,93924,Monterey,California
Chualar,93925,Monterey,California
Gonzales,93926,Monterey,California
Greenfield,93927,Monterey,California
Jolon,93928,Monterey,California
King City,93930,Monterey,California
Lockwood,93932,Monterey,California
Marina,93933,Monterey,California
Monterey,93940,Monterey,California
Monterey,93942,Monterey,California
Monterey,93943,Monterey,California
Monterey,93944,Monterey,California
Pacific Grove,93950,Monterey,California
Pebble Beach,93953,Monterey,California
San Lucas,93954,Monterey,California
Seaside,93955,Monterey,California
Soledad,93960,Monterey,California
Spreckels,93962,Monterey,California
Aromas,95004,Monterey,California
Castroville,95012,Monterey,California
Moss Landing,95039,Monterey,California
American Canyon,94503,Napa,California
Angwin,94508,Napa,California
Calistoga,94515,Napa,California
Napa,94558,Napa,California
Napa,94559,Napa,California
Oakville,94562,Napa,California
Pope Valley,94567,Napa,California
Rutherford,94573,Napa,California
Saint Helena,94574,Napa,California
Deer Park,94576,Napa,California
Napa,94581,Napa,California
Yountville,94599,Napa,California
Chicago Park,95712,Nevada,California
Soda Springs,95728,Nevada,California
Cedar Ridge,95924,Nevada,California
Grass Valley,95945,Nevada,California
Penn Valley,95946,Nevada,California
Grass Valley,95949,Nevada,California
Nevada City,95959,Nevada,California
North San Juan,95960,Nevada,California
Rough And Ready,95975,Nevada,California
Washington,95986,Nevada,California
Floriston,96111,Nevada,California
Truckee,96160,Nevada,California
Truckee,96161,Nevada,California
Buena Park,90620,Orange,California
Buena Park,90621,Orange,California
Buena Park,90622,Orange,California
La Palma,90623,Orange,California
Buena Park,90624,Orange,California
Cypress,90630,Orange,California
La Habra,90631,Orange,California
La Habra,90632,Orange,California
La Habra,90633,Orange,California
Stanton,90680,Orange,California
Los Alamitos,90720,Orange,California
Los Alamitos,90721,Orange,California
Seal Beach,90740,Orange,California
Sunset Beach,90742,Orange,California
Surfside,90743,Orange,California
Irvine,92602,Orange,California
Irvine,92603,Orange,California
Irvine,92604,Orange,California
Huntington Beach,92605,Orange,California
Irvine,92606,Orange,California
Laguna Niguel,92607,Orange,California
El Toro,92609,Orange,California
Foothill Ranch,92610,Orange,California
Irvine,92612,Orange,California
Irvine,92614,Orange,California
Huntington Beach,92615,Orange,California
Irvine,92616,Orange,California
Irvine,92617,Orange,California
Irvine,92618,Orange,California
Irvine,92619,Orange,California
Irvine,92620,Orange,California
Irvine,92623,Orange,California
Capistrano Beach,92624,Orange,California
Corona Del Mar,92625,Orange,California
Costa Mesa,92626,Orange,California
Costa Mesa,92627,Orange,California
Costa Mesa,92628,Orange,California
Dana Point,92629,Orange,California
Lake Forest,92630,Orange,California
Laguna Woods,92637,Orange,California
Huntington Beach,92646,Orange,California
Huntington Beach,92647,Orange,California
Huntington Beach,92648,Orange,California
Huntington Beach,92649,Orange,California
East Irvine,92650,Orange,California
Laguna Beach,92651,Orange,California
Laguna Beach,92652,Orange,California
Laguna Hills,92653,Orange,California
Laguna Hills,92654,Orange,California
Midway City,92655,Orange,California
Aliso Viejo,92656,Orange,California
Newport Coast,92657,Orange,California
Newport Beach,92658,Orange,California
Newport Beach,92659,Orange,California
Newport Beach,92660,Orange,California
Newport Beach,92661,Orange,California
Newport Beach,92662,Orange,California
Newport Beach,92663,Orange,California
San Clemente,92672,Orange,California
San Clemente,92673,Orange,California
San Clemente,92674,Orange,California
San Juan Capistrano,92675,Orange,California
Silverado,92676,Orange,California
Laguna Niguel,92677,Orange,California
Trabuco Canyon,92678,Orange,California
Trabuco Canyon,92679,Orange,California
Westminster,92683,Orange,California
Westminster,92684,Orange,California
Westminster,92685,Orange,California
Rancho Santa Margarita,92688,Orange,California
Mission Viejo,92690,Orange,California
Mission Viejo,92691,Orange,California
Mission Viejo,92692,Orange,California
San Juan Capistrano,92693,Orange,California
Ladera Ranch,92694,Orange,California
Irvine,92697,Orange,California
Aliso Viejo,92698,Orange,California
Santa Ana,92701,Orange,California
Santa Ana,92702,Orange,California
Santa Ana,92703,Orange,California
Santa Ana,92704,Orange,California
Santa Ana,92705,Orange,California
Santa Ana,92706,Orange,California
Santa Ana,92707,Orange,California
Fountain Valley,92708,Orange,California
Irvine,92709,Orange,California
Irvine,92710,Orange,California
Santa Ana,92711,Orange,California
Santa Ana,92712,Orange,California
Santa Ana,92725,Orange,California
Fountain Valley,92728,Orange,California
Santa Ana,92735,Orange,California
Tustin,92780,Orange,California
Tustin,92781,Orange,California
Tustin,92782,Orange,California
Santa Ana,92799,Orange,California
Anaheim,92801,Orange,California
Anaheim,92802,Orange,California
Anaheim,92803,Orange,California
Anaheim,92804,Orange,California
Anaheim,92805,Orange,California
Anaheim,92806,Orange,California
Anaheim,92807,Orange,California
Anaheim,92808,Orange,California
Anaheim,92809,Orange,California
Atwood,92811,Orange,California
Anaheim,92812,Orange,California
Anaheim,92814,Orange,California
Anaheim,92815,Orange,California
Anaheim,92816,Orange,California
Anaheim,92817,Orange,California
Brea,92821,Orange,California
Brea,92822,Orange,California
Brea,92823,Orange,California
Anaheim,92825,Orange,California
Fullerton,92831,Orange,California
Fullerton,92832,Orange,California
Fullerton,92833,Orange,California
Fullerton,92834,Orange,California
Fullerton,92835,Orange,California
Fullerton,92836,Orange,California
Fullerton,92837,Orange,California
Fullerton,92838,Orange,California
Garden Grove,92840,Orange,California
Garden Grove,92841,Orange,California
Garden Grove,92842,Orange,California
Garden Grove,92843,Orange,California
Garden Grove,92844,Orange,California
Garden Grove,92845,Orange,California
Garden Grove,92846,Orange,California
Anaheim,92850,Orange,California
Orange,92856,Orange,California
Orange,92857,Orange,California
Orange,92859,Orange,California
Villa Park,92861,Orange,California
Orange,92862,Orange,California
Orange,92863,Orange,California
Orange,92864,Orange,California
Orange,92865,Orange,California
Orange,92866,Orange,California
Orange,92867,Orange,California
Orange,92868,Orange,California
Orange,92869,Orange,California
Placentia,92870,Orange,California
Placentia,92871,Orange,California
Yorba Linda,92885,Orange,California
Yorba Linda,92886,Orange,California
Yorba Linda,92887,Orange,California
Anaheim,92899,Orange,California
Auburn,95602,Placer,California
Auburn,95603,Placer,California
Auburn,95604,Placer,California
Foresthill,95631,Placer,California
Lincoln,95648,Placer,California
Loomis,95650,Placer,California
Newcastle,95658,Placer,California
Roseville,95661,Placer,California
Penryn,95663,Placer,California
Rocklin,95677,Placer,California
Roseville,95678,Placer,California
Sheridan,95681,Placer,California
Alta,95701,Placer,California
Applegate,95703,Placer,California
Colfax,95713,Placer,California
Dutch Flat,95714,Placer,California
Emigrant Gap,95715,Placer,California
Gold Run,95717,Placer,California
Meadow Vista,95722,Placer,California
Norden,95724,Placer,California
Weimar,95736,Placer,California
Granite Bay,95746,Placer,California
Roseville,95747,Placer,California
Rocklin,95765,Placer,California
Carnelian Bay,96140,Placer,California
Homewood,96141,Placer,California
Kings Beach,96143,Placer,California
Tahoe City,96145,Placer,California
Olympic Valley,96146,Placer,California
Tahoe Vista,96148,Placer,California
Truckee,96162,Placer,California
Belden,95915,Plumas,California
Canyon Dam,95923,Plumas,California
Crescent Mills,95934,Plumas,California
Greenville,95947,Plumas,California
Meadow Valley,95956,Plumas,California
Quincy,95971,Plumas,California
Storrie,95980,Plumas,California
Strawberry Valley,95981,Plumas,California
Taylorsville,95983,Plumas,California
Twain,95984,Plumas,California
Chester,96020,Plumas,California
Blairsden-graeagle,96103,Plumas,California
Chilcoot,96105,Plumas,California
Clio,96106,Plumas,California
Milford,96121,Plumas,California
Portola,96122,Plumas,California
Beckwourth,96129,Plumas,California
Vinton,96135,Plumas,California
Mira Loma,91752,Riverside,California
Indio,92201,Riverside,California
Indio,92202,Riverside,California
Indio,92203,Riverside,California
Indian Wells,92210,Riverside,California
Palm Desert,92211,Riverside,California
Banning,92220,Riverside,California
Beaumont,92223,Riverside,California
Blythe,92225,Riverside,California
Blythe,92226,Riverside,California
Cabazon,92230,Riverside,California
Cathedral City,92234,Riverside,California
Cathedral City,92235,Riverside,California
Coachella,92236,Riverside,California
Desert Center,92239,Riverside,California
Desert Hot Springs,92240,Riverside,California
Desert Hot Springs,92241,Riverside,California
La Quinta,92247,Riverside,California
La Quinta,92248,Riverside,California
La Quinta,92253,Riverside,California
Mecca,92254,Riverside,California
Palm Desert,92255,Riverside,California
North Palm Springs,92258,Riverside,California
Palm Desert,92260,Riverside,California
Palm Desert,92261,Riverside,California
Palm Springs,92262,Riverside,California
Palm Springs,92263,Riverside,California
Palm Springs,92264,Riverside,California
Rancho Mirage,92270,Riverside,California
Thousand Palms,92276,Riverside,California
Whitewater,92282,Riverside,California
Palm Springs,92292,Riverside,California
Calimesa,92320,Riverside,California
Riverside,92501,Riverside,California
Riverside,92502,Riverside,California
Riverside,92503,Riverside,California
Riverside,92504,Riverside,California
Riverside,92505,Riverside,California
Riverside,92506,Riverside,California
Riverside,92507,Riverside,California
Riverside,92508,Riverside,California
Riverside,92509,Riverside,California
Riverside,92513,Riverside,California
Riverside,92514,Riverside,California
Riverside,92515,Riverside,California
Riverside,92516,Riverside,California
Riverside,92517,Riverside,California
March Air Reserve Base,92518,Riverside,California
Riverside,92519,Riverside,California
Riverside,92521,Riverside,California
Riverside,92522,Riverside,California
Lake Elsinore,92530,Riverside,California
Lake Elsinore,92531,Riverside,California
Lake Elsinore,92532,Riverside,California
Aguanga,92536,Riverside,California
Anza,92539,Riverside,California
Hemet,92543,Riverside,California
Hemet,92544,Riverside,California
Hemet,92545,Riverside,California
Hemet,92546,Riverside,California
Homeland,92548,Riverside,California
Idyllwild,92549,Riverside,California
Moreno Valley,92551,Riverside,California
Moreno Valley,92552,Riverside,California
Moreno Valley,92553,Riverside,California
Moreno Valley,92554,Riverside,California
Moreno Valley,92555,Riverside,California
Moreno Valley,92556,Riverside,California
Moreno Valley,92557,Riverside,California
Mountain Center,92561,Riverside,California
Murrieta,92562,Riverside,California
Murrieta,92563,Riverside,California
Murrieta,92564,Riverside,California
Nuevo,92567,Riverside,California
Perris,92570,Riverside,California
Perris,92571,Riverside,California
Perris,92572,Riverside,California
San Jacinto,92581,Riverside,California
San Jacinto,92582,Riverside,California
San Jacinto,92583,Riverside,California
Menifee,92584,Riverside,California
Sun City,92585,Riverside,California
Sun City,92586,Riverside,California
Sun City,92587,Riverside,California
Temecula,92589,Riverside,California
Temecula,92590,Riverside,California
Temecula,92591,Riverside,California
Temecula,92592,Riverside,California
Temecula,92593,Riverside,California
Wildomar,92595,Riverside,California
Winchester,92596,Riverside,California
Perris,92599,Riverside,California
Norco,92860,Riverside,California
Corona,92877,Riverside,California
Corona,92878,Riverside,California
Corona,92879,Riverside,California
Corona,92880,Riverside,California
Corona,92881,Riverside,California
Corona,92882,Riverside,California
Corona,92883,Riverside,California
Sacramento,94203,Sacramento,California
Sacramento,94204,Sacramento,California
Sacramento,94205,Sacramento,California
Sacramento,94206,Sacramento,California
Sacramento,94207,Sacramento,California
Sacramento,94208,Sacramento,California
Sacramento,94209,Sacramento,California
Sacramento,94211,Sacramento,California
Sacramento,94229,Sacramento,California
Sacramento,94230,Sacramento,California
Sacramento,94232,Sacramento,California
Sacramento,94234,Sacramento,California
Sacramento,94235,Sacramento,California
Sacramento,94236,Sacramento,California
Sacramento,94237,Sacramento,California
Sacramento,94239,Sacramento,California
Sacramento,94240,Sacramento,California
Sacramento,94244,Sacramento,California
Sacramento,94245,Sacramento,California
Sacramento,94246,Sacramento,California
Sacramento,94247,Sacramento,California
Sacramento,94248,Sacramento,California
Sacramento,94249,Sacramento,California
Sacramento,94250,Sacramento,California
Sacramento,94252,Sacramento,California
Sacramento,94254,Sacramento,California
Sacramento,94256,Sacramento,California
Sacramento,94257,Sacramento,California
Sacramento,94258,Sacramento,California
Sacramento,94259,Sacramento,California
Sacramento,94261,Sacramento,California
Sacramento,94262,Sacramento,California
Sacramento,94263,Sacramento,California
Sacramento,94267,Sacramento,California
Sacramento,94268,Sacramento,California
Sacramento,94269,Sacramento,California
Sacramento,94271,Sacramento,California
Sacramento,94273,Sacramento,California
Sacramento,94274,Sacramento,California
Sacramento,94277,Sacramento,California
Sacramento,94278,Sacramento,California
Sacramento,94279,Sacramento,California
Sacramento,94280,Sacramento,California
Sacramento,94282,Sacramento,California
Sacramento,94283,Sacramento,California
Sacramento,94284,Sacramento,California
Sacramento,94285,Sacramento,California
Sacramento,94286,Sacramento,California
Sacramento,94287,Sacramento,California
Sacramento,94288,Sacramento,California
Sacramento,94289,Sacramento,California
Sacramento,94290,Sacramento,California
Sacramento,94291,Sacramento,California
Sacramento,94293,Sacramento,California
Sacramento,94294,Sacramento,California
Sacramento,94295,Sacramento,California
Sacramento,94296,Sacramento,California
Sacramento,94297,Sacramento,California
Sacramento,94298,Sacramento,California
Sacramento,94299,Sacramento,California
Carmichael,95608,Sacramento,California
Carmichael,95609,Sacramento,California
Citrus Heights,95610,Sacramento,California
Citrus Heights,95611,Sacramento,California
Courtland,95615,Sacramento,California
Citrus Heights,95621,Sacramento,California
Elk Grove,95624,Sacramento,California
Elverta,95626,Sacramento,California
Fair Oaks,95628,Sacramento,California
Folsom,95630,Sacramento,California
Galt,95632,Sacramento,California
Herald,95638,Sacramento,California
Hood,95639,Sacramento,California
Isleton,95641,Sacramento,California
Mcclellan,95652,Sacramento,California
Mather,95655,Sacramento,California
North Highlands,95660,Sacramento,California
Orangevale,95662,Sacramento,California
Rancho Cordova,95670,Sacramento,California
Represa,95671,Sacramento,California
Rio Linda,95673,Sacramento,California
Ryde,95680,Sacramento,California
Sloughhouse,95683,Sacramento,California
Walnut Grove,95690,Sacramento,California
Wilton,95693,Sacramento,California
Rancho Cordova,95741,Sacramento,California
Rancho Cordova,95742,Sacramento,California
Elk Grove,95757,Sacramento,California
Elk Grove,95758,Sacramento,California
Elk Grove,95759,Sacramento,California
Folsom,95763,Sacramento,California
Sacramento,95811,Sacramento,California
Sacramento,95812,Sacramento,California
Sacramento,95813,Sacramento,California
Sacramento,95814,Sacramento,California
Sacramento,95815,Sacramento,California
Sacramento,95816,Sacramento,California
Sacramento,95817,Sacramento,California
Sacramento,95818,Sacramento,California
Sacramento,95819,Sacramento,California
Sacramento,95820,Sacramento,California
Sacramento,95821,Sacramento,California
Sacramento,95822,Sacramento,California
Sacramento,95823,Sacramento,California
Sacramento,95824,Sacramento,California
Sacramento,95825,Sacramento,California
Sacramento,95826,Sacramento,California
Sacramento,95827,Sacramento,California
Sacramento,95828,Sacramento,California
Sacramento,95829,Sacramento,California
Sacramento,95830,Sacramento,California
Sacramento,95831,Sacramento,California
Sacramento,95832,Sacramento,California
Sacramento,95833,Sacramento,California
Sacramento,95834,Sacramento,California
Sacramento,95835,Sacramento,California
Sacramento,95836,Sacramento,California
Sacramento,95837,Sacramento,California
Sacramento,95838,Sacramento,California
Sacramento,95840,Sacramento,California
Sacramento,95841,Sacramento,California
Sacramento,95842,Sacramento,California
Antelope,95843,Sacramento,California
Sacramento,95851,Sacramento,California
Sacramento,95852,Sacramento,California
Sacramento,95853,Sacramento,California
Sacramento,95860,Sacramento,California
Sacramento,95864,Sacramento,California
Sacramento,95865,Sacramento,California
Sacramento,95866,Sacramento,California
Sacramento,95867,Sacramento,California
Sacramento,95887,Sacramento,California
Sacramento,95894,Sacramento,California
Sacramento,95899,Sacramento,California
Hollister,95023,San Benito,California
Hollister,95024,San Benito,California
Paicines,95043,San Benito,California
San Juan Bautista,95045,San Benito,California
Tres Pinos,95075,San Benito,California
Rancho Cucamonga,91701,San Bernardino,California
Chino,91708,San Bernardino,California
Chino Hills,91709,San Bernardino,California
Chino,91710,San Bernardino,California
Rancho Cucamonga,91729,San Bernardino,California
Rancho Cucamonga,91730,San Bernardino,California
Rancho Cucamonga,91737,San Bernardino,California
Rancho Cucamonga,91739,San Bernardino,California
Guasti,91743,San Bernardino,California
Ontario,91758,San Bernardino,California
Mt Baldy,91759,San Bernardino,California
Ontario,91761,San Bernardino,California
Ontario,91762,San Bernardino,California
Montclair,91763,San Bernardino,California
Ontario,91764,San Bernardino,California
Upland,91784,San Bernardino,California
Upland,91785,San Bernardino,California
Upland,91786,San Bernardino,California
Ontario,91798,San Bernardino,California
Earp,92242,San Bernardino,California
Joshua Tree,92252,San Bernardino,California
Morongo Valley,92256,San Bernardino,California
Parker Dam,92267,San Bernardino,California
Pioneertown,92268,San Bernardino,California
Twentynine Palms,92277,San Bernardino,California
Twentynine Palms,92278,San Bernardino,California
Vidal,92280,San Bernardino,California
Yucca Valley,92284,San Bernardino,California
Landers,92285,San Bernardino,California
Yucca Valley,92286,San Bernardino,California
Adelanto,92301,San Bernardino,California
Amboy,92304,San Bernardino,California
Angelus Oaks,92305,San Bernardino,California
Apple Valley,92307,San Bernardino,California
Apple Valley,92308,San Bernardino,California
Baker,92309,San Bernardino,California
Fort Irwin,92310,San Bernardino,California
Barstow,92311,San Bernardino,California
Barstow,92312,San Bernardino,California
Grand Terrace,92313,San Bernardino,California
Big Bear City,92314,San Bernardino,California
Big Bear Lake,92315,San Bernardino,California
Bloomington,92316,San Bernardino,California
Blue Jay,92317,San Bernardino,California
Bryn Mawr,92318,San Bernardino,California
Cedar Glen,92321,San Bernardino,California
Cedarpines Park,92322,San Bernardino,California
Cima,92323,San Bernardino,California
Colton,92324,San Bernardino,California
Crestline,92325,San Bernardino,California
Crest Park,92326,San Bernardino,California
Daggett,92327,San Bernardino,California
Phelan,92329,San Bernardino,California
Fontana,92331,San Bernardino,California
Essex,92332,San Bernardino,California
Fawnskin,92333,San Bernardino,California
Fontana,92334,San Bernardino,California
Fontana,92335,San Bernardino,California
Fontana,92336,San Bernardino,California
Fontana,92337,San Bernardino,California
Ludlow,92338,San Bernardino,California
Forest Falls,92339,San Bernardino,California
Hesperia,92340,San Bernardino,California
Green Valley Lake,92341,San Bernardino,California
Helendale,92342,San Bernardino,California
Hesperia,92344,San Bernardino,California
Hesperia,92345,San Bernardino,California
Highland,92346,San Bernardino,California
Hinkley,92347,San Bernardino,California
Loma Linda,92350,San Bernardino,California
Lake Arrowhead,92352,San Bernardino,California
Loma Linda,92354,San Bernardino,California
Lucerne Valley,92356,San Bernardino,California
Loma Linda,92357,San Bernardino,California
Lytle Creek,92358,San Bernardino,California
Mentone,92359,San Bernardino,California
Needles,92363,San Bernardino,California
Nipton,92364,San Bernardino,California
Newberry Springs,92365,San Bernardino,California
Mountain Pass,92366,San Bernardino,California
Oro Grande,92368,San Bernardino,California
Patton,92369,San Bernardino,California
Phelan,92371,San Bernardino,California
Pinon Hills,92372,San Bernardino,California
Redlands,92373,San Bernardino,California
Redlands,92374,San Bernardino,California
Redlands,92375,San Bernardino,California
Rialto,92376,San Bernardino,California
Rialto,92377,San Bernardino,California
Rimforest,92378,San Bernardino,California
Running Springs,92382,San Bernardino,California
Skyforest,92385,San Bernardino,California
Sugarloaf,92386,San Bernardino,California
Twin Peaks,92391,San Bernardino,California
Victorville,92392,San Bernardino,California
Victorville,92393,San Bernardino,California
Victorville,92394,San Bernardino,California
Victorville,92395,San Bernardino,California
Wrightwood,92397,San Bernardino,California
Yermo,92398,San Bernardino,California
Yucaipa,92399,San Bernardino,California
San Bernardino,92401,San Bernardino,California
San Bernardino,92402,San Bernardino,California
San Bernardino,92403,San Bernardino,California
San Bernardino,92404,San Bernardino,California
San Bernardino,92405,San Bernardino,California
San Bernardino,92406,San Bernardino,California
San Bernardino,92407,San Bernardino,California
San Bernardino,92408,San Bernardino,California
San Bernardino,92410,San Bernardino,California
San Bernardino,92411,San Bernardino,California
San Bernardino,92412,San Bernardino,California
San Bernardino,92413,San Bernardino,California
San Bernardino,92414,San Bernardino,California
San Bernardino,92415,San Bernardino,California
San Bernardino,92418,San Bernardino,California
San Bernardino,92423,San Bernardino,California
San Bernardino,92424,San Bernardino,California
San Bernardino,92427,San Bernardino,California
Red Mountain,93558,San Bernardino,California
Trona,93592,San Bernardino,California
Alpine,91901,San Diego,California
Bonita,91902,San Diego,California
Alpine,91903,San Diego,California
Boulevard,91905,San Diego,California
Campo,91906,San Diego,California
Bonita,91908,San Diego,California
Chula Vista,91909,San Diego,California
Chula Vista,91910,San Diego,California
Chula Vista,91911,San Diego,California
Chula Vista,91912,San Diego,California
Chula Vista,91913,San Diego,California
Chula Vista,91914,San Diego,California
Chula Vista,91915,San Diego,California
Descanso,91916,San Diego,California
Dulzura,91917,San Diego,California
Chula Vista,91921,San Diego,California
Guatay,91931,San Diego,California
Imperial Beach,91932,San Diego,California
Imperial Beach,91933,San Diego,California
Jacumba,91934,San Diego,California
Jamul,91935,San Diego,California
La Mesa,91941,San Diego,California
La Mesa,91942,San Diego,California
La Mesa,91943,San Diego,California
La Mesa,91944,San Diego,California
Lemon Grove,91945,San Diego,California
Lemon Grove,91946,San Diego,California
Lincoln Acres,91947,San Diego,California
Mount Laguna,91948,San Diego,California
National City,91950,San Diego,California
National City,91951,San Diego,California
Pine Valley,91962,San Diego,California
Potrero,91963,San Diego,California
Spring Valley,91976,San Diego,California
Spring Valley,91977,San Diego,California
Spring Valley,91978,San Diego,California
Spring Valley,91979,San Diego,California
Tecate,91980,San Diego,California
Tecate,91987,San Diego,California
Potrero,91990,San Diego,California
Bonsall,92003,San Diego,California
Borrego Springs,92004,San Diego,California
Cardiff By The Sea,92007,San Diego,California
Carlsbad,92008,San Diego,California
Carlsbad,92009,San Diego,California
Carlsbad,92010,San Diego,California
Carlsbad,92011,San Diego,California
Carlsbad,92013,San Diego,California
Del Mar,92014,San Diego,California
Carlsbad,92018,San Diego,California
El Cajon,92019,San Diego,California
El Cajon,92020,San Diego,California
El Cajon,92021,San Diego,California
El Cajon,92022,San Diego,California
Encinitas,92023,San Diego,California
Encinitas,92024,San Diego,California
Escondido,92025,San Diego,California
Escondido,92026,San Diego,California
Escondido,92027,San Diego,California
Fallbrook,92028,San Diego,California
Escondido,92029,San Diego,California
Escondido,92030,San Diego,California
Escondido,92033,San Diego,California
Julian,92036,San Diego,California
La Jolla,92037,San Diego,California
La Jolla,92038,San Diego,California
La Jolla,92039,San Diego,California
Lakeside,92040,San Diego,California
Escondido,92046,San Diego,California
Oceanside,92049,San Diego,California
Oceanside,92051,San Diego,California
Oceanside,92052,San Diego,California
Oceanside,92054,San Diego,California
Camp Pendleton,92055,San Diego,California
Oceanside,92056,San Diego,California
Oceanside,92057,San Diego,California
Oceanside,92058,San Diego,California
Pala,92059,San Diego,California
Palomar Mountain,92060,San Diego,California
Pauma Valley,92061,San Diego,California
Poway,92064,San Diego,California
Ramona,92065,San Diego,California
Ranchita,92066,San Diego,California
Rancho Santa Fe,92067,San Diego,California
San Luis Rey,92068,San Diego,California
San Marcos,92069,San Diego,California
Santa Ysabel,92070,San Diego,California
Santee,92071,San Diego,California
Santee,92072,San Diego,California
Poway,92074,San Diego,California
Solana Beach,92075,San Diego,California
San Marcos,92078,San Diego,California
San Marcos,92079,San Diego,California
Vista,92081,San Diego,California
Valley Center,92082,San Diego,California
Vista,92083,San Diego,California
Vista,92084,San Diego,California
Vista,92085,San Diego,California
Warner Springs,92086,San Diego,California
Fallbrook,92088,San Diego,California
El Cajon,92090,San Diego,California
Rancho Santa Fe,92091,San Diego,California
La Jolla,92092,San Diego,California
La Jolla,92093,San Diego,California
San Marcos,92096,San Diego,California
San Diego,92101,San Diego,California
San Diego,92102,San Diego,California
San Diego,92103,San Diego,California
San Diego,92104,San Diego,California
San Diego,92105,San Diego,California
San Diego,92106,San Diego,California
San Diego,92107,San Diego,California
San Diego,92108,San Diego,California
San Diego,92109,San Diego,California
San Diego,92110,San Diego,California
San Diego,92111,San Diego,California
San Diego,92112,San Diego,California
San Diego,92113,San Diego,California
San Diego,92114,San Diego,California
San Diego,92115,San Diego,California
San Diego,92116,San Diego,California
San Diego,92117,San Diego,California
Coronado,92118,San Diego,California
San Diego,92119,San Diego,California
San Diego,92120,San Diego,California
San Diego,92121,San Diego,California
San Diego,92122,San Diego,California
San Diego,92123,San Diego,California
San Diego,92124,San Diego,California
San Diego,92126,San Diego,California
San Diego,92127,San Diego,California
San Diego,92128,San Diego,California
San Diego,92129,San Diego,California
San Diego,92130,San Diego,California
San Diego,92131,San Diego,California
San Diego,92132,San Diego,California
San Diego,92133,San Diego,California
San Diego,92134,San Diego,California
San Diego,92135,San Diego,California
San Diego,92136,San Diego,California
San Diego,92137,San Diego,California
San Diego,92138,San Diego,California
San Diego,92139,San Diego,California
San Diego,92140,San Diego,California
San Diego,92142,San Diego,California
San Ysidro,92143,San Diego,California
San Diego,92145,San Diego,California
San Diego,92147,San Diego,California
San Diego,92149,San Diego,California
San Diego,92150,San Diego,California
San Diego,92152,San Diego,California
San Diego,92153,San Diego,California
San Diego,92154,San Diego,California
San Diego,92155,San Diego,California
San Diego,92158,San Diego,California
San Diego,92159,San Diego,California
San Diego,92160,San Diego,California
San Diego,92161,San Diego,California
San Diego,92162,San Diego,California
San Diego,92163,San Diego,California
San Diego,92164,San Diego,California
San Diego,92165,San Diego,California
San Diego,92166,San Diego,California
San Diego,92167,San Diego,California
San Diego,92168,San Diego,California
San Diego,92169,San Diego,California
San Diego,92170,San Diego,California
San Diego,92171,San Diego,California
San Diego,92172,San Diego,California
San Ysidro,92173,San Diego,California
San Diego,92174,San Diego,California
San Diego,92175,San Diego,California
San Diego,92176,San Diego,California
San Diego,92177,San Diego,California
Coronado,92178,San Diego,California
San Diego,92179,San Diego,California
San Diego,92182,San Diego,California
San Diego,92184,San Diego,California
San Diego,92186,San Diego,California
San Diego,92187,San Diego,California
San Diego,92190,San Diego,California
San Diego,92191,San Diego,California
San Diego,92192,San Diego,California
San Diego,92193,San Diego,California
San Diego,92194,San Diego,California
San Diego,92195,San Diego,California
San Diego,92196,San Diego,California
San Diego,92197,San Diego,California
San Diego,92198,San Diego,California
San Diego,92199,San Diego,California
San Francisco,94101,San Francisco,California
San Francisco,94102,San Francisco,California
San Francisco,94103,San Francisco,California
San Francisco,94104,San Francisco,California
San Francisco,94105,San Francisco,California
San Francisco,94106,San Francisco,California
San Francisco,94107,San Francisco,California
San Francisco,94108,San Francisco,California
San Francisco,94109,San Francisco,California
San Francisco,94110,San Francisco,California
San Francisco,94111,San Francisco,California
San Francisco,94112,San Francisco,California
San Francisco,94114,San Francisco,California
San Francisco,94115,San Francisco,California
San Francisco,94116,San Francisco,California
San Francisco,94117,San Francisco,California
San Francisco,94118,San Francisco,California
San Francisco,94119,San Francisco,California
San Francisco,94120,San Francisco,California
San Francisco,94121,San Francisco,California
San Francisco,94122,San Francisco,California
San Francisco,94123,San Francisco,California
San Francisco,94124,San Francisco,California
San Francisco,94125,San Francisco,California
San Francisco,94126,San Francisco,California
San Francisco,94127,San Francisco,California
San Francisco,94128,San Francisco,California
San Francisco,94129,San Francisco,California
San Francisco,94130,San Francisco,California
San Francisco,94131,San Francisco,California
San Francisco,94132,San Francisco,California
San Francisco,94133,San Francisco,California
San Francisco,94134,San Francisco,California
San Francisco,94135,San Francisco,California
San Francisco,94136,San Francisco,California
San Francisco,94137,San Francisco,California
San Francisco,94138,San Francisco,California
San Francisco,94139,San Francisco,California
San Francisco,94140,San Francisco,California
San Francisco,94141,San Francisco,California
San Francisco,94142,San Francisco,California
San Francisco,94143,San Francisco,California
San Francisco,94144,San Francisco,California
San Francisco,94145,San Francisco,California
San Francisco,94146,San Francisco,California
San Francisco,94147,San Francisco,California
San Francisco,94150,San Francisco,California
San Francisco,94151,San Francisco,California
San Francisco,94152,San Francisco,California
San Francisco,94153,San Francisco,California
San Francisco,94154,San Francisco,California
San Francisco,94155,San Francisco,California
San Francisco,94156,San Francisco,California
San Francisco,94158,San Francisco,California
San Francisco,94159,San Francisco,California
San Francisco,94160,San Francisco,California
San Francisco,94161,San Francisco,California
San Francisco,94162,San Francisco,California
San Francisco,94163,San Francisco,California
San Francisco,94164,San Francisco,California
San Francisco,94171,San Francisco,California
San Francisco,94172,San Francisco,California
San Francisco,94175,San Francisco,California
San Francisco,94177,San Francisco,California
San Francisco,94188,San Francisco,California
San Francisco,94199,San Francisco,California
Stockton,95201,San Joaquin,California
Stockton,95202,San Joaquin,California
Stockton,95203,San Joaquin,California
Stockton,95204,San Joaquin,California
Stockton,95205,San Joaquin,California
Stockton,95206,San Joaquin,California
Stockton,95207,San Joaquin,California
Stockton,95208,San Joaquin,California
Stockton,95209,San Joaquin,California
Stockton,95210,San Joaquin,California
Stockton,95211,San Joaquin,California
Stockton,95212,San Joaquin,California
Stockton,95213,San Joaquin,California
Stockton,95215,San Joaquin,California
Stockton,95219,San Joaquin,California
Acampo,95220,San Joaquin,California
Clements,95227,San Joaquin,California
French Camp,95231,San Joaquin,California
Holt,95234,San Joaquin,California
Linden,95236,San Joaquin,California
Lockeford,95237,San Joaquin,California
Lodi,95240,San Joaquin,California
Lodi,95241,San Joaquin,California
Lodi,95242,San Joaquin,California
Victor,95253,San Joaquin,California
Woodbridge,95258,San Joaquin,California
Stockton,95267,San Joaquin,California
Stockton,95269,San Joaquin,California
Stockton,95296,San Joaquin,California
Stockton,95297,San Joaquin,California
Tracy,95304,San Joaquin,California
Escalon,95320,San Joaquin,California
Lathrop,95330,San Joaquin,California
Manteca,95336,San Joaquin,California
Manteca,95337,San Joaquin,California
Ripon,95366,San Joaquin,California
Tracy,95376,San Joaquin,California
Tracy,95377,San Joaquin,California
Tracy,95378,San Joaquin,California
Tracy,95391,San Joaquin,California
Thornton,95686,San Joaquin,California
San Luis Obispo,93401,San Luis Obispo,California
Los Osos,93402,San Luis Obispo,California
San Luis Obispo,93403,San Luis Obispo,California
San Luis Obispo,93405,San Luis Obispo,California
San Luis Obispo,93406,San Luis Obispo,California
San Luis Obispo,93407,San Luis Obispo,California
San Luis Obispo,93408,San Luis Obispo,California
San Luis Obispo,93409,San Luis Obispo,California
San Luis Obispo,93410,San Luis Obispo,California
Los Osos,93412,San Luis Obispo,California
Arroyo Grande,93420,San Luis Obispo,California
Arroyo Grande,93421,San Luis Obispo,California
Atascadero,93422,San Luis Obispo,California
Atascadero,93423,San Luis Obispo,California
Avila Beach,93424,San Luis Obispo,California
Cambria,93428,San Luis Obispo,California
Cayucos,93430,San Luis Obispo,California
Creston,93432,San Luis Obispo,California
Grover Beach,93433,San Luis Obispo,California
Harmony,93435,San Luis Obispo,California
Morro Bay,93442,San Luis Obispo,California
Morro Bay,93443,San Luis Obispo,California
Nipomo,93444,San Luis Obispo,California
Oceano,93445,San Luis Obispo,California
Paso Robles,93446,San Luis Obispo,California
Paso Robles,93447,San Luis Obispo,California
Pismo Beach,93448,San Luis Obispo,California
Pismo Beach,93449,San Luis Obispo,California
San Miguel,93451,San Luis Obispo,California
San Simeon,93452,San Luis Obispo,California
Santa Margarita,93453,San Luis Obispo,California
Shandon,93461,San Luis Obispo,California
Templeton,93465,San Luis Obispo,California
Oceano,93475,San Luis Obispo,California
Grover Beach,93483,San Luis Obispo,California
Belmont,94002,San Mateo,California
Brisbane,94005,San Mateo,California
Burlingame,94010,San Mateo,California
Burlingame,94011,San Mateo,California
Daly City,94013,San Mateo,California
Daly City,94014,San Mateo,California
Daly City,94015,San Mateo,California
Daly City,94016,San Mateo,California
Daly City,94017,San Mateo,California
El Granada,94018,San Mateo,California
Half Moon Bay,94019,San Mateo,California
La Honda,94020,San Mateo,California
Loma Mar,94021,San Mateo,California
Menlo Park,94025,San Mateo,California
Menlo Park,94026,San Mateo,California
Atherton,94027,San Mateo,California
Portola Valley,94028,San Mateo,California
Millbrae,94030,San Mateo,California
Montara,94037,San Mateo,California
Moss Beach,94038,San Mateo,California
Pacifica,94044,San Mateo,California
Pescadero,94060,San Mateo,California
Redwood City,94061,San Mateo,California
Redwood City,94062,San Mateo,California
Redwood City,94063,San Mateo,California
Redwood City,94064,San Mateo,California
Redwood City,94065,San Mateo,California
San Bruno,94066,San Mateo,California
San Carlos,94070,San Mateo,California
San Gregorio,94074,San Mateo,California
South San Francisco,94080,San Mateo,California
South San Francisco,94083,San Mateo,California
San Mateo,94401,San Mateo,California
San Mateo,94402,San Mateo,California
San Mateo,94403,San Mateo,California
San Mateo,94404,San Mateo,California
San Mateo,94497,San Mateo,California
Carpinteria,93013,Santa Barbara,California
Carpinteria,93014,Santa Barbara,California
Summerland,93067,Santa Barbara,California
Santa Barbara,93101,Santa Barbara,California
Santa Barbara,93102,Santa Barbara,California
Santa Barbara,93103,Santa Barbara,California
Santa Barbara,93105,Santa Barbara,California
Santa Barbara,93106,Santa Barbara,California
Santa Barbara,93107,Santa Barbara,California
Santa Barbara,93108,Santa Barbara,California
Santa Barbara,93109,Santa Barbara,California
Santa Barbara,93110,Santa Barbara,California
Santa Barbara,93111,Santa Barbara,California
Goleta,93116,Santa Barbara,California
Goleta,93117,Santa Barbara,California
Goleta,93118,Santa Barbara,California
Santa Barbara,93120,Santa Barbara,California
Santa Barbara,93121,Santa Barbara,California
Santa Barbara,93130,Santa Barbara,California
Santa Barbara,93140,Santa Barbara,California
Santa Barbara,93150,Santa Barbara,California
Santa Barbara,93160,Santa Barbara,California
Santa Barbara,93190,Santa Barbara,California
Goleta,93199,Santa Barbara,California
New Cuyama,93254,Santa Barbara,California
Buellton,93427,Santa Barbara,California
Casmalia,93429,Santa Barbara,California
Guadalupe,93434,Santa Barbara,California
Lompoc,93436,Santa Barbara,California
Lompoc,93437,Santa Barbara,California
Lompoc,93438,Santa Barbara,California
Los Alamos,93440,Santa Barbara,California
Los Olivos,93441,Santa Barbara,California
Santa Maria,93454,Santa Barbara,California
Santa Maria,93455,Santa Barbara,California
Santa Maria,93456,Santa Barbara,California
Santa Maria,93457,Santa Barbara,California
Santa Maria,93458,Santa Barbara,California
Santa Ynez,93460,Santa Barbara,California
Solvang,93463,Santa Barbara,California
Solvang,93464,Santa Barbara,California
Los Altos,94022,Santa Clara,California
Los Altos,94023,Santa Clara,California
Los Altos,94024,Santa Clara,California
Mountain View,94035,Santa Clara,California
Mountain View,94039,Santa Clara,California
Mountain View,94040,Santa Clara,California
Mountain View,94041,Santa Clara,California
Mountain View,94042,Santa Clara,California
Mountain View,94043,Santa Clara,California
Sunnyvale,94085,Santa Clara,California
Sunnyvale,94086,Santa Clara,California
Sunnyvale,94087,Santa Clara,California
Sunnyvale,94088,Santa Clara,California
Sunnyvale,94089,Santa Clara,California
Palo Alto,94301,Santa Clara,California
Palo Alto,94302,Santa Clara,California
Palo Alto,94303,Santa Clara,California
Palo Alto,94304,Santa Clara,California
Stanford,94305,Santa Clara,California
Palo Alto,94306,Santa Clara,California
Palo Alto,94309,Santa Clara,California
Alviso,95002,Santa Clara,California
Campbell,95008,Santa Clara,California
Campbell,95009,Santa Clara,California
Campbell,95011,Santa Clara,California
Coyote,95013,Santa Clara,California
Cupertino,95014,Santa Clara,California
Cupertino,95015,Santa Clara,California
Gilroy,95020,Santa Clara,California
Gilroy,95021,Santa Clara,California
Holy City,95026,Santa Clara,California
Los Gatos,95030,Santa Clara,California
Los Gatos,95031,Santa Clara,California
Los Gatos,95032,Santa Clara,California
Los Gatos,95033,Santa Clara,California
Milpitas,95035,Santa Clara,California
Milpitas,95036,Santa Clara,California
Morgan Hill,95037,Santa Clara,California
Morgan Hill,95038,Santa Clara,California
New Almaden,95042,Santa Clara,California
Redwood Estates,95044,Santa Clara,California
San Martin,95046,Santa Clara,California
Santa Clara,95050,Santa Clara,California
Santa Clara,95051,Santa Clara,California
Santa Clara,95052,Santa Clara,California
Santa Clara,95053,Santa Clara,California
Santa Clara,95054,Santa Clara,California
Santa Clara,95055,Santa Clara,California
Santa Clara,95056,Santa Clara,California
Saratoga,95070,Santa Clara,California
Saratoga,95071,Santa Clara,California
San Jose,95101,Santa Clara,California
San Jose,95103,Santa Clara,California
San Jose,95106,Santa Clara,California
San Jose,95108,Santa Clara,California
San Jose,95109,Santa Clara,California
San Jose,95110,Santa Clara,California
San Jose,95111,Santa Clara,California
San Jose,95112,Santa Clara,California
San Jose,95113,Santa Clara,California
San Jose,95115,Santa Clara,California
San Jose,95116,Santa Clara,California
San Jose,95117,Santa Clara,California
San Jose,95118,Santa Clara,California
San Jose,95119,Santa Clara,California
San Jose,95120,Santa Clara,California
San Jose,95121,Santa Clara,California
San Jose,95122,Santa Clara,California
San Jose,95123,Santa Clara,California
San Jose,95124,Santa Clara,California
San Jose,95125,Santa Clara,California
San Jose,95126,Santa Clara,California
San Jose,95127,Santa Clara,California
San Jose,95128,Santa Clara,California
San Jose,95129,Santa Clara,California
San Jose,95130,Santa Clara,California
San Jose,95131,Santa Clara,California
San Jose,95132,Santa Clara,California
San Jose,95133,Santa Clara,California
San Jose,95134,Santa Clara,California
San Jose,95135,Santa Clara,California
San Jose,95136,Santa Clara,California
San Jose,95138,Santa Clara,California
San Jose,95139,Santa Clara,California
Mount Hamilton,95140,Santa Clara,California
San Jose,95141,Santa Clara,California
San Jose,95148,Santa Clara,California
San Jose,95150,Santa Clara,California
San Jose,95151,Santa Clara,California
San Jose,95152,Santa Clara,California
San Jose,95153,Santa Clara,California
San Jose,95154,Santa Clara,California
San Jose,95155,Santa Clara,California
San Jose,95156,Santa Clara,California
San Jose,95157,Santa Clara,California
San Jose,95158,Santa Clara,California
San Jose,95159,Santa Clara,California
San Jose,95160,Santa Clara,California
San Jose,95161,Santa Clara,California
San Jose,95164,Santa Clara,California
San Jose,95170,Santa Clara,California
San Jose,95172,Santa Clara,California
San Jose,95173,Santa Clara,California
San Jose,95190,Santa Clara,California
San Jose,95191,Santa Clara,California
San Jose,95192,Santa Clara,California
San Jose,95193,Santa Clara,California
San Jose,95194,Santa Clara,California
San Jose,95196,Santa Clara,California
Aptos,95001,Santa Cruz,California
Aptos,95003,Santa Cruz,California
Ben Lomond,95005,Santa Cruz,California
Boulder Creek,95006,Santa Cruz,California
Brookdale,95007,Santa Cruz,California
Capitola,95010,Santa Cruz,California
Davenport,95017,Santa Cruz,California
Felton,95018,Santa Cruz,California
Freedom,95019,Santa Cruz,California
Mount Hermon,95041,Santa Cruz,California
Santa Cruz,95060,Santa Cruz,California
Santa Cruz,95061,Santa Cruz,California
Santa Cruz,95062,Santa Cruz,California
Santa Cruz,95063,Santa Cruz,California
Santa Cruz,95064,Santa Cruz,California
Santa Cruz,95065,Santa Cruz,California
Scotts Valley,95066,Santa Cruz,California
Scotts Valley,95067,Santa Cruz,California
Soquel,95073,Santa Cruz,California
Watsonville,95076,Santa Cruz,California
Watsonville,95077,Santa Cruz,California
Redding,96001,Shasta,California
Redding,96002,Shasta,California
Redding,96003,Shasta,California
Anderson,96007,Shasta,California
Bella Vista,96008,Shasta,California
Big Bend,96011,Shasta,California
Burney,96013,Shasta,California
Cassel,96016,Shasta,California
Castella,96017,Shasta,California
Shasta Lake,96019,Shasta,California
Fall River Mills,96028,Shasta,California
French Gulch,96033,Shasta,California
Hat Creek,96040,Shasta,California
Igo,96047,Shasta,California
Redding,96049,Shasta,California
Lakehead,96051,Shasta,California
Millville,96062,Shasta,California
Montgomery Creek,96065,Shasta,California
Oak Run,96069,Shasta,California
Obrien,96070,Shasta,California
Old Station,96071,Shasta,California
Palo Cedro,96073,Shasta,California
Platina,96076,Shasta,California
Shasta Lake,96079,Shasta,California
Round Mountain,96084,Shasta,California
Shasta,96087,Shasta,California
Shingletown,96088,Shasta,California
Shasta Lake,96089,Shasta,California
Whiskeytown,96095,Shasta,California
Whitmore,96096,Shasta,California
Redding,96099,Shasta,California
Alleghany,95910,Sierra,California
Camptonville,95922,Sierra,California
Downieville,95936,Sierra,California
Goodyears Bar,95944,Sierra,California
Loyalton,96118,Sierra,California
Calpine,96124,Sierra,California
Sierra City,96125,Sierra,California
Sierraville,96126,Sierra,California
Somes Bar,95568,Siskiyou,California
Callahan,96014,Siskiyou,California
Dorris,96023,Siskiyou,California
Dunsmuir,96025,Siskiyou,California
Etna,96027,Siskiyou,California
Forks Of Salmon,96031,Siskiyou,California
Fort Jones,96032,Siskiyou,California
Gazelle,96034,Siskiyou,California
Greenview,96037,Siskiyou,California
Grenada,96038,Siskiyou,California
Happy Camp,96039,Siskiyou,California
Hornbrook,96044,Siskiyou,California
Klamath River,96050,Siskiyou,California
Mccloud,96057,Siskiyou,California
Macdoel,96058,Siskiyou,California
Montague,96064,Siskiyou,California
Mount Shasta,96067,Siskiyou,California
Scott Bar,96085,Siskiyou,California
Seiad Valley,96086,Siskiyou,California
Weed,96094,Siskiyou,California
Yreka,96097,Siskiyou,California
Tulelake,96134,Siskiyou,California
Benicia,94510,Solano,California
Birds Landing,94512,Solano,California
Fairfield,94533,Solano,California
Fairfield,94534,Solano,California
Travis Afb,94535,Solano,California
Rio Vista,94571,Solano,California
Suisun City,94585,Solano,California
Vallejo,94589,Solano,California
Vallejo,94590,Solano,California
Vallejo,94591,Solano,California
Vallejo,94592,Solano,California
Dixon,95620,Solano,California
Elmira,95625,Solano,California
Vacaville,95687,Solano,California
Vacaville,95688,Solano,California
Vacaville,95696,Solano,California
Bodega,94922,Sonoma,California
Bodega Bay,94923,Sonoma,California
Rohnert Park,94926,Sonoma,California
Rohnert Park,94927,Sonoma,California
Rohnert Park,94928,Sonoma,California
Cotati,94931,Sonoma,California
Penngrove,94951,Sonoma,California
Petaluma,94952,Sonoma,California
Petaluma,94953,Sonoma,California
Petaluma,94954,Sonoma,California
Petaluma,94955,Sonoma,California
Valley Ford,94972,Sonoma,California
Petaluma,94975,Sonoma,California
Petaluma,94999,Sonoma,California
Santa Rosa,95401,Sonoma,California
Santa Rosa,95402,Sonoma,California
Santa Rosa,95403,Sonoma,California
Santa Rosa,95404,Sonoma,California
Santa Rosa,95405,Sonoma,California
Santa Rosa,95406,Sonoma,California
Santa Rosa,95407,Sonoma,California
Santa Rosa,95409,Sonoma,California
Annapolis,95412,Sonoma,California
Boyes Hot Springs,95416,Sonoma,California
Camp Meeker,95419,Sonoma,California
Cazadero,95421,Sonoma,California
Cloverdale,95425,Sonoma,California
Duncans Mills,95430,Sonoma,California
Eldridge,95431,Sonoma,California
El Verano,95433,Sonoma,California
Forestville,95436,Sonoma,California
Fulton,95439,Sonoma,California
Geyserville,95441,Sonoma,California
Glen Ellen,95442,Sonoma,California
Graton,95444,Sonoma,California
Guerneville,95446,Sonoma,California
Healdsburg,95448,Sonoma,California
Jenner,95450,Sonoma,California
Kenwood,95452,Sonoma,California
Monte Rio,95462,Sonoma,California
Occidental,95465,Sonoma,California
Rio Nido,95471,Sonoma,California
Sebastopol,95472,Sonoma,California
Sebastopol,95473,Sonoma,California
Sonoma,95476,Sonoma,California
Stewarts Point,95480,Sonoma,California
Villa Grande,95486,Sonoma,California
Vineburg,95487,Sonoma,California
Windsor,95492,Sonoma,California
The Sea Ranch,95497,Sonoma,California
Farmington,95230,Stanislaus,California
Ceres,95307,Stanislaus,California
Crows Landing,95313,Stanislaus,California
Denair,95316,Stanislaus,California
Empire,95319,Stanislaus,California
Hickman,95323,Stanislaus,California
Hughson,95326,Stanislaus,California
Keyes,95328,Stanislaus,California
Modesto,95350,Stanislaus,California
Modesto,95351,Stanislaus,California
Modesto,95352,Stanislaus,California
Modesto,95353,Stanislaus,California
Modesto,95354,Stanislaus,California
Modesto,95355,Stanislaus,California
Modesto,95356,Stanislaus,California
Modesto,95357,Stanislaus,California
Modesto,95358,Stanislaus,California
Newman,95360,Stanislaus,California
Oakdale,95361,Stanislaus,California
Patterson,95363,Stanislaus,California
Riverbank,95367,Stanislaus,California
Salida,95368,Stanislaus,California
Turlock,95380,Stanislaus,California
Turlock,95381,Stanislaus,California
Turlock,95382,Stanislaus,California
Vernalis,95385,Stanislaus,California
Waterford,95386,Stanislaus,California
Westley,95387,Stanislaus,California
Modesto,95397,Stanislaus,California
Knights Landing,95645,Sutter,California
Nicolaus,95659,Sutter,California
Pleasant Grove,95668,Sutter,California
Rio Oso,95674,Sutter,California
Robbins,95676,Sutter,California
Live Oak,95953,Sutter,California
Meridian,95957,Sutter,California
Sutter,95982,Sutter,California
Yuba City,95991,Sutter,California
Yuba City,95992,Sutter,California
Yuba City,95993,Sutter,California
Corning,96021,Tehama,California
Cottonwood,96022,Tehama,California
Flournoy,96029,Tehama,California
Gerber,96035,Tehama,California
Los Molinos,96055,Tehama,California
Manton,96059,Tehama,California
Mill Creek,96061,Tehama,California
Mineral,96063,Tehama,California
Paskenta,96074,Tehama,California
Paynes Creek,96075,Tehama,California
Proberta,96078,Tehama,California
Red Bluff,96080,Tehama,California
Tehama,96090,Tehama,California
Vina,96092,Tehama,California
Burnt Ranch,95527,Trinity,California
Mad River,95552,Trinity,California
Zenia,95595,Trinity,California
Big Bar,96010,Trinity,California
Douglas City,96024,Trinity,California
Hayfork,96041,Trinity,California
Hyampom,96046,Trinity,California
Junction City,96048,Trinity,California
Lewiston,96052,Trinity,California
Trinity Center,96091,Trinity,California
Weaverville,96093,Trinity,California
Alpaugh,93201,Tulare,California
California Hot Springs,93207,Tulare,California
Camp Nelson,93208,Tulare,California
Ducor,93218,Tulare,California
Earlimart,93219,Tulare,California
Exeter,93221,Tulare,California
Farmersville,93223,Tulare,California
Goshen,93227,Tulare,California
Ivanhoe,93235,Tulare,California
Kaweah,93237,Tulare,California
Lemon Cove,93244,Tulare,California
Lindsay,93247,Tulare,California
Pixley,93256,Tulare,California
Porterville,93257,Tulare,California
Porterville,93258,Tulare,California
Posey,93260,Tulare,California
Richgrove,93261,Tulare,California
Sequoia National Park,93262,Tulare,California
Springville,93265,Tulare,California
Strathmore,93267,Tulare,California
Terra Bella,93270,Tulare,California
Three Rivers,93271,Tulare,California
Tipton,93272,Tulare,California
Tulare,93274,Tulare,California
Tulare,93275,Tulare,California
Visalia,93277,Tulare,California
Visalia,93278,Tulare,California
Visalia,93279,Tulare,California
Waukena,93282,Tulare,California
Woodlake,93286,Tulare,California
Visalia,93290,Tulare,California
Visalia,93291,Tulare,California
Visalia,93292,Tulare,California
Badger,93603,Tulare,California
Cutler,93615,Tulare,California
Dinuba,93618,Tulare,California
Kings Canyon National Pk,93633,Tulare,California
Orosi,93647,Tulare,California
Sultana,93666,Tulare,California
Yettem,93670,Tulare,California
Traver,93673,Tulare,California
Big Oak Flat,95305,Tuolumne,California
Chinese Camp,95309,Tuolumne,California
Columbia,95310,Tuolumne,California
Pinecrest,95314,Tuolumne,California
Groveland,95321,Tuolumne,California
Jamestown,95327,Tuolumne,California
Long Barn,95335,Tuolumne,California
Mi Wuk Village,95346,Tuolumne,California
Moccasin,95347,Tuolumne,California
Pinecrest,95364,Tuolumne,California
Sonora,95370,Tuolumne,California
Soulsbyville,95372,Tuolumne,California
Standard,95373,Tuolumne,California
Strawberry,95375,Tuolumne,California
Tuolumne,95379,Tuolumne,California
Twain Harte,95383,Tuolumne,California
Newbury Park,91319,Ventura,California
Newbury Park,91320,Ventura,California
Thousand Oaks,91358,Ventura,California
Thousand Oaks,91360,Ventura,California
Westlake Village,91361,Ventura,California
Thousand Oaks,91362,Ventura,California
Oak Park,91377,Ventura,California
Ventura,93001,Ventura,California
Ventura,93002,Ventura,California
Ventura,93003,Ventura,California
Ventura,93004,Ventura,California
Ventura,93005,Ventura,California
Ventura,93006,Ventura,California
Ventura,93007,Ventura,California
Ventura,93009,Ventura,California
Camarillo,93010,Ventura,California
Camarillo,93011,Ventura,California
Camarillo,93012,Ventura,California
Fillmore,93015,Ventura,California
Fillmore,93016,Ventura,California
Moorpark,93020,Ventura,California
Moorpark,93021,Ventura,California
Oak View,93022,Ventura,California
Ojai,93023,Ventura,California
Ojai,93024,Ventura,California
Oxnard,93030,Ventura,California
Oxnard,93031,Ventura,California
Oxnard,93032,Ventura,California
Oxnard,93033,Ventura,California
Oxnard,93034,Ventura,California
Oxnard,93035,Ventura,California
Oxnard,93036,Ventura,California
Piru,93040,Ventura,California
Port Hueneme,93041,Ventura,California
Point Mugu Nawc,93042,Ventura,California
Port Hueneme Cbc Base,93043,Ventura,California
Port Hueneme,93044,Ventura,California
Santa Paula,93060,Ventura,California
Santa Paula,93061,Ventura,California
Simi Valley,93062,Ventura,California
Simi Valley,93063,Ventura,California
Brandeis,93064,Ventura,California
Simi Valley,93065,Ventura,California
Somis,93066,Ventura,California
Simi Valley,93093,Ventura,California
Simi Valley,93094,Ventura,California
Simi Valley,93099,Ventura,California
West Sacramento,95605,Yolo,California
Brooks,95606,Yolo,California
Capay,95607,Yolo,California
Clarksburg,95612,Yolo,California
Davis,95616,Yolo,California
Davis,95617,Yolo,California
Davis,95618,Yolo,California
Esparto,95627,Yolo,California
Guinda,95637,Yolo,California
Madison,95653,Yolo,California
Rumsey,95679,Yolo,California
West Sacramento,95691,Yolo,California
Winters,95694,Yolo,California
Woodland,95695,Yolo,California
Yolo,95697,Yolo,California
Zamora,95698,Yolo,California
Woodland,95776,Yolo,California
West Sacramento,95798,Yolo,California
West Sacramento,95799,Yolo,California
Dunnigan,95937,Yolo,California
Wheatland,95692,Yuba,California
Marysville,95901,Yuba,California
Beale Afb,95903,Yuba,California
Browns Valley,95918,Yuba,California
Brownsville,95919,Yuba,California
Challenge,95925,Yuba,California
Dobbins,95935,Yuba,California
Olivehurst,95961,Yuba,California
Oregon House,95962,Yuba,California
Rackerby,95972,Yuba,California
Smartsville,95977,Yuba,California
